timeStamp,elapsed,label,responseCode,responseMessage,threadName,dataType,success,failureMessage,bytes,sentBytes,grpThreads,allThreads,URL,Latency,IdleTime,Connect
1778791295297,571,HTTP Request,200,OK,Thread Group 1-1,text,true,,231,158,1,1,http://localhost:8079/?token=518499913&user=-1355070315&config=3,564,0,10
1778791295873,519,HTTP Request,200,OK,Thread Group 1-1,text,true,,231,158,2,2,http://localhost:8079/?token=518499913&user=-1355070315&config=3,519,0,0
1778791296251,638,HTTP Request,200,OK,Thread Group 1-2,text,true,,231,158,2,2,http://localhost:8079/?token=518499913&user=-1355070315&config=3,638,0,0
1778791296393,520,HTTP Request,200,OK,Thread Group 1-1,text,true,,231,158,2,2,http://localhost:8079/?token=518499913&user=-1355070315&config=3,520,0,0
1778791296890,531,HTTP Request,200,OK,Thread Group 1-2,text,true,,231,158,3,3,http://localhost:8079/?token=518499913&user=-1355070315&config=3,531,0,0
1778791296914,522,HTTP Request,200,OK,Thread Group 1-1,text,true,,231,158,3,3,http://localhost:8079/?token=518499913&user=-1355070315&config=3,522,0,0
1778791297257,551,HTTP Request,200,OK,Thread Group 1-3,text,true,,231,158,3,3,http://localhost:8079/?token=518499913&user=-1355070315&config=3,551,0,1
1778791297422,523,HTTP Request,200,OK,Thread Group 1-2,text,true,,231,158,3,3,http://localhost:8079/?token=518499913&user=-1355070315&config=3,523,0,0
1778791297437,523,HTTP Request,200,OK,Thread Group 1-1,text,true,,231,158,3,3,http://localhost:8079/?token=518499913&user=-1355070315&config=3,523,0,0
1778791297811,528,HTTP Request,200,OK,Thread Group 1-3,text,true,,231,158,4,4,http://localhost:8079/?token=518499913&user=-1355070315&config=3,528,0,0
1778791297945,528,HTTP Request,200,OK,Thread Group 1-2,text,true,,231,158,4,4,http://localhost:8079/?token=518499913&user=-1355070315&config=3,528,0,0
1778791297961,526,HTTP Request,200,OK,Thread Group 1-1,text,true,,231,158,4,4,http://localhost:8079/?token=518499913&user=-1355070315&config=3,526,0,0
1778791298256,557,HTTP Request,200,OK,Thread Group 1-4,text,true,,231,158,4,4,http://localhost:8079/?token=518499913&user=-1355070315&config=3,556,0,1
1778791298340,526,HTTP Request,200,OK,Thread Group 1-3,text,true,,231,158,4,4,http://localhost:8079/?token=518499913&user=-1355070315&config=3,526,0,0
1778791298475,529,HTTP Request,200,OK,Thread Group 1-2,text,true,,231,158,4,4,http://localhost:8079/?token=518499913&user=-1355070315&config=3,529,0,0
1778791298488,531,HTTP Request,200,OK,Thread Group 1-1,text,true,,231,158,4,4,http://localhost:8079/?token=518499913&user=-1355070315&config=3,531,0,0
1778791298815,531,HTTP Request,200,OK,Thread Group 1-4,text,true,,231,158,5,5,http://localhost:8079/?token=518499913&user=-1355070315&config=3,530,0,0
1778791298867,530,HTTP Request,200,OK,Thread Group 1-3,text,true,,231,158,5,5,http://localhost:8079/?token=518499913&user=-1355070315&config=3,530,0,0
1778791299004,534,HTTP Request,200,OK,Thread Group 1-2,text,true,,231,158,5,5,http://localhost:8079/?token=518499913&user=-1355070315&config=3,534,0,0
1778791299020,533,HTTP Request,200,OK,Thread Group 1-1,text,true,,231,158,5,5,http://localhost:8079/?token=518499913&user=-1355070315&config=3,533,0,0
1778791299256,565,HTTP Request,200,OK,Thread Group 1-5,text,true,,231,158,5,5,http://localhost:8079/?token=518499913&user=-1355070315&config=3,565,0,2
1778791299348,533,HTTP Request,200,OK,Thread Group 1-4,text,true,,231,158,5,5,http://localhost:8079/?token=518499913&user=-1355070315&config=3,533,0,0
1778791299398,632,HTTP Request,200,OK,Thread Group 1-3,text,true,,231,158,5,5,http://localhost:8079/?token=518499913&user=-1355070315&config=3,632,0,0
1778791299539,538,HTTP Request,200,OK,Thread Group 1-2,text,true,,231,158,5,5,http://localhost:8079/?token=518499913&user=-1355070315&config=3,538,0,0
1778791299554,537,HTTP Request,200,OK,Thread Group 1-1,text,true,,231,158,5,5,http://localhost:8079/?token=518499913&user=-1355070315&config=3,537,0,0
1778791299823,538,HTTP Request,200,OK,Thread Group 1-5,text,true,,231,158,6,6,http://localhost:8079/?token=518499913&user=-1355070315&config=3,538,0,0
1778791299885,552,HTTP Request,200,OK,Thread Group 1-4,text,true,,231,158,6,6,http://localhost:8079/?token=518499913&user=-1355070315&config=3,552,0,0
1778791300031,539,HTTP Request,200,OK,Thread Group 1-3,text,true,,231,158,6,6,http://localhost:8079/?token=518499913&user=-1355070315&config=3,539,0,0
1778791300083,546,HTTP Request,200,OK,Thread Group 1-2,text,true,,231,158,6,6,http://localhost:8079/?token=518499913&user=-1355070315&config=3,546,0,0
1778791300092,558,HTTP Request,200,OK,Thread Group 1-1,text,true,,231,158,6,6,http://localhost:8079/?token=518499913&user=-1355070315&config=3,558,0,0
1778791300256,571,HTTP Request,200,OK,Thread Group 1-6,text,true,,231,158,6,6,http://localhost:8079/?token=518499913&user=-1355070315&config=3,571,0,1
1778791300363,542,HTTP Request,200,OK,Thread Group 1-5,text,true,,231,158,6,6,http://localhost:8079/?token=518499913&user=-1355070315&config=3,542,0,0
1778791300438,625,HTTP Request,200,OK,Thread Group 1-4,text,true,,231,158,6,6,http://localhost:8079/?token=518499913&user=-1355070315&config=3,625,0,0
1778791300572,545,HTTP Request,200,OK,Thread Group 1-3,text,true,,231,158,6,6,http://localhost:8079/?token=518499913&user=-1355070315&config=3,545,0,0
1778791300630,548,HTTP Request,200,OK,Thread Group 1-2,text,true,,231,158,6,6,http://localhost:8079/?token=518499913&user=-1355070315&config=3,548,0,0
1778791300651,545,HTTP Request,200,OK,Thread Group 1-1,text,true,,231,158,6,6,http://localhost:8079/?token=518499913&user=-1355070315&config=3,545,0,0
1778791300828,547,HTTP Request,200,OK,Thread Group 1-6,text,true,,231,158,7,7,http://localhost:8079/?token=518499913&user=-1355070315&config=3,547,0,0
1778791300905,549,HTTP Request,200,OK,Thread Group 1-5,text,true,,231,158,7,7,http://localhost:8079/?token=518499913&user=-1355070315&config=3,548,0,0
1778791301064,549,HTTP Request,200,OK,Thread Group 1-4,text,true,,231,158,7,7,http://localhost:8079/?token=518499913&user=-1355070315&config=3,549,0,0
1778791301118,550,HTTP Request,200,OK,Thread Group 1-3,text,true,,231,158,7,7,http://localhost:8079/?token=518499913&user=-1355070315&config=3,550,0,0
1778791301179,551,HTTP Request,200,OK,Thread Group 1-2,text,true,,231,158,7,7,http://localhost:8079/?token=518499913&user=-1355070315&config=3,551,0,0
1778791301196,551,HTTP Request,200,OK,Thread Group 1-1,text,true,,231,158,7,7,http://localhost:8079/?token=518499913&user=-1355070315&config=3,551,0,0
1778791301256,582,HTTP Request,200,OK,Thread Group 1-7,text,true,,231,158,7,7,http://localhost:8079/?token=518499913&user=-1355070315&config=3,582,0,1
1778791301379,553,HTTP Request,200,OK,Thread Group 1-6,text,true,,231,158,7,7,http://localhost:8079/?token=518499913&user=-1355070315&config=3,553,0,0
1778791301455,554,HTTP Request,200,OK,Thread Group 1-5,text,true,,231,158,7,7,http://localhost:8079/?token=518499913&user=-1355070315&config=3,554,0,0
1778791301615,558,HTTP Request,200,OK,Thread Group 1-4,text,true,,231,158,7,7,http://localhost:8079/?token=518499913&user=-1355070315&config=3,558,0,0
1778791301670,567,HTTP Request,200,OK,Thread Group 1-3,text,true,,231,158,7,7,http://localhost:8079/?token=518499913&user=-1355070315&config=3,567,0,0
1778791301733,567,HTTP Request,200,OK,Thread Group 1-2,text,true,,231,158,8,8,http://localhost:8079/?token=518499913&user=-1355070315&config=3,567,0,0
1778791301748,572,HTTP Request,200,OK,Thread Group 1-1,text,true,,231,158,8,8,http://localhost:8079/?token=518499913&user=-1355070315&config=3,572,0,0
1778791301839,559,HTTP Request,200,OK,Thread Group 1-7,text,true,,231,158,8,8,http://localhost:8079/?token=518499913&user=-1355070315&config=3,559,0,0
1778791301933,562,HTTP Request,200,OK,Thread Group 1-6,text,true,,231,158,8,8,http://localhost:8079/?token=518499913&user=-1355070315&config=3,562,0,0
1778791302010,625,HTTP Request,200,OK,Thread Group 1-5,text,true,,231,158,8,8,http://localhost:8079/?token=518499913&user=-1355070315&config=3,625,0,0
1778791302174,574,HTTP Request,200,OK,Thread Group 1-4,text,true,,231,158,8,8,http://localhost:8079/?token=518499913&user=-1355070315&config=3,573,0,0
1778791302239,561,HTTP Request,200,OK,Thread Group 1-3,text,true,,231,158,8,8,http://localhost:8079/?token=518499913&user=-1355070315&config=3,561,0,0
1778791302249,598,HTTP Request,200,OK,Thread Group 1-8,text,true,,231,158,8,8,http://localhost:8079/?token=518499913&user=-1355070315&config=3,598,0,1
1778791302303,570,HTTP Request,200,OK,Thread Group 1-2,text,true,,231,158,8,8,http://localhost:8079/?token=518499913&user=-1355070315&config=3,570,0,0
1778791302321,580,HTTP Request,200,OK,Thread Group 1-1,text,true,,231,158,8,8,http://localhost:8079/?token=518499913&user=-1355070315&config=3,580,0,0
1778791302399,567,HTTP Request,200,OK,Thread Group 1-7,text,true,,231,158,8,8,http://localhost:8079/?token=518499913&user=-1355070315&config=3,567,0,0
1778791302497,567,HTTP Request,200,OK,Thread Group 1-6,text,true,,231,158,8,8,http://localhost:8079/?token=518499913&user=-1355070315&config=3,567,0,0
1778791302637,576,HTTP Request,200,OK,Thread Group 1-5,text,true,,231,158,8,8,http://localhost:8079/?token=518499913&user=-1355070315&config=3,576,0,0
1778791302750,571,HTTP Request,200,OK,Thread Group 1-4,text,true,,231,158,9,9,http://localhost:8079/?token=518499913&user=-1355070315&config=3,570,0,0
1778791302800,570,HTTP Request,200,OK,Thread Group 1-3,text,true,,231,158,9,9,http://localhost:8079/?token=518499913&user=-1355070315&config=3,570,0,0
1778791302847,571,HTTP Request,200,OK,Thread Group 1-8,text,true,,231,158,9,9,http://localhost:8079/?token=518499913&user=-1355070315&config=3,571,0,0
1778791302873,572,HTTP Request,200,OK,Thread Group 1-2,text,true,,231,158,9,9,http://localhost:8079/?token=518499913&user=-1355070315&config=3,572,0,0
1778791302901,572,HTTP Request,200,OK,Thread Group 1-1,text,true,,231,158,9,9,http://localhost:8079/?token=518499913&user=-1355070315&config=3,572,0,0
1778791302967,573,HTTP Request,200,OK,Thread Group 1-7,text,true,,231,158,9,9,http://localhost:8079/?token=518499913&user=-1355070315&config=3,573,0,0
1778791303065,620,HTTP Request,200,OK,Thread Group 1-6,text,true,,231,158,9,9,http://localhost:8079/?token=518499913&user=-1355070315&config=3,619,0,0
1778791303215,584,HTTP Request,200,OK,Thread Group 1-5,text,true,,231,158,9,9,http://localhost:8079/?token=518499913&user=-1355070315&config=3,583,0,0
1778791303253,610,HTTP Request,200,OK,Thread Group 1-9,text,true,,231,158,9,9,http://localhost:8079/?token=518499913&user=-1355070315&config=3,610,0,2
1778791303328,578,HTTP Request,200,OK,Thread Group 1-4,text,true,,231,158,9,9,http://localhost:8079/?token=518499913&user=-1355070315&config=3,578,0,0
1778791303373,590,HTTP Request,200,OK,Thread Group 1-3,text,true,,231,158,9,9,http://localhost:8079/?token=518499913&user=-1355070315&config=3,590,0,0
1778791303419,581,HTTP Request,200,OK,Thread Group 1-8,text,true,,231,158,9,9,http://localhost:8079/?token=518499913&user=-1355070315&config=3,581,0,0
1778791303446,585,HTTP Request,200,OK,Thread Group 1-2,text,true,,231,158,9,9,http://localhost:8079/?token=518499913&user=-1355070315&config=3,583,0,0
1778791303474,596,HTTP Request,200,OK,Thread Group 1-1,text,true,,231,158,9,9,http://localhost:8079/?token=518499913&user=-1355070315&config=3,595,0,0
1778791303541,668,HTTP Request,200,OK,Thread Group 1-7,text,true,,231,158,9,9,http://localhost:8079/?token=518499913&user=-1355070315&config=3,668,0,0
1778791303687,596,HTTP Request,200,OK,Thread Group 1-6,text,true,,231,158,10,10,http://localhost:8079/?token=518499913&user=-1355070315&config=3,596,0,0
1778791303801,590,HTTP Request,200,OK,Thread Group 1-5,text,true,,231,158,10,10,http://localhost:8079/?token=518499913&user=-1355070315&config=3,590,0,0
1778791303865,591,HTTP Request,200,OK,Thread Group 1-9,text,true,,231,158,10,10,http://localhost:8079/?token=518499913&user=-1355070315&config=3,591,0,0
1778791303907,588,HTTP Request,200,OK,Thread Group 1-4,text,true,,231,158,10,10,http://localhost:8079/?token=518499913&user=-1355070315&config=3,588,0,0
1778791303964,590,HTTP Request,200,OK,Thread Group 1-3,text,true,,231,158,10,10,http://localhost:8079/?token=518499913&user=-1355070315&config=3,590,0,0
1778791304002,592,HTTP Request,200,OK,Thread Group 1-8,text,true,,231,158,10,10,http://localhost:8079/?token=518499913&user=-1355070315&config=3,592,0,0
1778791304032,595,HTTP Request,200,OK,Thread Group 1-2,text,true,,231,158,10,10,http://localhost:8079/?token=518499913&user=-1355070315&config=3,594,0,0
1778791304071,664,HTTP Request,200,OK,Thread Group 1-1,text,true,,231,158,10,10,http://localhost:8079/?token=518499913&user=-1355070315&config=3,664,0,0
1778791304211,597,HTTP Request,200,OK,Thread Group 1-7,text,true,,231,158,10,10,http://localhost:8079/?token=518499913&user=-1355070315&config=3,597,0,0
1778791304284,598,HTTP Request,200,OK,Thread Group 1-6,text,true,,231,158,10,10,http://localhost:8079/?token=518499913&user=-1355070315&config=3,598,0,0
1778791304253,649,HTTP Request,200,OK,Thread Group 1-10,text,true,,231,158,10,10,http://localhost:8079/?token=518499913&user=-1355070315&config=3,649,0,3
1778791304393,600,HTTP Request,200,OK,Thread Group 1-5,text,true,,231,158,10,10,http://localhost:8079/?token=518499913&user=-1355070315&config=3,600,0,0
1778791304458,608,HTTP Request,200,OK,Thread Group 1-9,text,true,,231,158,10,10,http://localhost:8079/?token=518499913&user=-1355070315&config=3,608,0,0
1778791304496,600,HTTP Request,200,OK,Thread Group 1-4,text,true,,231,158,10,10,http://localhost:8079/?token=518499913&user=-1355070315&config=3,600,0,0
1778791304555,603,HTTP Request,200,OK,Thread Group 1-3,text,true,,231,158,10,10,http://localhost:8079/?token=518499913&user=-1355070315&config=3,602,0,0
1778791304595,664,HTTP Request,200,OK,Thread Group 1-8,text,true,,231,158,11,11,http://localhost:8079/?token=518499913&user=-1355070315&config=3,664,0,0
1778791304628,644,HTTP Request,200,OK,Thread Group 1-2,text,true,,231,158,11,11,http://localhost:8079/?token=518499913&user=-1355070315&config=3,644,0,0
1778791304740,612,HTTP Request,200,OK,Thread Group 1-1,text,true,,231,158,11,11,http://localhost:8079/?token=518499913&user=-1355070315&config=3,611,0,0
1778791304810,607,HTTP Request,200,OK,Thread Group 1-7,text,true,,231,158,11,11,http://localhost:8079/?token=518499913&user=-1355070315&config=3,607,0,0
1778791304884,625,HTTP Request,200,OK,Thread Group 1-6,text,true,,231,158,11,11,http://localhost:8079/?token=518499913&user=-1355070315&config=3,625,0,0
1778791304902,623,HTTP Request,200,OK,Thread Group 1-10,text,true,,231,158,11,11,http://localhost:8079/?token=518499913&user=-1355070315&config=3,623,0,0
1778791304994,614,HTTP Request,200,OK,Thread Group 1-5,text,true,,231,158,11,11,http://localhost:8079/?token=518499913&user=-1355070315&config=3,613,0,0
1778791305068,623,HTTP Request,200,OK,Thread Group 1-9,text,true,,231,158,11,11,http://localhost:8079/?token=518499913&user=-1355070315&config=3,623,0,0
1778791305097,685,HTTP Request,200,OK,Thread Group 1-4,text,true,,231,158,11,11,http://localhost:8079/?token=518499913&user=-1355070315&config=3,684,0,0
1778791305159,637,HTTP Request,200,OK,Thread Group 1-3,text,true,,231,158,11,11,http://localhost:8079/?token=518499913&user=-1355070315&config=3,637,0,0
1778791305260,643,HTTP Request,200,OK,Thread Group 1-8,text,true,,231,158,11,11,http://localhost:8079/?token=518499913&user=-1355070315&config=3,643,0,0
1778791305273,631,HTTP Request,200,OK,Thread Group 1-2,text,true,,231,158,11,11,http://localhost:8079/?token=518499913&user=-1355070315&config=3,631,0,0
1778791305253,664,HTTP Request,200,OK,Thread Group 1-11,text,true,,231,158,11,11,http://localhost:8079/?token=518499913&user=-1355070315&config=3,664,0,5
1778791305358,623,HTTP Request,200,OK,Thread Group 1-1,text,true,,231,158,11,11,http://localhost:8079/?token=518499913&user=-1355070315&config=3,622,0,0
1778791305418,629,HTTP Request,200,OK,Thread Group 1-7,text,true,,231,158,11,11,http://localhost:8079/?token=518499913&user=-1355070315&config=3,629,0,0
1778791305510,624,HTTP Request,200,OK,Thread Group 1-6,text,true,,231,158,11,11,http://localhost:8079/?token=518499913&user=-1355070315&config=3,623,0,0
1778791305526,625,HTTP Request,200,OK,Thread Group 1-10,text,true,,231,158,11,11,http://localhost:8079/?token=518499913&user=-1355070315&config=3,625,0,0
1778791305609,699,HTTP Request,200,OK,Thread Group 1-5,text,true,,231,158,12,12,http://localhost:8079/?token=518499913&user=-1355070315&config=3,699,0,0
1778791305693,720,HTTP Request,200,OK,Thread Group 1-9,text,true,,231,158,12,12,http://localhost:8079/?token=518499913&user=-1355070315&config=3,720,0,0
1778791305784,635,HTTP Request,200,OK,Thread Group 1-4,text,true,,231,158,12,12,http://localhost:8079/?token=518499913&user=-1355070315&config=3,635,0,0
1778791305797,637,HTTP Request,200,OK,Thread Group 1-3,text,true,,231,158,12,12,http://localhost:8079/?token=518499913&user=-1355070315&config=3,637,0,0
1778791305905,629,HTTP Request,200,OK,Thread Group 1-8,text,true,,231,158,12,12,http://localhost:8079/?token=518499913&user=-1355070315&config=3,629,0,0
1778791305905,644,HTTP Request,200,OK,Thread Group 1-2,text,true,,231,158,12,12,http://localhost:8079/?token=518499913&user=-1355070315&config=3,643,0,0
1778791305917,647,HTTP Request,200,OK,Thread Group 1-11,text,true,,231,158,12,12,http://localhost:8079/?token=518499913&user=-1355070315&config=3,646,0,0
1778791305981,634,HTTP Request,200,OK,Thread Group 1-1,text,true,,231,158,12,12,http://localhost:8079/?token=518499913&user=-1355070315&config=3,634,0,0
1778791306047,638,HTTP Request,200,OK,Thread Group 1-7,text,true,,231,158,12,12,http://localhost:8079/?token=518499913&user=-1355070315&config=3,638,0,0
1778791306135,695,HTTP Request,200,OK,Thread Group 1-6,text,true,,231,158,12,12,http://localhost:8079/?token=518499913&user=-1355070315&config=3,695,0,0
1778791306152,692,HTTP Request,200,OK,Thread Group 1-10,text,true,,231,158,12,12,http://localhost:8079/?token=518499913&user=-1355070315&config=3,692,0,0
1778791306313,640,HTTP Request,200,OK,Thread Group 1-5,text,true,,231,158,12,12,http://localhost:8079/?token=518499913&user=-1355070315&config=3,640,0,0
1778791306250,725,HTTP Request,200,OK,Thread Group 1-12,text,true,,231,158,12,12,http://localhost:8079/?token=518499913&user=-1355070315&config=3,725,0,2
1778791306414,639,HTTP Request,200,OK,Thread Group 1-9,text,true,,231,158,12,12,http://localhost:8079/?token=518499913&user=-1355070315&config=3,639,0,0
1778791306419,648,HTTP Request,200,OK,Thread Group 1-4,text,true,,231,158,12,12,http://localhost:8079/?token=518499913&user=-1355070315&config=3,648,0,0
1778791306435,647,HTTP Request,200,OK,Thread Group 1-3,text,true,,231,158,12,12,http://localhost:8079/?token=518499913&user=-1355070315&config=3,647,0,0
1778791306536,645,HTTP Request,200,OK,Thread Group 1-8,text,true,,231,158,12,12,http://localhost:8079/?token=518499913&user=-1355070315&config=3,645,0,0
1778791306549,646,HTTP Request,200,OK,Thread Group 1-2,text,true,,231,158,12,12,http://localhost:8079/?token=518499913&user=-1355070315&config=3,645,0,0
1778791306565,651,HTTP Request,200,OK,Thread Group 1-11,text,true,,231,158,12,12,http://localhost:8079/?token=518499913&user=-1355070315&config=3,651,0,0
1778791306616,748,HTTP Request,200,OK,Thread Group 1-1,text,true,,231,158,13,13,http://localhost:8079/?token=518499913&user=-1355070315&config=3,748,0,0
1778791306687,687,HTTP Request,200,OK,Thread Group 1-7,text,true,,231,158,13,13,http://localhost:8079/?token=518499913&user=-1355070315&config=3,687,0,0
1778791306832,655,HTTP Request,200,OK,Thread Group 1-6,text,true,,231,158,13,13,http://localhost:8079/?token=518499913&user=-1355070315&config=3,655,0,0
1778791306849,653,HTTP Request,200,OK,Thread Group 1-10,text,true,,231,158,13,13,http://localhost:8079/?token=518499913&user=-1355070315&config=3,653,0,0
1778791306953,653,HTTP Request,200,OK,Thread Group 1-5,text,true,,231,158,13,13,http://localhost:8079/?token=518499913&user=-1355070315&config=3,653,0,0
1778791306976,653,HTTP Request,200,OK,Thread Group 1-12,text,true,,231,158,13,13,http://localhost:8079/?token=518499913&user=-1355070315&config=3,653,0,0
1778791307055,656,HTTP Request,200,OK,Thread Group 1-9,text,true,,231,158,13,13,http://localhost:8079/?token=518499913&user=-1355070315&config=3,656,0,0
1778791307068,658,HTTP Request,200,OK,Thread Group 1-4,text,true,,231,158,13,13,http://localhost:8079/?token=518499913&user=-1355070315&config=3,658,0,0
1778791307084,659,HTTP Request,200,OK,Thread Group 1-3,text,true,,231,158,13,13,http://localhost:8079/?token=518499913&user=-1355070315&config=3,659,0,0
1778791307183,694,HTTP Request,200,OK,Thread Group 1-8,text,true,,231,158,13,13,http://localhost:8079/?token=518499913&user=-1355070315&config=3,694,0,0
1778791307217,686,HTTP Request,200,OK,Thread Group 1-11,text,true,,231,158,13,13,http://localhost:8079/?token=518499913&user=-1355070315&config=3,686,0,0
1778791307195,708,HTTP Request,200,OK,Thread Group 1-2,text,true,,231,158,13,13,http://localhost:8079/?token=518499913&user=-1355070315&config=3,708,0,0
1778791307254,770,HTTP Request,200,OK,Thread Group 1-13,text,true,,231,158,13,13,http://localhost:8079/?token=518499913&user=-1355070315&config=3,769,0,2
1778791307369,668,HTTP Request,200,OK,Thread Group 1-1,text,true,,231,158,13,13,http://localhost:8079/?token=518499913&user=-1355070315&config=3,668,0,0
1778791307375,680,HTTP Request,200,OK,Thread Group 1-7,text,true,,231,158,13,13,http://localhost:8079/?token=518499913&user=-1355070315&config=3,680,0,0
1778791307490,667,HTTP Request,200,OK,Thread Group 1-6,text,true,,231,158,13,13,http://localhost:8079/?token=518499913&user=-1355070315&config=3,666,0,0
1778791307502,670,HTTP Request,200,OK,Thread Group 1-10,text,true,,231,158,13,13,http://localhost:8079/?token=518499913&user=-1355070315&config=3,670,0,0
1778791307608,676,HTTP Request,200,OK,Thread Group 1-5,text,true,,231,158,14,14,http://localhost:8079/?token=518499913&user=-1355070315&config=3,675,0,0
1778791307630,772,HTTP Request,200,OK,Thread Group 1-12,text,true,,231,158,14,14,http://localhost:8079/?token=518499913&user=-1355070315&config=3,772,0,0
1778791307727,694,HTTP Request,200,OK,Thread Group 1-4,text,true,,231,158,14,14,http://localhost:8079/?token=518499913&user=-1355070315&config=3,694,0,0
1778791307714,707,HTTP Request,200,OK,Thread Group 1-9,text,true,,231,158,14,14,http://localhost:8079/?token=518499913&user=-1355070315&config=3,707,0,0
1778791307744,689,HTTP Request,200,OK,Thread Group 1-3,text,true,,231,158,14,14,http://localhost:8079/?token=518499913&user=-1355070315&config=3,689,0,0
1778791307903,675,HTTP Request,200,OK,Thread Group 1-2,text,true,,231,158,14,14,http://localhost:8079/?token=518499913&user=-1355070315&config=3,675,0,0
1778791307879,714,HTTP Request,200,OK,Thread Group 1-8,text,true,,231,158,14,14,http://localhost:8079/?token=518499913&user=-1355070315&config=3,714,0,0
1778791307904,689,HTTP Request,200,OK,Thread Group 1-11,text,true,,231,158,14,14,http://localhost:8079/?token=518499913&user=-1355070315&config=3,689,0,0
1778791308026,679,HTTP Request,200,OK,Thread Group 1-13,text,true,,231,158,14,14,http://localhost:8079/?token=518499913&user=-1355070315&config=3,679,0,0
1778791308038,688,HTTP Request,200,OK,Thread Group 1-1,text,true,,231,158,14,14,http://localhost:8079/?token=518499913&user=-1355070315&config=3,688,0,0
1778791308056,683,HTTP Request,200,OK,Thread Group 1-7,text,true,,231,158,14,14,http://localhost:8079/?token=518499913&user=-1355070315&config=3,683,0,0
1778791308158,768,HTTP Request,200,OK,Thread Group 1-6,text,true,,231,158,14,14,http://localhost:8079/?token=518499913&user=-1355070315&config=3,768,0,0
1778791308173,767,HTTP Request,200,OK,Thread Group 1-10,text,true,,231,158,14,14,http://localhost:8079/?token=518499913&user=-1355070315&config=3,767,0,0
1778791308289,683,HTTP Request,200,OK,Thread Group 1-5,text,true,,231,158,14,14,http://localhost:8079/?token=518499913&user=-1355070315&config=3,683,0,0
1778791308254,733,HTTP Request,200,OK,Thread Group 1-14,text,true,,231,158,14,14,http://localhost:8079/?token=518499913&user=-1355070315&config=3,733,0,3
1778791308421,687,HTTP Request,200,OK,Thread Group 1-4,text,true,,231,158,14,14,http://localhost:8079/?token=518499913&user=-1355070315&config=3,687,0,0
1778791308434,689,HTTP Request,200,OK,Thread Group 1-3,text,true,,231,158,14,14,http://localhost:8079/?token=518499913&user=-1355070315&config=3,689,0,0
1778791308421,702,HTTP Request,200,OK,Thread Group 1-9,text,true,,231,158,14,14,http://localhost:8079/?token=518499913&user=-1355070315&config=3,702,0,0
1778791308419,705,HTTP Request,200,OK,Thread Group 1-12,text,true,,231,158,14,14,http://localhost:8079/?token=518499913&user=-1355070315&config=3,705,0,0
1778791308580,694,HTTP Request,200,OK,Thread Group 1-2,text,true,,231,158,15,15,http://localhost:8079/?token=518499913&user=-1355070315&config=3,694,0,0
1778791308593,694,HTTP Request,200,OK,Thread Group 1-11,text,true,,231,158,15,15,http://localhost:8079/?token=518499913&user=-1355070315&config=3,694,0,0
1778791308593,694,HTTP Request,200,OK,Thread Group 1-8,text,true,,231,158,15,15,http://localhost:8079/?token=518499913&user=-1355070315&config=3,694,0,0
1778791308707,743,HTTP Request,200,OK,Thread Group 1-13,text,true,,231,158,15,15,http://localhost:8079/?token=518499913&user=-1355070315&config=3,743,0,0
1778791308740,726,HTTP Request,200,OK,Thread Group 1-7,text,true,,231,158,15,15,http://localhost:8079/?token=518499913&user=-1355070315&config=3,726,0,0
1778791308726,740,HTTP Request,200,OK,Thread Group 1-1,text,true,,231,158,15,15,http://localhost:8079/?token=518499913&user=-1355070315&config=3,739,0,0
1778791308926,700,HTTP Request,200,OK,Thread Group 1-6,text,true,,231,158,15,15,http://localhost:8079/?token=518499913&user=-1355070315&config=3,700,0,0
1778791308941,698,HTTP Request,200,OK,Thread Group 1-10,text,true,,231,158,15,15,http://localhost:8079/?token=518499913&user=-1355070315&config=3,698,0,0
1778791308973,701,HTTP Request,200,OK,Thread Group 1-5,text,true,,231,158,15,15,http://localhost:8079/?token=518499913&user=-1355070315&config=3,701,0,0
1778791308987,704,HTTP Request,200,OK,Thread Group 1-14,text,true,,231,158,15,15,http://localhost:8079/?token=518499913&user=-1355070315&config=3,704,0,0
1778791309109,700,HTTP Request,200,OK,Thread Group 1-4,text,true,,231,158,15,15,http://localhost:8079/?token=518499913&user=-1355070315&config=3,700,0,0
1778791309124,701,HTTP Request,200,OK,Thread Group 1-3,text,true,,231,158,15,15,http://localhost:8079/?token=518499913&user=-1355070315&config=3,701,0,0
1778791309124,716,HTTP Request,200,OK,Thread Group 1-9,text,true,,231,158,15,15,http://localhost:8079/?token=518499913&user=-1355070315&config=3,716,0,0
1778791309124,716,HTTP Request,200,OK,Thread Group 1-12,text,true,,231,158,15,15,http://localhost:8079/?token=518499913&user=-1355070315&config=3,716,0,0
1778791309274,708,HTTP Request,200,OK,Thread Group 1-2,text,true,,231,158,15,15,http://localhost:8079/?token=518499913&user=-1355070315&config=3,708,0,0
1778791309247,748,HTTP Request,200,OK,Thread Group 1-15,text,true,,231,158,15,15,http://localhost:8079/?token=518499913&user=-1355070315&config=3,748,0,0
1778791309287,724,HTTP Request,200,OK,Thread Group 1-11,text,true,,231,158,15,15,http://localhost:8079/?token=518499913&user=-1355070315&config=3,724,0,0
1778791309288,723,HTTP Request,200,OK,Thread Group 1-8,text,true,,231,158,15,15,http://localhost:8079/?token=518499913&user=-1355070315&config=3,723,0,0
1778791309451,714,HTTP Request,200,OK,Thread Group 1-13,text,true,,231,158,15,15,http://localhost:8079/?token=518499913&user=-1355070315&config=3,714,0,0
1778791309466,715,HTTP Request,200,OK,Thread Group 1-7,text,true,,231,158,15,15,http://localhost:8079/?token=518499913&user=-1355070315&config=3,715,0,0
1778791309466,730,HTTP Request,200,OK,Thread Group 1-1,text,true,,231,158,15,15,http://localhost:8079/?token=518499913&user=-1355070315&config=3,730,0,0
1778791309629,714,HTTP Request,200,OK,Thread Group 1-6,text,true,,231,158,16,16,http://localhost:8079/?token=518499913&user=-1355070315&config=3,713,0,0
1778791309639,717,HTTP Request,200,OK,Thread Group 1-10,text,true,,231,158,16,16,http://localhost:8079/?token=518499913&user=-1355070315&config=3,717,0,0
1778791309675,720,HTTP Request,200,OK,Thread Group 1-5,text,true,,231,158,16,16,http://localhost:8079/?token=518499913&user=-1355070315&config=3,718,0,0
1778791309691,719,HTTP Request,200,OK,Thread Group 1-14,text,true,,231,158,16,16,http://localhost:8079/?token=518499913&user=-1355070315&config=3,719,0,0
1778791309810,721,HTTP Request,200,OK,Thread Group 1-4,text,true,,231,158,16,16,http://localhost:8079/?token=518499913&user=-1355070315&config=3,720,0,0
1778791309826,719,HTTP Request,200,OK,Thread Group 1-3,text,true,,231,158,16,16,http://localhost:8079/?token=518499913&user=-1355070315&config=3,719,0,0
1778791309840,724,HTTP Request,200,OK,Thread Group 1-9,text,true,,231,158,16,16,http://localhost:8079/?token=518499913&user=-1355070315&config=3,724,0,0
1778791309840,736,HTTP Request,200,OK,Thread Group 1-12,text,true,,231,158,16,16,http://localhost:8079/?token=518499913&user=-1355070315&config=3,736,0,0
1778791309984,728,HTTP Request,200,OK,Thread Group 1-2,text,true,,231,158,16,16,http://localhost:8079/?token=518499913&user=-1355070315&config=3,728,0,0
1778791309998,736,HTTP Request,200,OK,Thread Group 1-15,text,true,,231,158,16,16,http://localhost:8079/?token=518499913&user=-1355070315&config=3,736,0,0
1778791310012,738,HTTP Request,200,OK,Thread Group 1-8,text,true,,231,158,16,16,http://localhost:8079/?token=518499913&user=-1355070315&config=3,738,0,0
1778791310013,737,HTTP Request,200,OK,Thread Group 1-11,text,true,,231,158,16,16,http://localhost:8079/?token=518499913&user=-1355070315&config=3,737,0,0
1778791310167,731,HTTP Request,200,OK,Thread Group 1-13,text,true,,231,158,16,16,http://localhost:8079/?token=518499913&user=-1355070315&config=3,731,0,0
1778791310182,731,HTTP Request,200,OK,Thread Group 1-7,text,true,,231,158,16,16,http://localhost:8079/?token=518499913&user=-1355070315&config=3,731,0,0
1778791310196,733,HTTP Request,200,OK,Thread Group 1-1,text,true,,231,158,16,16,http://localhost:8079/?token=518499913&user=-1355070315&config=3,733,0,0
1778791310255,776,HTTP Request,200,OK,Thread Group 1-16,text,true,,231,158,16,16,http://localhost:8079/?token=518499913&user=-1355070315&config=3,776,0,3
1778791310345,737,HTTP Request,200,OK,Thread Group 1-6,text,true,,231,158,16,16,http://localhost:8079/?token=518499913&user=-1355070315&config=3,737,0,0
1778791310358,740,HTTP Request,200,OK,Thread Group 1-10,text,true,,231,158,16,16,http://localhost:8079/?token=518499913&user=-1355070315&config=3,740,0,0
1778791310398,735,HTTP Request,200,OK,Thread Group 1-5,text,true,,231,158,16,16,http://localhost:8079/?token=518499913&user=-1355070315&config=3,735,0,0
1778791310412,827,HTTP Request,200,OK,Thread Group 1-14,text,true,,231,158,16,16,http://localhost:8079/?token=518499913&user=-1355070315&config=3,827,0,0
1778791310533,743,HTTP Request,200,OK,Thread Group 1-4,text,true,,231,158,17,17,http://localhost:8079/?token=518499913&user=-1355070315&config=3,743,0,0
1778791310548,742,HTTP Request,200,OK,Thread Group 1-3,text,true,,231,158,17,17,http://localhost:8079/?token=518499913&user=-1355070315&config=3,742,0,0
1778791310565,743,HTTP Request,200,OK,Thread Group 1-9,text,true,,231,158,17,17,http://localhost:8079/?token=518499913&user=-1355070315&config=3,743,0,0
1778791310579,746,HTTP Request,200,OK,Thread Group 1-12,text,true,,231,158,17,17,http://localhost:8079/?token=518499913&user=-1355070315&config=3,746,0,0
1778791310716,837,HTTP Request,200,OK,Thread Group 1-2,text,true,,231,158,17,17,http://localhost:8079/?token=518499913&user=-1355070315&config=3,837,0,0
1778791310752,813,HTTP Request,200,OK,Thread Group 1-8,text,true,,231,158,17,17,http://localhost:8079/?token=518499913&user=-1355070315&config=3,813,0,0
1778791310753,814,HTTP Request,200,OK,Thread Group 1-11,text,true,,231,158,17,17,http://localhost:8079/?token=518499913&user=-1355070315&config=3,814,0,0
1778791310736,831,HTTP Request,200,OK,Thread Group 1-15,text,true,,231,158,17,17,http://localhost:8079/?token=518499913&user=-1355070315&config=3,831,0,0
1778791310900,747,HTTP Request,200,OK,Thread Group 1-13,text,true,,231,158,17,17,http://localhost:8079/?token=518499913&user=-1355070315&config=3,747,0,0
1778791310915,749,HTTP Request,200,OK,Thread Group 1-7,text,true,,231,158,17,17,http://localhost:8079/?token=518499913&user=-1355070315&config=3,749,0,0
1778791310933,839,HTTP Request,200,OK,Thread Group 1-1,text,true,,231,158,17,17,http://localhost:8079/?token=518499913&user=-1355070315&config=3,838,0,0
1778791311033,753,HTTP Request,200,OK,Thread Group 1-16,text,true,,231,158,17,17,http://localhost:8079/?token=518499913&user=-1355070315&config=3,753,0,0
1778791311085,753,HTTP Request,200,OK,Thread Group 1-6,text,true,,231,158,17,17,http://localhost:8079/?token=518499913&user=-1355070315&config=3,752,0,0
1778791311099,755,HTTP Request,200,OK,Thread Group 1-10,text,true,,231,158,17,17,http://localhost:8079/?token=518499913&user=-1355070315&config=3,755,0,0
1778791311133,767,HTTP Request,200,OK,Thread Group 1-5,text,true,,231,158,17,17,http://localhost:8079/?token=518499913&user=-1355070315&config=3,767,0,0
1778791311241,834,HTTP Request,200,OK,Thread Group 1-14,text,true,,231,158,17,17,http://localhost:8079/?token=518499913&user=-1355070315&config=3,834,0,0
1778791311278,813,HTTP Request,200,OK,Thread Group 1-4,text,true,,231,158,17,17,http://localhost:8079/?token=518499913&user=-1355070315&config=3,813,0,0
1778791311291,801,HTTP Request,200,OK,Thread Group 1-3,text,true,,231,158,17,17,http://localhost:8079/?token=518499913&user=-1355070315&config=3,801,0,0
1778791311325,769,HTTP Request,200,OK,Thread Group 1-12,text,true,,231,158,17,17,http://localhost:8079/?token=518499913&user=-1355070315&config=3,769,0,0
1778791311309,785,HTTP Request,200,OK,Thread Group 1-9,text,true,,231,158,17,17,http://localhost:8079/?token=518499913&user=-1355070315&config=3,785,0,0
1778791311249,846,HTTP Request,200,OK,Thread Group 1-17,text,true,,231,158,17,17,http://localhost:8079/?token=518499913&user=-1355070315&config=3,846,0,1
1778791311556,761,HTTP Request,200,OK,Thread Group 1-2,text,true,,231,158,18,18,http://localhost:8079/?token=518499913&user=-1355070315&config=3,761,0,0
1778791311568,762,HTTP Request,200,OK,Thread Group 1-15,text,true,,231,158,18,18,http://localhost:8079/?token=518499913&user=-1355070315&config=3,762,0,0
1778791311566,764,HTTP Request,200,OK,Thread Group 1-8,text,true,,231,158,18,18,http://localhost:8079/?token=518499913&user=-1355070315&config=3,764,0,0
1778791311569,775,HTTP Request,200,OK,Thread Group 1-11,text,true,,231,158,18,18,http://localhost:8079/?token=518499913&user=-1355070315&config=3,775,0,0
1778791311649,778,HTTP Request,200,OK,Thread Group 1-13,text,true,,231,158,18,18,http://localhost:8079/?token=518499913&user=-1355070315&config=3,778,0,0
1778791311666,765,HTTP Request,200,OK,Thread Group 1-7,text,true,,231,158,18,18,http://localhost:8079/?token=518499913&user=-1355070315&config=3,765,0,0
1778791311773,825,HTTP Request,200,OK,Thread Group 1-1,text,true,,231,158,18,18,http://localhost:8079/?token=518499913&user=-1355070315&config=3,825,0,0
1778791311838,773,HTTP Request,200,OK,Thread Group 1-6,text,true,,231,158,18,18,http://localhost:8079/?token=518499913&user=-1355070315&config=3,773,0,0
1778791311787,824,HTTP Request,200,OK,Thread Group 1-16,text,true,,231,158,18,18,http://localhost:8079/?token=518499913&user=-1355070315&config=3,824,0,0
1778791311855,771,HTTP Request,200,OK,Thread Group 1-10,text,true,,231,158,18,18,http://localhost:8079/?token=518499913&user=-1355070315&config=3,771,0,0
1778791311901,769,HTTP Request,200,OK,Thread Group 1-5,text,true,,231,158,18,18,http://localhost:8079/?token=518499913&user=-1355070315&config=3,769,0,0
1778791312078,772,HTTP Request,200,OK,Thread Group 1-14,text,true,,231,158,18,18,http://localhost:8079/?token=518499913&user=-1355070315&config=3,771,0,0
1778791312095,773,HTTP Request,200,OK,Thread Group 1-17,text,true,,231,158,18,18,http://localhost:8079/?token=518499913&user=-1355070315&config=3,773,0,0
1778791312092,791,HTTP Request,200,OK,Thread Group 1-3,text,true,,231,158,18,18,http://localhost:8079/?token=518499913&user=-1355070315&config=3,791,0,0
1778791312092,791,HTTP Request,200,OK,Thread Group 1-4,text,true,,231,158,18,18,http://localhost:8079/?token=518499913&user=-1355070315&config=3,791,0,0
1778791312094,791,HTTP Request,200,OK,Thread Group 1-9,text,true,,231,158,18,18,http://localhost:8079/?token=518499913&user=-1355070315&config=3,791,0,0
1778791312094,812,HTTP Request,200,OK,Thread Group 1-12,text,true,,231,158,18,18,http://localhost:8079/?token=518499913&user=-1355070315&config=3,812,0,0
1778791312259,865,HTTP Request,200,OK,Thread Group 1-18,text,true,,231,158,18,18,http://localhost:8079/?token=518499913&user=-1355070315&config=3,865,0,3
1778791312345,792,HTTP Request,200,OK,Thread Group 1-11,text,true,,231,158,18,18,http://localhost:8079/?token=518499913&user=-1355070315&config=3,792,0,0
1778791312319,818,HTTP Request,200,OK,Thread Group 1-2,text,true,,231,158,18,18,http://localhost:8079/?token=518499913&user=-1355070315&config=3,818,0,0
1778791312331,806,HTTP Request,200,OK,Thread Group 1-15,text,true,,231,158,18,18,http://localhost:8079/?token=518499913&user=-1355070315&config=3,806,0,0
1778791312331,806,HTTP Request,200,OK,Thread Group 1-8,text,true,,231,158,18,18,http://localhost:8079/?token=518499913&user=-1355070315&config=3,806,0,0
1778791312427,781,HTTP Request,200,OK,Thread Group 1-13,text,true,,231,158,18,18,http://localhost:8079/?token=518499913&user=-1355070315&config=3,781,0,0
1778791312431,800,HTTP Request,200,OK,Thread Group 1-7,text,true,,231,158,18,18,http://localhost:8079/?token=518499913&user=-1355070315&config=3,800,0,0
1778791312600,789,HTTP Request,200,OK,Thread Group 1-1,text,true,,231,158,19,19,http://localhost:8079/?token=518499913&user=-1355070315&config=3,789,0,0
1778791312612,791,HTTP Request,200,OK,Thread Group 1-16,text,true,,231,158,19,19,http://localhost:8079/?token=518499913&user=-1355070315&config=3,791,0,0
1778791312612,791,HTTP Request,200,OK,Thread Group 1-6,text,true,,231,158,19,19,http://localhost:8079/?token=518499913&user=-1355070315&config=3,791,0,0
1778791312626,799,HTTP Request,200,OK,Thread Group 1-10,text,true,,231,158,19,19,http://localhost:8079/?token=518499913&user=-1355070315&config=3,799,0,0
1778791312671,799,HTTP Request,200,OK,Thread Group 1-5,text,true,,231,158,19,19,http://localhost:8079/?token=518499913&user=-1355070315&config=3,799,0,0
1778791312850,798,HTTP Request,200,OK,Thread Group 1-14,text,true,,231,158,19,19,http://localhost:8079/?token=518499913&user=-1355070315&config=3,798,0,0
1778791312868,793,HTTP Request,200,OK,Thread Group 1-17,text,true,,231,158,19,19,http://localhost:8079/?token=518499913&user=-1355070315&config=3,793,0,0
1778791312905,786,HTTP Request,200,OK,Thread Group 1-9,text,true,,231,158,19,19,http://localhost:8079/?token=518499913&user=-1355070315&config=3,786,0,0
1778791312884,822,HTTP Request,200,OK,Thread Group 1-3,text,true,,231,158,19,19,http://localhost:8079/?token=518499913&user=-1355070315&config=3,822,0,0
1778791312907,802,HTTP Request,200,OK,Thread Group 1-4,text,true,,231,158,19,19,http://localhost:8079/?token=518499913&user=-1355070315&config=3,802,0,0
1778791312906,803,HTTP Request,200,OK,Thread Group 1-12,text,true,,231,158,19,19,http://localhost:8079/?token=518499913&user=-1355070315&config=3,802,0,0
1778791313128,795,HTTP Request,200,OK,Thread Group 1-18,text,true,,231,158,19,19,http://localhost:8079/?token=518499913&user=-1355070315&config=3,794,0,0
1778791313137,800,HTTP Request,200,OK,Thread Group 1-8,text,true,,231,158,19,19,http://localhost:8079/?token=518499913&user=-1355070315&config=3,800,0,0
1778791313137,801,HTTP Request,200,OK,Thread Group 1-11,text,true,,231,158,19,19,http://localhost:8079/?token=518499913&user=-1355070315&config=3,801,0,0
1778791313137,800,HTTP Request,200,OK,Thread Group 1-2,text,true,,231,158,19,19,http://localhost:8079/?token=518499913&user=-1355070315&config=3,800,0,0
1778791313137,814,HTTP Request,200,OK,Thread Group 1-15,text,true,,231,158,19,19,http://localhost:8079/?token=518499913&user=-1355070315&config=3,814,0,0
1778791313209,802,HTTP Request,200,OK,Thread Group 1-13,text,true,,231,158,19,19,http://localhost:8079/?token=518499913&user=-1355070315&config=3,802,0,0
1778791313231,802,HTTP Request,200,OK,Thread Group 1-7,text,true,,231,158,19,19,http://localhost:8079/?token=518499913&user=-1355070315&config=3,801,0,0
1778791313249,922,HTTP Request,200,OK,Thread Group 1-19,text,true,,231,158,19,19,http://localhost:8079/?token=518499913&user=-1355070315&config=3,922,0,7
1778791313391,825,HTTP Request,200,OK,Thread Group 1-1,text,true,,231,158,19,19,http://localhost:8079/?token=518499913&user=-1355070315&config=3,825,0,0
1778791313404,817,HTTP Request,200,OK,Thread Group 1-16,text,true,,231,158,19,19,http://localhost:8079/?token=518499913&user=-1355070315&config=3,817,0,0
1778791313405,817,HTTP Request,200,OK,Thread Group 1-6,text,true,,231,158,19,19,http://localhost:8079/?token=518499913&user=-1355070315&config=3,817,0,0
1778791313426,809,HTTP Request,200,OK,Thread Group 1-10,text,true,,231,158,19,19,http://localhost:8079/?token=518499913&user=-1355070315&config=3,809,0,0
1778791313471,819,HTTP Request,200,OK,Thread Group 1-5,text,true,,231,158,20,20,http://localhost:8079/?token=518499913&user=-1355070315&config=3,819,0,0
1778791313650,803,HTTP Request,200,OK,Thread Group 1-14,text,true,,231,158,20,20,http://localhost:8079/?token=518499913&user=-1355070315&config=3,803,0,0
1778791313661,807,HTTP Request,200,OK,Thread Group 1-17,text,true,,231,158,20,20,http://localhost:8079/?token=518499913&user=-1355070315&config=3,807,0,0
1778791313692,805,HTTP Request,200,OK,Thread Group 1-9,text,true,,231,158,20,20,http://localhost:8079/?token=518499913&user=-1355070315&config=3,805,0,0
1778791313709,808,HTTP Request,200,OK,Thread Group 1-4,text,true,,231,158,20,20,http://localhost:8079/?token=518499913&user=-1355070315&config=3,808,0,0
1778791313711,821,HTTP Request,200,OK,Thread Group 1-12,text,true,,231,158,20,20,http://localhost:8079/?token=518499913&user=-1355070315&config=3,821,0,0
1778791313707,825,HTTP Request,200,OK,Thread Group 1-3,text,true,,231,158,20,20,http://localhost:8079/?token=518499913&user=-1355070315&config=3,825,0,0
1778791313924,809,HTTP Request,200,OK,Thread Group 1-18,text,true,,231,158,20,20,http://localhost:8079/?token=518499913&user=-1355070315&config=3,809,0,0
1778791313938,809,HTTP Request,200,OK,Thread Group 1-11,text,true,,231,158,20,20,http://localhost:8079/?token=518499913&user=-1355070315&config=3,809,0,0
1778791313939,822,HTTP Request,200,OK,Thread Group 1-2,text,true,,231,158,20,20,http://localhost:8079/?token=518499913&user=-1355070315&config=3,822,0,0
1778791313938,823,HTTP Request,200,OK,Thread Group 1-8,text,true,,231,158,20,20,http://localhost:8079/?token=518499913&user=-1355070315&config=3,823,0,0
1778791313952,824,HTTP Request,200,OK,Thread Group 1-15,text,true,,231,158,20,20,http://localhost:8079/?token=518499913&user=-1355070315&config=3,824,0,0
1778791314013,817,HTTP Request,200,OK,Thread Group 1-13,text,true,,231,158,20,20,http://localhost:8079/?token=518499913&user=-1355070315&config=3,817,0,0
1778791314034,823,HTTP Request,200,OK,Thread Group 1-7,text,true,,231,158,20,20,http://localhost:8079/?token=518499913&user=-1355070315&config=3,822,0,0
1778791314175,815,HTTP Request,200,OK,Thread Group 1-19,text,true,,231,158,20,20,http://localhost:8079/?token=518499913&user=-1355070315&config=3,815,0,0
1778791314216,815,HTTP Request,200,OK,Thread Group 1-1,text,true,,231,158,20,20,http://localhost:8079/?token=518499913&user=-1355070315&config=3,815,0,0
1778791314222,829,HTTP Request,200,OK,Thread Group 1-6,text,true,,231,158,20,20,http://localhost:8079/?token=518499913&user=-1355070315&config=3,829,0,0
1778791314222,830,HTTP Request,200,OK,Thread Group 1-16,text,true,,231,158,20,20,http://localhost:8079/?token=518499913&user=-1355070315&config=3,829,0,0
1778791314235,848,HTTP Request,200,OK,Thread Group 1-10,text,true,,231,158,20,20,http://localhost:8079/?token=518499913&user=-1355070315&config=3,848,0,0
1778791314250,850,HTTP Request,200,OK,Thread Group 1-20,text,true,,231,158,20,20,http://localhost:8079/?token=518499913&user=-1355070315&config=3,850,0,0
1778791314290,825,HTTP Request,200,OK,Thread Group 1-5,text,true,,231,158,20,20,http://localhost:8079/?token=518499913&user=-1355070315&config=3,825,0,0
1778791314453,838,HTTP Request,200,OK,Thread Group 1-14,text,true,,231,158,21,21,http://localhost:8079/?token=518499913&user=-1355070315&config=3,838,0,0
1778791314469,836,HTTP Request,200,OK,Thread Group 1-17,text,true,,231,158,21,21,http://localhost:8079/?token=518499913&user=-1355070315&config=3,836,0,0
1778791314497,822,HTTP Request,200,OK,Thread Group 1-9,text,true,,231,158,21,21,http://localhost:8079/?token=518499913&user=-1355070315&config=3,822,0,0
1778791314518,824,HTTP Request,200,OK,Thread Group 1-4,text,true,,231,158,21,21,http://localhost:8079/?token=518499913&user=-1355070315&config=3,824,0,0
1778791314532,828,HTTP Request,200,OK,Thread Group 1-12,text,true,,231,158,21,21,http://localhost:8079/?token=518499913&user=-1355070315&config=3,827,0,0
1778791314532,842,HTTP Request,200,OK,Thread Group 1-3,text,true,,231,158,21,21,http://localhost:8079/?token=518499913&user=-1355070315&config=3,842,0,0
1778791314734,825,HTTP Request,200,OK,Thread Group 1-18,text,true,,231,158,21,21,http://localhost:8079/?token=518499913&user=-1355070315&config=3,825,0,0
1778791314748,826,HTTP Request,200,OK,Thread Group 1-11,text,true,,231,158,21,21,http://localhost:8079/?token=518499913&user=-1355070315&config=3,826,0,0
1778791314762,842,HTTP Request,200,OK,Thread Group 1-8,text,true,,231,158,21,21,http://localhost:8079/?token=518499913&user=-1355070315&config=3,838,0,0
1778791314777,837,HTTP Request,200,OK,Thread Group 1-15,text,true,,231,158,21,21,http://localhost:8079/?token=518499913&user=-1355070315&config=3,837,0,0
1778791314762,852,HTTP Request,200,OK,Thread Group 1-2,text,true,,231,158,21,21,http://localhost:8079/?token=518499913&user=-1355070315&config=3,852,0,0
1778791314831,911,HTTP Request,200,OK,Thread Group 1-13,text,true,,231,158,21,21,http://localhost:8079/?token=518499913&user=-1355070315&config=3,911,0,0
1778791314857,899,HTTP Request,200,OK,Thread Group 1-7,text,true,,231,158,21,21,http://localhost:8079/?token=518499913&user=-1355070315&config=3,899,0,0
1778791314991,837,HTTP Request,200,OK,Thread Group 1-19,text,true,,231,158,21,21,http://localhost:8079/?token=518499913&user=-1355070315&config=3,837,0,0
1778791315032,836,HTTP Request,200,OK,Thread Group 1-1,text,true,,231,158,21,21,http://localhost:8079/?token=518499913&user=-1355070315&config=3,836,0,0
1778791315052,852,HTTP Request,200,OK,Thread Group 1-6,text,true,,231,158,21,21,http://localhost:8079/?token=518499913&user=-1355070315&config=3,852,0,0
1778791315052,853,HTTP Request,200,OK,Thread Group 1-16,text,true,,231,158,21,21,http://localhost:8079/?token=518499913&user=-1355070315&config=3,853,0,0
1778791315084,839,HTTP Request,200,OK,Thread Group 1-10,text,true,,231,158,21,21,http://localhost:8079/?token=518499913&user=-1355070315&config=3,839,0,0
1778791315102,840,HTTP Request,200,OK,Thread Group 1-20,text,true,,231,158,21,21,http://localhost:8079/?token=518499913&user=-1355070315&config=3,840,0,0
1778791315116,841,HTTP Request,200,OK,Thread Group 1-5,text,true,,231,158,21,21,http://localhost:8079/?token=518499913&user=-1355070315&config=3,841,0,0
1778791315250,865,HTTP Request,200,OK,Thread Group 1-21,text,true,,231,158,21,21,http://localhost:8079/?token=518499913&user=-1355070315&config=3,864,0,1
1778791315291,839,HTTP Request,200,OK,Thread Group 1-14,text,true,,231,158,21,21,http://localhost:8079/?token=518499913&user=-1355070315&config=3,839,0,0
1778791315305,840,HTTP Request,200,OK,Thread Group 1-17,text,true,,231,158,21,21,http://localhost:8079/?token=518499913&user=-1355070315&config=3,840,0,0
1778791315319,846,HTTP Request,200,OK,Thread Group 1-9,text,true,,231,158,21,21,http://localhost:8079/?token=518499913&user=-1355070315&config=3,846,0,0
1778791315341,924,HTTP Request,200,OK,Thread Group 1-4,text,true,,231,158,22,22,http://localhost:8079/?token=518499913&user=-1355070315&config=3,924,0,0
1778791315373,906,HTTP Request,200,OK,Thread Group 1-3,text,true,,231,158,22,22,http://localhost:8079/?token=518499913&user=-1355070315&config=3,906,0,0
1778791315359,920,HTTP Request,200,OK,Thread Group 1-12,text,true,,231,158,22,22,http://localhost:8079/?token=518499913&user=-1355070315&config=3,920,0,0
1778791315559,842,HTTP Request,200,OK,Thread Group 1-18,text,true,,231,158,22,22,http://localhost:8079/?token=518499913&user=-1355070315&config=3,842,0,0
1778791315574,846,HTTP Request,200,OK,Thread Group 1-11,text,true,,231,158,22,22,http://localhost:8079/?token=518499913&user=-1355070315&config=3,846,0,0
1778791315603,849,HTTP Request,200,OK,Thread Group 1-8,text,true,,231,158,22,22,http://localhost:8079/?token=518499913&user=-1355070315&config=3,849,0,0
1778791315614,853,HTTP Request,200,OK,Thread Group 1-15,text,true,,231,158,22,22,http://localhost:8079/?token=518499913&user=-1355070315&config=3,853,0,0
1778791315614,853,HTTP Request,200,OK,Thread Group 1-2,text,true,,231,158,22,22,http://localhost:8079/?token=518499913&user=-1355070315&config=3,853,0,0
1778791315741,855,HTTP Request,200,OK,Thread Group 1-13,text,true,,231,158,22,22,http://localhost:8079/?token=518499913&user=-1355070315&config=3,855,0,0
1778791315756,859,HTTP Request,200,OK,Thread Group 1-7,text,true,,231,158,22,22,http://localhost:8079/?token=518499913&user=-1355070315&config=3,859,0,0
1778791315828,852,HTTP Request,200,OK,Thread Group 1-19,text,true,,231,158,22,22,http://localhost:8079/?token=518499913&user=-1355070315&config=3,852,0,0
1778791315868,928,HTTP Request,200,OK,Thread Group 1-1,text,true,,231,158,22,22,http://localhost:8079/?token=518499913&user=-1355070315&config=3,927,0,0
1778791315922,888,HTTP Request,200,OK,Thread Group 1-10,text,true,,231,158,22,22,http://localhost:8079/?token=518499913&user=-1355070315&config=3,888,0,0
1778791315903,907,HTTP Request,200,OK,Thread Group 1-6,text,true,,231,158,22,22,http://localhost:8079/?token=518499913&user=-1355070315&config=3,907,0,0
1778791315941,870,HTTP Request,200,OK,Thread Group 1-20,text,true,,231,158,22,22,http://localhost:8079/?token=518499913&user=-1355070315&config=3,870,0,0
1778791315904,907,HTTP Request,200,OK,Thread Group 1-16,text,true,,231,158,22,22,http://localhost:8079/?token=518499913&user=-1355070315&config=3,907,0,0
1778791315957,867,HTTP Request,200,OK,Thread Group 1-5,text,true,,231,158,22,22,http://localhost:8079/?token=518499913&user=-1355070315&config=3,867,0,0
1778791316115,858,HTTP Request,200,OK,Thread Group 1-21,text,true,,231,158,22,22,http://localhost:8079/?token=518499913&user=-1355070315&config=3,858,0,0
1778791316130,861,HTTP Request,200,OK,Thread Group 1-14,text,true,,231,158,22,22,http://localhost:8079/?token=518499913&user=-1355070315&config=3,861,0,0
1778791316146,863,HTTP Request,200,OK,Thread Group 1-17,text,true,,231,158,22,22,http://localhost:8079/?token=518499913&user=-1355070315&config=3,863,0,0
1778791316166,869,HTTP Request,200,OK,Thread Group 1-9,text,true,,231,158,22,22,http://localhost:8079/?token=518499913&user=-1355070315&config=3,861,0,0
1778791316265,869,HTTP Request,200,OK,Thread Group 1-4,text,true,,231,158,22,22,http://localhost:8079/?token=518499913&user=-1355070315&config=3,869,0,0
1778791316280,868,HTTP Request,200,OK,Thread Group 1-3,text,true,,231,158,22,22,http://localhost:8079/?token=518499913&user=-1355070315&config=3,868,0,0
1778791316280,884,HTTP Request,200,OK,Thread Group 1-12,text,true,,231,158,22,22,http://localhost:8079/?token=518499913&user=-1355070315&config=3,884,0,0
1778791316249,927,HTTP Request,200,OK,Thread Group 1-22,text,true,,231,158,22,22,http://localhost:8079/?token=518499913&user=-1355070315&config=3,927,0,1
1778791316402,917,HTTP Request,200,OK,Thread Group 1-18,text,true,,231,158,23,23,http://localhost:8079/?token=518499913&user=-1355070315&config=3,916,0,0
1778791316454,875,HTTP Request,200,OK,Thread Group 1-8,text,true,,231,158,23,23,http://localhost:8079/?token=518499913&user=-1355070315&config=3,875,0,0
1778791316421,910,HTTP Request,200,OK,Thread Group 1-11,text,true,,231,158,23,23,http://localhost:8079/?token=518499913&user=-1355070315&config=3,910,0,0
1778791316468,877,HTTP Request,200,OK,Thread Group 1-15,text,true,,231,158,23,23,http://localhost:8079/?token=518499913&user=-1355070315&config=3,877,0,0
1778791316471,890,HTTP Request,200,OK,Thread Group 1-2,text,true,,231,158,23,23,http://localhost:8079/?token=518499913&user=-1355070315&config=3,889,0,0
1778791316596,868,HTTP Request,200,OK,Thread Group 1-13,text,true,,231,158,23,23,http://localhost:8079/?token=518499913&user=-1355070315&config=3,868,0,0
1778791316616,866,HTTP Request,200,OK,Thread Group 1-7,text,true,,231,158,23,23,http://localhost:8079/?token=518499913&user=-1355070315&config=3,866,0,0
1778791316680,869,HTTP Request,200,OK,Thread Group 1-19,text,true,,231,158,23,23,http://localhost:8079/?token=518499913&user=-1355070315&config=3,869,0,0
1778791316797,869,HTTP Request,200,OK,Thread Group 1-1,text,true,,231,158,23,23,http://localhost:8079/?token=518499913&user=-1355070315&config=3,869,0,0
1778791316810,873,HTTP Request,200,OK,Thread Group 1-6,text,true,,231,158,23,23,http://localhost:8079/?token=518499913&user=-1355070315&config=3,873,0,0
1778791316810,889,HTTP Request,200,OK,Thread Group 1-10,text,true,,231,158,23,23,http://localhost:8079/?token=518499913&user=-1355070315&config=3,889,0,0
1778791316812,895,HTTP Request,200,OK,Thread Group 1-16,text,true,,231,158,23,23,http://localhost:8079/?token=518499913&user=-1355070315&config=3,895,0,0
1778791316811,897,HTTP Request,200,OK,Thread Group 1-20,text,true,,231,158,23,23,http://localhost:8079/?token=518499913&user=-1355070315&config=3,897,0,0
1778791316825,890,HTTP Request,200,OK,Thread Group 1-5,text,true,,231,158,23,23,http://localhost:8079/?token=518499913&user=-1355070315&config=3,890,0,0
1778791316974,880,HTTP Request,200,OK,Thread Group 1-21,text,true,,231,158,23,23,http://localhost:8079/?token=518499913&user=-1355070315&config=3,880,0,0
1778791316991,880,HTTP Request,200,OK,Thread Group 1-14,text,true,,231,158,23,23,http://localhost:8079/?token=518499913&user=-1355070315&config=3,880,0,0
1778791317010,894,HTTP Request,200,OK,Thread Group 1-17,text,true,,231,158,23,23,http://localhost:8079/?token=518499913&user=-1355070315&config=3,894,0,0
1778791317037,886,HTTP Request,200,OK,Thread Group 1-9,text,true,,231,158,23,23,http://localhost:8079/?token=518499913&user=-1355070315&config=3,886,0,0
1778791317135,880,HTTP Request,200,OK,Thread Group 1-4,text,true,,231,158,23,23,http://localhost:8079/?token=518499913&user=-1355070315&config=3,880,0,0
1778791317155,889,HTTP Request,200,OK,Thread Group 1-3,text,true,,231,158,23,23,http://localhost:8079/?token=518499913&user=-1355070315&config=3,889,0,0
1778791317165,887,HTTP Request,200,OK,Thread Group 1-12,text,true,,231,158,23,23,http://localhost:8079/?token=518499913&user=-1355070315&config=3,887,0,0
1778791317177,889,HTTP Request,200,OK,Thread Group 1-22,text,true,,231,158,23,23,http://localhost:8079/?token=518499913&user=-1355070315&config=3,889,0,0
1778791317320,887,HTTP Request,200,OK,Thread Group 1-18,text,true,,231,158,23,23,http://localhost:8079/?token=518499913&user=-1355070315&config=3,886,0,0
1778791317330,890,HTTP Request,200,OK,Thread Group 1-8,text,true,,231,158,23,23,http://localhost:8079/?token=518499913&user=-1355070315&config=3,890,0,0
1778791317332,904,HTTP Request,200,OK,Thread Group 1-11,text,true,,231,158,23,23,http://localhost:8079/?token=518499913&user=-1355070315&config=3,904,0,0
1778791317346,906,HTTP Request,200,OK,Thread Group 1-15,text,true,,231,158,23,23,http://localhost:8079/?token=518499913&user=-1355070315&config=3,906,0,0
1778791317255,999,HTTP Request,200,OK,Thread Group 1-23,text,true,,231,158,24,24,http://localhost:8079/?token=518499913&user=-1355070315&config=3,999,0,5
1778791317362,902,HTTP Request,200,OK,Thread Group 1-2,text,true,,231,158,24,24,http://localhost:8079/?token=518499913&user=-1355070315&config=3,902,0,0
1778791317465,914,HTTP Request,200,OK,Thread Group 1-13,text,true,,231,158,24,24,http://localhost:8079/?token=518499913&user=-1355070315&config=3,914,0,0
1778791317484,909,HTTP Request,200,OK,Thread Group 1-7,text,true,,231,158,24,24,http://localhost:8079/?token=518499913&user=-1355070315&config=3,909,0,0
1778791317550,894,HTTP Request,200,OK,Thread Group 1-19,text,true,,231,158,24,24,http://localhost:8079/?token=518499913&user=-1355070315&config=3,894,0,0
1778791317667,889,HTTP Request,200,OK,Thread Group 1-1,text,true,,231,158,24,24,http://localhost:8079/?token=518499913&user=-1355070315&config=3,889,0,0
1778791317684,894,HTTP Request,200,OK,Thread Group 1-6,text,true,,231,158,24,24,http://localhost:8079/?token=518499913&user=-1355070315&config=3,894,0,0
1778791317708,896,HTTP Request,200,OK,Thread Group 1-20,text,true,,231,158,24,24,http://localhost:8079/?token=518499913&user=-1355070315&config=3,896,0,0
1778791317700,918,HTTP Request,200,OK,Thread Group 1-10,text,true,,231,158,24,24,http://localhost:8079/?token=518499913&user=-1355070315&config=3,918,0,0
1778791317707,917,HTTP Request,200,OK,Thread Group 1-16,text,true,,231,158,24,24,http://localhost:8079/?token=518499913&user=-1355070315&config=3,917,0,0
1778791317716,915,HTTP Request,200,OK,Thread Group 1-5,text,true,,231,158,24,24,http://localhost:8079/?token=518499913&user=-1355070315&config=3,915,0,0
1778791317855,901,HTTP Request,200,OK,Thread Group 1-21,text,true,,231,158,24,24,http://localhost:8079/?token=518499913&user=-1355070315&config=3,901,0,0
1778791317873,904,HTTP Request,200,OK,Thread Group 1-14,text,true,,231,158,24,24,http://localhost:8079/?token=518499913&user=-1355070315&config=3,904,0,0
1778791317907,988,HTTP Request,200,OK,Thread Group 1-17,text,true,,231,158,24,24,http://localhost:8079/?token=518499913&user=-1355070315&config=3,987,0,0
1778791317923,978,HTTP Request,200,OK,Thread Group 1-9,text,true,,231,158,24,24,http://localhost:8079/?token=518499913&user=-1355070315&config=3,978,0,0
1778791318016,905,HTTP Request,200,OK,Thread Group 1-4,text,true,,231,158,24,24,http://localhost:8079/?token=518499913&user=-1355070315&config=3,905,0,0
1778791318045,905,HTTP Request,200,OK,Thread Group 1-3,text,true,,231,158,24,24,http://localhost:8079/?token=518499913&user=-1355070315&config=3,905,0,0
1778791318052,908,HTTP Request,200,OK,Thread Group 1-12,text,true,,231,158,24,24,http://localhost:8079/?token=518499913&user=-1355070315&config=3,908,0,0
1778791318068,906,HTTP Request,200,OK,Thread Group 1-22,text,true,,231,158,24,24,http://localhost:8079/?token=518499913&user=-1355070315&config=3,906,0,0
1778791318210,900,HTTP Request,200,OK,Thread Group 1-18,text,true,,231,158,24,24,http://localhost:8079/?token=518499913&user=-1355070315&config=3,900,0,0
1778791318221,902,HTTP Request,200,OK,Thread Group 1-8,text,true,,231,158,24,24,http://localhost:8079/?token=518499913&user=-1355070315&config=3,902,0,0
1778791318237,910,HTTP Request,200,OK,Thread Group 1-11,text,true,,231,158,24,24,http://localhost:8079/?token=518499913&user=-1355070315&config=3,910,0,0
1778791318254,917,HTTP Request,200,OK,Thread Group 1-23,text,true,,231,158,24,24,http://localhost:8079/?token=518499913&user=-1355070315&config=3,917,0,0
1778791318254,931,HTTP Request,200,OK,Thread Group 1-15,text,true,,231,158,24,24,http://localhost:8079/?token=518499913&user=-1355070315&config=3,931,0,0
1778791318264,935,HTTP Request,200,OK,Thread Group 1-2,text,true,,231,158,24,24,http://localhost:8079/?token=518499913&user=-1355070315&config=3,935,0,0
1778791318259,1029,HTTP Request,200,OK,Thread Group 1-24,text,true,,231,158,25,25,http://localhost:8079/?token=518499913&user=-1355070315&config=3,1028,0,2
1778791318381,932,HTTP Request,200,OK,Thread Group 1-13,text,true,,231,158,25,25,http://localhost:8079/?token=518499913&user=-1355070315&config=3,932,0,0
1778791318394,924,HTTP Request,200,OK,Thread Group 1-7,text,true,,231,158,25,25,http://localhost:8079/?token=518499913&user=-1355070315&config=3,924,0,0
1778791318446,976,HTTP Request,200,OK,Thread Group 1-19,text,true,,231,158,25,25,http://localhost:8079/?token=518499913&user=-1355070315&config=3,976,0,0
1778791318557,914,HTTP Request,200,OK,Thread Group 1-1,text,true,,231,158,25,25,http://localhost:8079/?token=518499913&user=-1355070315&config=3,914,0,0
1778791318579,914,HTTP Request,200,OK,Thread Group 1-6,text,true,,231,158,25,25,http://localhost:8079/?token=518499913&user=-1355070315&config=3,914,0,0
1778791318605,914,HTTP Request,200,OK,Thread Group 1-20,text,true,,231,158,25,25,http://localhost:8079/?token=518499913&user=-1355070315&config=3,914,0,0
1778791318619,918,HTTP Request,200,OK,Thread Group 1-10,text,true,,231,158,25,25,http://localhost:8079/?token=518499913&user=-1355070315&config=3,917,0,0
1778791318632,918,HTTP Request,200,OK,Thread Group 1-5,text,true,,231,158,25,25,http://localhost:8079/?token=518499913&user=-1355070315&config=3,918,0,0
1778791318626,924,HTTP Request,200,OK,Thread Group 1-16,text,true,,231,158,25,25,http://localhost:8079/?token=518499913&user=-1355070315&config=3,924,0,0
1778791318757,913,HTTP Request,200,OK,Thread Group 1-21,text,true,,231,158,25,25,http://localhost:8079/?token=518499913&user=-1355070315&config=3,913,0,0
1778791318778,916,HTTP Request,200,OK,Thread Group 1-14,text,true,,231,158,25,25,http://localhost:8079/?token=518499913&user=-1355070315&config=3,916,0,0
1778791318895,923,HTTP Request,200,OK,Thread Group 1-17,text,true,,231,158,25,25,http://localhost:8079/?token=518499913&user=-1355070315&config=3,923,0,0
1778791318901,936,HTTP Request,200,OK,Thread Group 1-9,text,true,,231,158,25,25,http://localhost:8079/?token=518499913&user=-1355070315&config=3,936,0,0
1778791318951,986,HTTP Request,200,OK,Thread Group 1-3,text,true,,231,158,25,25,http://localhost:8079/?token=518499913&user=-1355070315&config=3,986,0,0
1778791318922,1015,HTTP Request,200,OK,Thread Group 1-4,text,true,,231,158,25,25,http://localhost:8079/?token=518499913&user=-1355070315&config=3,1015,0,0
1778791318960,978,HTTP Request,200,OK,Thread Group 1-12,text,true,,231,158,25,25,http://localhost:8079/?token=518499913&user=-1355070315&config=3,978,0,0
1778791318978,974,HTTP Request,200,OK,Thread Group 1-22,text,true,,231,158,25,25,http://localhost:8079/?token=518499913&user=-1355070315&config=3,974,0,0
1778791319111,925,HTTP Request,200,OK,Thread Group 1-18,text,true,,231,158,25,25,http://localhost:8079/?token=518499913&user=-1355070315&config=3,925,0,0
1778791319124,925,HTTP Request,200,OK,Thread Group 1-8,text,true,,231,158,25,25,http://localhost:8079/?token=518499913&user=-1355070315&config=3,925,0,0
1778791319148,920,HTTP Request,200,OK,Thread Group 1-11,text,true,,231,158,25,25,http://localhost:8079/?token=518499913&user=-1355070315&config=3,920,0,0
1778791319171,921,HTTP Request,200,OK,Thread Group 1-23,text,true,,231,158,25,25,http://localhost:8079/?token=518499913&user=-1355070315&config=3,921,0,0
1778791319199,925,HTTP Request,200,OK,Thread Group 1-2,text,true,,231,158,25,25,http://localhost:8079/?token=518499913&user=-1355070315&config=3,925,0,0
1778791319186,953,HTTP Request,200,OK,Thread Group 1-15,text,true,,231,158,25,25,http://localhost:8079/?token=518499913&user=-1355070315&config=3,953,0,0
1778791319247,957,HTTP Request,200,OK,Thread Group 1-25,text,true,,231,158,25,25,http://localhost:8079/?token=518499913&user=-1355070315&config=3,957,0,1
1778791319289,930,HTTP Request,200,OK,Thread Group 1-24,text,true,,231,158,25,25,http://localhost:8079/?token=518499913&user=-1355070315&config=3,929,0,0
1778791319313,926,HTTP Request,200,OK,Thread Group 1-13,text,true,,231,158,25,25,http://localhost:8079/?token=518499913&user=-1355070315&config=3,926,0,0
1778791319318,935,HTTP Request,200,OK,Thread Group 1-7,text,true,,231,158,26,26,http://localhost:8079/?token=518499913&user=-1355070315&config=3,935,0,0
1778791319422,934,HTTP Request,200,OK,Thread Group 1-19,text,true,,231,158,26,26,http://localhost:8079/?token=518499913&user=-1355070315&config=3,933,0,0
1778791319472,988,HTTP Request,200,OK,Thread Group 1-1,text,true,,231,158,26,26,http://localhost:8079/?token=518499913&user=-1355070315&config=3,988,0,0
1778791319494,981,HTTP Request,200,OK,Thread Group 1-6,text,true,,231,158,26,26,http://localhost:8079/?token=518499913&user=-1355070315&config=3,981,0,0
1778791319537,938,HTTP Request,200,OK,Thread Group 1-10,text,true,,231,158,26,26,http://localhost:8079/?token=518499913&user=-1355070315&config=3,938,0,0
1778791319519,957,HTTP Request,200,OK,Thread Group 1-20,text,true,,231,158,26,26,http://localhost:8079/?token=518499913&user=-1355070315&config=3,957,0,0
1778791319551,940,HTTP Request,200,OK,Thread Group 1-5,text,true,,231,158,26,26,http://localhost:8079/?token=518499913&user=-1355070315&config=3,940,0,0
1778791319551,944,HTTP Request,200,OK,Thread Group 1-16,text,true,,231,158,26,26,http://localhost:8079/?token=518499913&user=-1355070315&config=3,944,0,0
1778791319671,940,HTTP Request,200,OK,Thread Group 1-21,text,true,,231,158,26,26,http://localhost:8079/?token=518499913&user=-1355070315&config=3,940,0,0
1778791319694,935,HTTP Request,200,OK,Thread Group 1-14,text,true,,231,158,26,26,http://localhost:8079/?token=518499913&user=-1355070315&config=3,935,0,0
1778791319819,940,HTTP Request,200,OK,Thread Group 1-17,text,true,,231,158,26,26,http://localhost:8079/?token=518499913&user=-1355070315&config=3,939,0,0
1778791319838,934,HTTP Request,200,OK,Thread Group 1-9,text,true,,231,158,26,26,http://localhost:8079/?token=518499913&user=-1355070315&config=3,934,0,0
1778791319938,936,HTTP Request,200,OK,Thread Group 1-3,text,true,,231,158,26,26,http://localhost:8079/?token=518499913&user=-1355070315&config=3,935,0,0
1778791319939,950,HTTP Request,200,OK,Thread Group 1-12,text,true,,231,158,26,26,http://localhost:8079/?token=518499913&user=-1355070315&config=3,950,0,0
1778791319938,951,HTTP Request,200,OK,Thread Group 1-4,text,true,,231,158,26,26,http://localhost:8079/?token=518499913&user=-1355070315&config=3,951,0,0
1778791319952,1033,HTTP Request,200,OK,Thread Group 1-22,text,true,,231,158,26,26,http://localhost:8079/?token=518499913&user=-1355070315&config=3,1033,0,0
1778791320050,949,HTTP Request,200,OK,Thread Group 1-8,text,true,,231,158,26,26,http://localhost:8079/?token=518499913&user=-1355070315&config=3,949,0,0
1778791320043,958,HTTP Request,200,OK,Thread Group 1-18,text,true,,231,158,26,26,http://localhost:8079/?token=518499913&user=-1355070315&config=3,958,0,0
1778791320068,948,HTTP Request,200,OK,Thread Group 1-11,text,true,,231,158,26,26,http://localhost:8079/?token=518499913&user=-1355070315&config=3,948,0,0
1778791320093,944,HTTP Request,200,OK,Thread Group 1-23,text,true,,231,158,26,26,http://localhost:8079/?token=518499913&user=-1355070315&config=3,944,0,0
1778791320125,948,HTTP Request,200,OK,Thread Group 1-2,text,true,,231,158,26,26,http://localhost:8079/?token=518499913&user=-1355070315&config=3,948,0,0
1778791320139,951,HTTP Request,200,OK,Thread Group 1-15,text,true,,231,158,26,26,http://localhost:8079/?token=518499913&user=-1355070315&config=3,950,0,0
1778791320204,942,HTTP Request,200,OK,Thread Group 1-25,text,true,,231,158,26,26,http://localhost:8079/?token=518499913&user=-1355070315&config=3,942,0,0
1778791320219,953,HTTP Request,200,OK,Thread Group 1-24,text,true,,231,158,26,26,http://localhost:8079/?token=518499913&user=-1355070315&config=3,953,0,0
1778791320240,951,HTTP Request,200,OK,Thread Group 1-13,text,true,,231,158,26,26,http://localhost:8079/?token=518499913&user=-1355070315&config=3,950,0,0
1778791320253,962,HTTP Request,200,OK,Thread Group 1-7,text,true,,231,158,26,26,http://localhost:8079/?token=518499913&user=-1355070315&config=3,962,0,0
1778791320250,983,HTTP Request,200,OK,Thread Group 1-26,text,true,,231,158,26,26,http://localhost:8079/?token=518499913&user=-1355070315&config=3,983,0,1
1778791320357,954,HTTP Request,200,OK,Thread Group 1-19,text,true,,231,158,27,27,http://localhost:8079/?token=518499913&user=-1355070315&config=3,954,0,0
1778791320464,952,HTTP Request,200,OK,Thread Group 1-1,text,true,,231,158,27,27,http://localhost:8079/?token=518499913&user=-1355070315&config=3,952,0,0
1778791320492,1030,HTTP Request,200,OK,Thread Group 1-5,text,true,,231,158,27,27,http://localhost:8079/?token=518499913&user=-1355070315&config=3,1029,0,0
1778791320476,1046,HTTP Request,200,OK,Thread Group 1-6,text,true,,231,158,27,27,http://localhost:8079/?token=518499913&user=-1355070315&config=3,1045,0,0
1778791320476,1049,HTTP Request,200,OK,Thread Group 1-10,text,true,,231,158,27,27,http://localhost:8079/?token=518499913&user=-1355070315&config=3,1049,0,0
1778791320495,1030,HTTP Request,200,OK,Thread Group 1-16,text,true,,231,158,27,27,http://localhost:8079/?token=518499913&user=-1355070315&config=3,1030,0,0
1778791320477,1049,HTTP Request,200,OK,Thread Group 1-20,text,true,,231,158,27,27,http://localhost:8079/?token=518499913&user=-1355070315&config=3,1049,0,0
1778791320612,961,HTTP Request,200,OK,Thread Group 1-21,text,true,,231,158,27,27,http://localhost:8079/?token=518499913&user=-1355070315&config=3,961,0,0
1778791320630,957,HTTP Request,200,OK,Thread Group 1-14,text,true,,231,158,27,27,http://localhost:8079/?token=518499913&user=-1355070315&config=3,957,0,0
1778791320759,952,HTTP Request,200,OK,Thread Group 1-17,text,true,,231,158,27,27,http://localhost:8079/?token=518499913&user=-1355070315&config=3,952,0,0
1778791320774,952,HTTP Request,200,OK,Thread Group 1-9,text,true,,231,158,27,27,http://localhost:8079/?token=518499913&user=-1355070315&config=3,952,0,0
1778791320875,955,HTTP Request,200,OK,Thread Group 1-3,text,true,,231,158,27,27,http://localhost:8079/?token=518499913&user=-1355070315&config=3,955,0,0
1778791320890,957,HTTP Request,200,OK,Thread Group 1-4,text,true,,231,158,27,27,http://localhost:8079/?token=518499913&user=-1355070315&config=3,957,0,0
1778791320890,972,HTTP Request,200,OK,Thread Group 1-12,text,true,,231,158,27,27,http://localhost:8079/?token=518499913&user=-1355070315&config=3,972,0,0
1778791320985,1048,HTTP Request,200,OK,Thread Group 1-22,text,true,,231,158,27,27,http://localhost:8079/?token=518499913&user=-1355070315&config=3,1048,0,0
1778791321074,973,HTTP Request,200,OK,Thread Group 1-2,text,true,,231,158,27,27,http://localhost:8079/?token=518499913&user=-1355070315&config=3,973,0,0
1778791321000,1047,HTTP Request,200,OK,Thread Group 1-8,text,true,,231,158,27,27,http://localhost:8079/?token=518499913&user=-1355070315&config=3,1047,0,0
1778791321042,1006,HTTP Request,200,OK,Thread Group 1-23,text,true,,231,158,27,27,http://localhost:8079/?token=518499913&user=-1355070315&config=3,1006,0,0
1778791321016,1032,HTTP Request,200,OK,Thread Group 1-11,text,true,,231,158,27,27,http://localhost:8079/?token=518499913&user=-1355070315&config=3,1032,0,0
1778791321002,1046,HTTP Request,200,OK,Thread Group 1-18,text,true,,231,158,27,27,http://localhost:8079/?token=518499913&user=-1355070315&config=3,1046,0,0
1778791321090,974,HTTP Request,200,OK,Thread Group 1-15,text,true,,231,158,27,27,http://localhost:8079/?token=518499913&user=-1355070315&config=3,974,0,0
1778791321148,969,HTTP Request,200,OK,Thread Group 1-25,text,true,,231,158,27,27,http://localhost:8079/?token=518499913&user=-1355070315&config=3,969,0,0
1778791321174,970,HTTP Request,200,OK,Thread Group 1-24,text,true,,231,158,27,27,http://localhost:8079/?token=518499913&user=-1355070315&config=3,970,0,0
1778791321191,976,HTTP Request,200,OK,Thread Group 1-13,text,true,,231,158,27,27,http://localhost:8079/?token=518499913&user=-1355070315&config=3,976,0,0
1778791321216,977,HTTP Request,200,OK,Thread Group 1-7,text,true,,231,158,27,27,http://localhost:8079/?token=518499913&user=-1355070315&config=3,977,0,0
1778791321234,980,HTTP Request,200,OK,Thread Group 1-26,text,true,,231,158,27,27,http://localhost:8079/?token=518499913&user=-1355070315&config=3,980,0,0
1778791321254,1008,HTTP Request,200,OK,Thread Group 1-27,text,true,,231,158,28,28,http://localhost:8079/?token=518499913&user=-1355070315&config=3,1008,0,2
1778791321312,982,HTTP Request,200,OK,Thread Group 1-19,text,true,,231,158,28,28,http://localhost:8079/?token=518499913&user=-1355070315&config=3,982,0,0
1778791321523,1034,HTTP Request,200,OK,Thread Group 1-5,text,true,,231,158,28,28,http://localhost:8079/?token=518499913&user=-1355070315&config=3,1034,0,0
1778791321417,1140,HTTP Request,200,OK,Thread Group 1-1,text,true,,231,158,28,28,http://localhost:8079/?token=518499913&user=-1355070315&config=3,1140,0,0
1778791321523,1037,HTTP Request,200,OK,Thread Group 1-6,text,true,,231,158,28,28,http://localhost:8079/?token=518499913&user=-1355070315&config=3,1037,0,0
1778791321525,1036,HTTP Request,200,OK,Thread Group 1-10,text,true,,231,158,28,28,http://localhost:8079/?token=518499913&user=-1355070315&config=3,1036,0,0
1778791321525,1036,HTTP Request,200,OK,Thread Group 1-16,text,true,,231,158,28,28,http://localhost:8079/?token=518499913&user=-1355070315&config=3,1036,0,0
1778791321526,1036,HTTP Request,200,OK,Thread Group 1-20,text,true,,231,158,28,28,http://localhost:8079/?token=518499913&user=-1355070315&config=3,1036,0,0
1778791321588,984,HTTP Request,200,OK,Thread Group 1-14,text,true,,231,158,28,28,http://localhost:8079/?token=518499913&user=-1355070315&config=3,984,0,0
1778791321574,1001,HTTP Request,200,OK,Thread Group 1-21,text,true,,231,158,28,28,http://localhost:8079/?token=518499913&user=-1355070315&config=3,1001,0,0
1778791321713,976,HTTP Request,200,OK,Thread Group 1-17,text,true,,231,158,28,28,http://localhost:8079/?token=518499913&user=-1355070315&config=3,976,0,0
1778791321726,980,HTTP Request,200,OK,Thread Group 1-9,text,true,,231,158,28,28,http://localhost:8079/?token=518499913&user=-1355070315&config=3,980,0,0
1778791321831,982,HTTP Request,200,OK,Thread Group 1-3,text,true,,231,158,28,28,http://localhost:8079/?token=518499913&user=-1355070315&config=3,982,0,0
1778791321848,979,HTTP Request,200,OK,Thread Group 1-4,text,true,,231,158,28,28,http://localhost:8079/?token=518499913&user=-1355070315&config=3,979,0,0
1778791321863,978,HTTP Request,200,OK,Thread Group 1-12,text,true,,231,158,28,28,http://localhost:8079/?token=518499913&user=-1355070315&config=3,978,0,0
1778791322048,1036,HTTP Request,200,OK,Thread Group 1-8,text,true,,231,158,28,28,http://localhost:8079/?token=518499913&user=-1355070315&config=3,1036,0,0
1778791322048,1036,HTTP Request,200,OK,Thread Group 1-2,text,true,,231,158,28,28,http://localhost:8079/?token=518499913&user=-1355070315&config=3,1036,0,0
1778791322049,1037,HTTP Request,200,OK,Thread Group 1-11,text,true,,231,158,28,28,http://localhost:8079/?token=518499913&user=-1355070315&config=3,1037,0,0
1778791322049,1038,HTTP Request,200,OK,Thread Group 1-18,text,true,,231,158,28,28,http://localhost:8079/?token=518499913&user=-1355070315&config=3,1038,0,0
1778791322035,1055,HTTP Request,200,OK,Thread Group 1-22,text,true,,231,158,28,28,http://localhost:8079/?token=518499913&user=-1355070315&config=3,1055,0,0
1778791322049,1041,HTTP Request,200,OK,Thread Group 1-23,text,true,,231,158,28,28,http://localhost:8079/?token=518499913&user=-1355070315&config=3,1041,0,0
1778791322065,1032,HTTP Request,200,OK,Thread Group 1-15,text,true,,231,158,28,28,http://localhost:8079/?token=518499913&user=-1355070315&config=3,1032,0,0
1778791322118,990,HTTP Request,200,OK,Thread Group 1-25,text,true,,231,158,28,28,http://localhost:8079/?token=518499913&user=-1355070315&config=3,990,0,0
1778791322149,984,HTTP Request,200,OK,Thread Group 1-24,text,true,,231,158,28,28,http://localhost:8079/?token=518499913&user=-1355070315&config=3,984,0,0
1778791322167,988,HTTP Request,200,OK,Thread Group 1-13,text,true,,231,158,28,28,http://localhost:8079/?token=518499913&user=-1355070315&config=3,988,0,0
1778791322194,993,HTTP Request,200,OK,Thread Group 1-7,text,true,,231,158,28,28,http://localhost:8079/?token=518499913&user=-1355070315&config=3,993,0,0
1778791322215,1005,HTTP Request,200,OK,Thread Group 1-26,text,true,,231,158,28,28,http://localhost:8079/?token=518499913&user=-1355070315&config=3,1005,0,0
1778791322262,1002,HTTP Request,200,OK,Thread Group 1-27,text,true,,231,158,29,29,http://localhost:8079/?token=518499913&user=-1355070315&config=3,1002,0,0
1778791322253,1031,HTTP Request,200,OK,Thread Group 1-28,text,true,,231,158,29,29,http://localhost:8079/?token=518499913&user=-1355070315&config=3,1031,0,2
1778791322294,1005,HTTP Request,200,OK,Thread Group 1-19,text,true,,231,158,29,29,http://localhost:8079/?token=518499913&user=-1355070315&config=3,1005,0,0
1778791322559,1046,HTTP Request,200,OK,Thread Group 1-5,text,true,,231,158,29,29,http://localhost:8079/?token=518499913&user=-1355070315&config=3,1046,0,0
1778791322561,1045,HTTP Request,200,OK,Thread Group 1-6,text,true,,231,158,29,29,http://localhost:8079/?token=518499913&user=-1355070315&config=3,1045,0,0
1778791322561,1046,HTTP Request,200,OK,Thread Group 1-16,text,true,,231,158,29,29,http://localhost:8079/?token=518499913&user=-1355070315&config=3,1046,0,0
1778791322562,1045,HTTP Request,200,OK,Thread Group 1-10,text,true,,231,158,29,29,http://localhost:8079/?token=518499913&user=-1355070315&config=3,1045,0,0
1778791322558,1047,HTTP Request,200,OK,Thread Group 1-1,text,true,,231,158,29,29,http://localhost:8079/?token=518499913&user=-1355070315&config=3,1047,0,0
1778791322563,1045,HTTP Request,200,OK,Thread Group 1-20,text,true,,231,158,29,29,http://localhost:8079/?token=518499913&user=-1355070315&config=3,1045,0,0
1778791322576,1044,HTTP Request,200,OK,Thread Group 1-21,text,true,,231,158,29,29,http://localhost:8079/?token=518499913&user=-1355070315&config=3,1044,0,0
1778791322574,1046,HTTP Request,200,OK,Thread Group 1-14,text,true,,231,158,29,29,http://localhost:8079/?token=518499913&user=-1355070315&config=3,1046,0,0
1778791322690,997,HTTP Request,200,OK,Thread Group 1-17,text,true,,231,158,29,29,http://localhost:8079/?token=518499913&user=-1355070315&config=3,997,0,0
1778791322711,1000,HTTP Request,200,OK,Thread Group 1-9,text,true,,231,158,29,29,http://localhost:8079/?token=518499913&user=-1355070315&config=3,1000,0,0
1778791322815,1007,HTTP Request,200,OK,Thread Group 1-3,text,true,,231,158,29,29,http://localhost:8079/?token=518499913&user=-1355070315&config=3,1007,0,0
1778791322830,1007,HTTP Request,200,OK,Thread Group 1-4,text,true,,231,158,29,29,http://localhost:8079/?token=518499913&user=-1355070315&config=3,1007,0,0
1778791322842,1029,HTTP Request,200,OK,Thread Group 1-12,text,true,,231,158,29,29,http://localhost:8079/?token=518499913&user=-1355070315&config=3,1029,0,0
1778791323086,1050,HTTP Request,200,OK,Thread Group 1-2,text,true,,231,158,29,29,http://localhost:8079/?token=518499913&user=-1355070315&config=3,1050,0,0
1778791323086,1055,HTTP Request,200,OK,Thread Group 1-8,text,true,,231,158,29,29,http://localhost:8079/?token=518499913&user=-1355070315&config=3,1055,0,0
1778791323087,1055,HTTP Request,200,OK,Thread Group 1-11,text,true,,231,158,29,29,http://localhost:8079/?token=518499913&user=-1355070315&config=3,1055,0,0
1778791323089,1054,HTTP Request,200,OK,Thread Group 1-18,text,true,,231,158,29,29,http://localhost:8079/?token=518499913&user=-1355070315&config=3,1054,0,0
1778791323090,1053,HTTP Request,200,OK,Thread Group 1-22,text,true,,231,158,29,29,http://localhost:8079/?token=518499913&user=-1355070315&config=3,1053,0,0
1778791323090,1053,HTTP Request,200,OK,Thread Group 1-23,text,true,,231,158,29,29,http://localhost:8079/?token=518499913&user=-1355070315&config=3,1053,0,0
1778791323097,1048,HTTP Request,200,OK,Thread Group 1-15,text,true,,231,158,29,29,http://localhost:8079/?token=518499913&user=-1355070315&config=3,1048,0,0
1778791323108,1037,HTTP Request,200,OK,Thread Group 1-25,text,true,,231,158,29,29,http://localhost:8079/?token=518499913&user=-1355070315&config=3,1037,0,0
1778791323134,1024,HTTP Request,200,OK,Thread Group 1-24,text,true,,231,158,29,29,http://localhost:8079/?token=518499913&user=-1355070315&config=3,1024,0,0
1778791323156,1018,HTTP Request,200,OK,Thread Group 1-13,text,true,,231,158,29,29,http://localhost:8079/?token=518499913&user=-1355070315&config=3,1018,0,0
1778791323187,1016,HTTP Request,200,OK,Thread Group 1-7,text,true,,231,158,29,29,http://localhost:8079/?token=518499913&user=-1355070315&config=3,1016,0,0
1778791323220,1020,HTTP Request,200,OK,Thread Group 1-26,text,true,,231,158,29,29,http://localhost:8079/?token=518499913&user=-1355070315&config=3,1020,0,0
1778791323265,1014,HTTP Request,200,OK,Thread Group 1-27,text,true,,231,158,30,30,http://localhost:8079/?token=518499913&user=-1355070315&config=3,1014,0,0
1778791323286,1025,HTTP Request,200,OK,Thread Group 1-28,text,true,,231,158,30,30,http://localhost:8079/?token=518499913&user=-1355070315&config=3,1025,0,0
1778791323255,1076,HTTP Request,200,OK,Thread Group 1-29,text,true,,231,158,30,30,http://localhost:8079/?token=518499913&user=-1355070315&config=3,1076,0,3
1778791323300,1127,HTTP Request,200,OK,Thread Group 1-19,text,true,,231,158,30,30,http://localhost:8079/?token=518499913&user=-1355070315&config=3,1126,0,0
1778791323608,1048,HTTP Request,200,OK,Thread Group 1-1,text,true,,231,158,30,30,http://localhost:8079/?token=518499913&user=-1355070315&config=3,1048,0,0
1778791323606,1051,HTTP Request,200,OK,Thread Group 1-5,text,true,,231,158,30,30,http://localhost:8079/?token=518499913&user=-1355070315&config=3,1051,0,0
1778791323606,1054,HTTP Request,200,OK,Thread Group 1-6,text,true,,231,158,30,30,http://localhost:8079/?token=518499913&user=-1355070315&config=3,1054,0,0
1778791323607,1054,HTTP Request,200,OK,Thread Group 1-16,text,true,,231,158,30,30,http://localhost:8079/?token=518499913&user=-1355070315&config=3,1054,0,0
1778791323608,1054,HTTP Request,200,OK,Thread Group 1-20,text,true,,231,158,30,30,http://localhost:8079/?token=518499913&user=-1355070315&config=3,1054,0,0
1778791323620,1051,HTTP Request,200,OK,Thread Group 1-21,text,true,,231,158,30,30,http://localhost:8079/?token=518499913&user=-1355070315&config=3,1051,0,0
1778791323607,1065,HTTP Request,200,OK,Thread Group 1-10,text,true,,231,158,30,30,http://localhost:8079/?token=518499913&user=-1355070315&config=3,1065,0,0
1778791323620,1051,HTTP Request,200,OK,Thread Group 1-14,text,true,,231,158,30,30,http://localhost:8079/?token=518499913&user=-1355070315&config=3,1051,0,0
1778791323688,1030,HTTP Request,200,OK,Thread Group 1-17,text,true,,231,158,30,30,http://localhost:8079/?token=518499913&user=-1355070315&config=3,1030,0,0
1778791323711,1021,HTTP Request,200,OK,Thread Group 1-9,text,true,,231,158,30,30,http://localhost:8079/?token=518499913&user=-1355070315&config=3,1021,0,0
1778791323823,1020,HTTP Request,200,OK,Thread Group 1-3,text,true,,231,158,30,30,http://localhost:8079/?token=518499913&user=-1355070315&config=3,1020,0,0
1778791323837,1024,HTTP Request,200,OK,Thread Group 1-4,text,true,,231,158,30,30,http://localhost:8079/?token=518499913&user=-1355070315&config=3,1024,0,0
1778791323872,1032,HTTP Request,200,OK,Thread Group 1-12,text,true,,231,158,30,30,http://localhost:8079/?token=518499913&user=-1355070315&config=3,1032,0,0
1778791324142,1039,HTTP Request,200,OK,Thread Group 1-11,text,true,,231,158,30,30,http://localhost:8079/?token=518499913&user=-1355070315&config=3,1039,0,0
1778791324145,1036,HTTP Request,200,OK,Thread Group 1-15,text,true,,231,158,30,30,http://localhost:8079/?token=518499913&user=-1355070315&config=3,1036,0,0
1778791324143,1041,HTTP Request,200,OK,Thread Group 1-18,text,true,,231,158,30,30,http://localhost:8079/?token=518499913&user=-1355070315&config=3,1041,0,0
1778791324143,1042,HTTP Request,200,OK,Thread Group 1-22,text,true,,231,158,30,30,http://localhost:8079/?token=518499913&user=-1355070315&config=3,1042,0,0
1778791324144,1042,HTTP Request,200,OK,Thread Group 1-23,text,true,,231,158,30,30,http://localhost:8079/?token=518499913&user=-1355070315&config=3,1042,0,0
1778791324141,1040,HTTP Request,200,OK,Thread Group 1-8,text,true,,231,158,30,30,http://localhost:8079/?token=518499913&user=-1355070315&config=3,1040,0,0
1778791324141,1054,HTTP Request,200,OK,Thread Group 1-2,text,true,,231,158,30,30,http://localhost:8079/?token=518499913&user=-1355070315&config=3,1054,0,0
1778791324145,1050,HTTP Request,200,OK,Thread Group 1-25,text,true,,231,158,30,30,http://localhost:8079/?token=518499913&user=-1355070315&config=3,1050,0,0
1778791324158,1051,HTTP Request,200,OK,Thread Group 1-24,text,true,,231,158,30,30,http://localhost:8079/?token=518499913&user=-1355070315&config=3,1051,0,0
1778791324174,1049,HTTP Request,200,OK,Thread Group 1-13,text,true,,231,158,30,30,http://localhost:8079/?token=518499913&user=-1355070315&config=3,1049,0,0
1778791324204,1042,HTTP Request,200,OK,Thread Group 1-7,text,true,,231,158,30,30,http://localhost:8079/?token=518499913&user=-1355070315&config=3,1042,0,0
1778791324240,1042,HTTP Request,200,OK,Thread Group 1-26,text,true,,231,158,31,31,http://localhost:8079/?token=518499913&user=-1355070315&config=3,1042,0,0
1778791324280,1031,HTTP Request,200,OK,Thread Group 1-27,text,true,,231,158,31,31,http://localhost:8079/?token=518499913&user=-1355070315&config=3,1031,0,0
1778791324252,1074,HTTP Request,200,OK,Thread Group 1-30,text,true,,231,158,31,31,http://localhost:8079/?token=518499913&user=-1355070315&config=3,1074,0,2
1778791324312,1032,HTTP Request,200,OK,Thread Group 1-28,text,true,,231,158,31,31,http://localhost:8079/?token=518499913&user=-1355070315&config=3,1032,0,0
1778791324333,1039,HTTP Request,200,OK,Thread Group 1-29,text,true,,231,158,31,31,http://localhost:8079/?token=518499913&user=-1355070315&config=3,1039,0,0
1778791324428,1044,HTTP Request,200,OK,Thread Group 1-19,text,true,,231,158,31,31,http://localhost:8079/?token=518499913&user=-1355070315&config=3,1044,0,0
1778791324658,1045,HTTP Request,200,OK,Thread Group 1-1,text,true,,231,158,31,31,http://localhost:8079/?token=518499913&user=-1355070315&config=3,1045,0,0
1778791324657,1059,HTTP Request,200,OK,Thread Group 1-5,text,true,,231,158,31,31,http://localhost:8079/?token=518499913&user=-1355070315&config=3,1058,0,0
1778791324661,1055,HTTP Request,200,OK,Thread Group 1-16,text,true,,231,158,31,31,http://localhost:8079/?token=518499913&user=-1355070315&config=3,1055,0,0
1778791324673,1043,HTTP Request,200,OK,Thread Group 1-21,text,true,,231,158,31,31,http://localhost:8079/?token=518499913&user=-1355070315&config=3,1043,0,0
1778791324662,1054,HTTP Request,200,OK,Thread Group 1-20,text,true,,231,158,31,31,http://localhost:8079/?token=518499913&user=-1355070315&config=3,1054,0,0
1778791324660,1056,HTTP Request,200,OK,Thread Group 1-6,text,true,,231,158,31,31,http://localhost:8079/?token=518499913&user=-1355070315&config=3,1055,0,0
1778791324673,1057,HTTP Request,200,OK,Thread Group 1-10,text,true,,231,158,31,31,http://localhost:8079/?token=518499913&user=-1355070315&config=3,1057,0,0
1778791324673,1058,HTTP Request,200,OK,Thread Group 1-14,text,true,,231,158,31,31,http://localhost:8079/?token=518499913&user=-1355070315&config=3,1058,0,0
1778791324719,1054,HTTP Request,200,OK,Thread Group 1-17,text,true,,231,158,31,31,http://localhost:8079/?token=518499913&user=-1355070315&config=3,1054,0,0
1778791324732,1061,HTTP Request,200,OK,Thread Group 1-9,text,true,,231,158,31,31,http://localhost:8079/?token=518499913&user=-1355070315&config=3,1061,0,0
1778791324844,1055,HTTP Request,200,OK,Thread Group 1-3,text,true,,231,158,31,31,http://localhost:8079/?token=518499913&user=-1355070315&config=3,1055,0,0
1778791324861,1053,HTTP Request,200,OK,Thread Group 1-4,text,true,,231,158,31,31,http://localhost:8079/?token=518499913&user=-1355070315&config=3,1053,0,0
1778791324904,1041,HTTP Request,200,OK,Thread Group 1-12,text,true,,231,158,31,31,http://localhost:8079/?token=518499913&user=-1355070315&config=3,1041,0,0
1778791325185,1045,HTTP Request,200,OK,Thread Group 1-22,text,true,,231,158,31,31,http://localhost:8079/?token=518499913&user=-1355070315&config=3,1045,0,0
1778791325182,1054,HTTP Request,200,OK,Thread Group 1-11,text,true,,231,158,31,31,http://localhost:8079/?token=518499913&user=-1355070315&config=3,1054,0,0
1778791325182,1054,HTTP Request,200,OK,Thread Group 1-15,text,true,,231,158,31,31,http://localhost:8079/?token=518499913&user=-1355070315&config=3,1054,0,0
1778791325184,1053,HTTP Request,200,OK,Thread Group 1-18,text,true,,231,158,31,31,http://localhost:8079/?token=518499913&user=-1355070315&config=3,1053,0,0
1778791325186,1051,HTTP Request,200,OK,Thread Group 1-23,text,true,,231,158,31,31,http://localhost:8079/?token=518499913&user=-1355070315&config=3,1051,0,0
1778791325187,1049,HTTP Request,200,OK,Thread Group 1-8,text,true,,231,158,31,31,http://localhost:8079/?token=518499913&user=-1355070315&config=3,1049,0,0
1778791325195,1058,HTTP Request,200,OK,Thread Group 1-2,text,true,,231,158,32,32,http://localhost:8079/?token=518499913&user=-1355070315&config=3,1058,0,0
1778791325195,1060,HTTP Request,200,OK,Thread Group 1-25,text,true,,231,158,32,32,http://localhost:8079/?token=518499913&user=-1355070315&config=3,1060,0,0
1778791325209,1059,HTTP Request,200,OK,Thread Group 1-24,text,true,,231,158,32,32,http://localhost:8079/?token=518499913&user=-1355070315&config=3,1059,0,0
1778791325224,1058,HTTP Request,200,OK,Thread Group 1-13,text,true,,231,158,32,32,http://localhost:8079/?token=518499913&user=-1355070315&config=3,1058,0,0
1778791325246,1059,HTTP Request,200,OK,Thread Group 1-7,text,true,,231,158,32,32,http://localhost:8079/?token=518499913&user=-1355070315&config=3,1058,0,0
1778791325283,1057,HTTP Request,200,OK,Thread Group 1-26,text,true,,231,158,32,32,http://localhost:8079/?token=518499913&user=-1355070315&config=3,1057,0,0
1778791325250,1105,HTTP Request,200,OK,Thread Group 1-31,text,true,,231,158,32,32,http://localhost:8079/?token=518499913&user=-1355070315&config=3,1105,0,5
1778791325312,1059,HTTP Request,200,OK,Thread Group 1-27,text,true,,231,158,32,32,http://localhost:8079/?token=518499913&user=-1355070315&config=3,1059,0,0
1778791325327,1059,HTTP Request,200,OK,Thread Group 1-30,text,true,,231,158,32,32,http://localhost:8079/?token=518499913&user=-1355070315&config=3,1059,0,0
1778791325345,1060,HTTP Request,200,OK,Thread Group 1-28,text,true,,231,158,32,32,http://localhost:8079/?token=518499913&user=-1355070315&config=3,1060,0,0
1778791325373,1055,HTTP Request,200,OK,Thread Group 1-29,text,true,,231,158,32,32,http://localhost:8079/?token=518499913&user=-1355070315&config=3,1055,0,0
1778791325473,1059,HTTP Request,200,OK,Thread Group 1-19,text,true,,231,158,32,32,http://localhost:8079/?token=518499913&user=-1355070315&config=3,1059,0,0
1778791325704,1048,HTTP Request,200,OK,Thread Group 1-1,text,true,,231,158,32,32,http://localhost:8079/?token=518499913&user=-1355070315&config=3,1048,0,0
1778791325716,1049,HTTP Request,200,OK,Thread Group 1-16,text,true,,231,158,32,32,http://localhost:8079/?token=518499913&user=-1355070315&config=3,1049,0,0
1778791325716,1071,HTTP Request,200,OK,Thread Group 1-5,text,true,,231,158,32,32,http://localhost:8079/?token=518499913&user=-1355070315&config=3,1071,0,0
1778791325718,1070,HTTP Request,200,OK,Thread Group 1-6,text,true,,231,158,32,32,http://localhost:8079/?token=518499913&user=-1355070315&config=3,1069,0,0
1778791325716,1072,HTTP Request,200,OK,Thread Group 1-21,text,true,,231,158,32,32,http://localhost:8079/?token=518499913&user=-1355070315&config=3,1072,0,0
1778791325717,1071,HTTP Request,200,OK,Thread Group 1-20,text,true,,231,158,32,32,http://localhost:8079/?token=518499913&user=-1355070315&config=3,1071,0,0
1778791325730,1068,HTTP Request,200,OK,Thread Group 1-10,text,true,,231,158,32,32,http://localhost:8079/?token=518499913&user=-1355070315&config=3,1068,0,0
1778791325731,1081,HTTP Request,200,OK,Thread Group 1-14,text,true,,231,158,32,32,http://localhost:8079/?token=518499913&user=-1355070315&config=3,1081,0,0
1778791325773,1070,HTTP Request,200,OK,Thread Group 1-17,text,true,,231,158,32,32,http://localhost:8079/?token=518499913&user=-1355070315&config=3,1070,0,0
1778791325793,1071,HTTP Request,200,OK,Thread Group 1-9,text,true,,231,158,32,32,http://localhost:8079/?token=518499913&user=-1355070315&config=3,1071,0,0
1778791325899,1067,HTTP Request,200,OK,Thread Group 1-3,text,true,,231,158,32,32,http://localhost:8079/?token=518499913&user=-1355070315&config=3,1067,0,0
1778791325914,1066,HTTP Request,200,OK,Thread Group 1-4,text,true,,231,158,32,32,http://localhost:8079/?token=518499913&user=-1355070315&config=3,1066,0,0
1778791325945,1059,HTTP Request,200,OK,Thread Group 1-12,text,true,,231,158,32,32,http://localhost:8079/?token=518499913&user=-1355070315&config=3,1059,0,0
1778791326231,1043,HTTP Request,200,OK,Thread Group 1-22,text,true,,231,158,33,33,http://localhost:8079/?token=518499913&user=-1355070315&config=3,1043,0,0
1778791326237,1052,HTTP Request,200,OK,Thread Group 1-23,text,true,,231,158,33,33,http://localhost:8079/?token=518499913&user=-1355070315&config=3,1052,0,0
1778791326237,1052,HTTP Request,200,OK,Thread Group 1-15,text,true,,231,158,33,33,http://localhost:8079/?token=518499913&user=-1355070315&config=3,1052,0,0
1778791326237,1067,HTTP Request,200,OK,Thread Group 1-8,text,true,,231,158,33,33,http://localhost:8079/?token=518499913&user=-1355070315&config=3,1067,0,0
1778791326237,1067,HTTP Request,200,OK,Thread Group 1-18,text,true,,231,158,33,33,http://localhost:8079/?token=518499913&user=-1355070315&config=3,1067,0,0
1778791326237,1067,HTTP Request,200,OK,Thread Group 1-11,text,true,,231,158,33,33,http://localhost:8079/?token=518499913&user=-1355070315&config=3,1067,0,0
1778791326254,1078,HTTP Request,200,OK,Thread Group 1-2,text,true,,231,158,33,33,http://localhost:8079/?token=518499913&user=-1355070315&config=3,1078,0,0
1778791326255,1091,HTTP Request,200,OK,Thread Group 1-25,text,true,,231,158,33,33,http://localhost:8079/?token=518499913&user=-1355070315&config=3,1091,0,0
1778791326268,1078,HTTP Request,200,OK,Thread Group 1-24,text,true,,231,158,33,33,http://localhost:8079/?token=518499913&user=-1355070315&config=3,1078,0,0
1778791326254,1107,HTTP Request,200,OK,Thread Group 1-32,text,true,,231,158,33,33,http://localhost:8079/?token=518499913&user=-1355070315&config=3,1107,0,3
1778791326283,1078,HTTP Request,200,OK,Thread Group 1-13,text,true,,231,158,33,33,http://localhost:8079/?token=518499913&user=-1355070315&config=3,1078,0,0
1778791326305,1071,HTTP Request,200,OK,Thread Group 1-7,text,true,,231,158,33,33,http://localhost:8079/?token=518499913&user=-1355070315&config=3,1071,0,0
1778791326341,1075,HTTP Request,200,OK,Thread Group 1-26,text,true,,231,158,33,33,http://localhost:8079/?token=518499913&user=-1355070315&config=3,1075,0,0
1778791326355,1080,HTTP Request,200,OK,Thread Group 1-31,text,true,,231,158,33,33,http://localhost:8079/?token=518499913&user=-1355070315&config=3,1080,0,0
1778791326371,1092,HTTP Request,200,OK,Thread Group 1-27,text,true,,231,158,33,33,http://localhost:8079/?token=518499913&user=-1355070315&config=3,1092,0,0
1778791326387,1091,HTTP Request,200,OK,Thread Group 1-30,text,true,,231,158,33,33,http://localhost:8079/?token=518499913&user=-1355070315&config=3,1091,0,0
1778791326405,1089,HTTP Request,200,OK,Thread Group 1-28,text,true,,231,158,33,33,http://localhost:8079/?token=518499913&user=-1355070315&config=3,1089,0,0
1778791326429,1087,HTTP Request,200,OK,Thread Group 1-29,text,true,,231,158,33,33,http://localhost:8079/?token=518499913&user=-1355070315&config=3,1087,0,0
1778791326533,1080,HTTP Request,200,OK,Thread Group 1-19,text,true,,231,158,33,33,http://localhost:8079/?token=518499913&user=-1355070315&config=3,1079,0,0
1778791326754,1071,HTTP Request,200,OK,Thread Group 1-1,text,true,,231,158,33,33,http://localhost:8079/?token=518499913&user=-1355070315&config=3,1071,0,0
1778791326766,1075,HTTP Request,200,OK,Thread Group 1-16,text,true,,231,158,33,33,http://localhost:8079/?token=518499913&user=-1355070315&config=3,1075,0,0
1778791326788,1079,HTTP Request,200,OK,Thread Group 1-5,text,true,,231,158,33,33,http://localhost:8079/?token=518499913&user=-1355070315&config=3,1079,0,0
1778791326788,1094,HTTP Request,200,OK,Thread Group 1-20,text,true,,231,158,33,33,http://localhost:8079/?token=518499913&user=-1355070315&config=3,1094,0,0
1778791326788,1094,HTTP Request,200,OK,Thread Group 1-6,text,true,,231,158,33,33,http://localhost:8079/?token=518499913&user=-1355070315&config=3,1094,0,0
1778791326788,1095,HTTP Request,200,OK,Thread Group 1-21,text,true,,231,158,33,33,http://localhost:8079/?token=518499913&user=-1355070315&config=3,1095,0,0
1778791326798,1106,HTTP Request,200,OK,Thread Group 1-10,text,true,,231,158,33,33,http://localhost:8079/?token=518499913&user=-1355070315&config=3,1106,0,0
1778791326812,1092,HTTP Request,200,OK,Thread Group 1-14,text,true,,231,158,33,33,http://localhost:8079/?token=518499913&user=-1355070315&config=3,1092,0,0
1778791326843,1081,HTTP Request,200,OK,Thread Group 1-17,text,true,,231,158,33,33,http://localhost:8079/?token=518499913&user=-1355070315&config=3,1081,0,0
1778791326864,1084,HTTP Request,200,OK,Thread Group 1-9,text,true,,231,158,33,33,http://localhost:8079/?token=518499913&user=-1355070315&config=3,1084,0,0
1778791326967,1089,HTTP Request,200,OK,Thread Group 1-3,text,true,,231,158,33,33,http://localhost:8079/?token=518499913&user=-1355070315&config=3,1089,0,0
1778791326980,1091,HTTP Request,200,OK,Thread Group 1-4,text,true,,231,158,33,33,http://localhost:8079/?token=518499913&user=-1355070315&config=3,1091,0,0
1778791327005,1089,HTTP Request,200,OK,Thread Group 1-12,text,true,,231,158,33,33,http://localhost:8079/?token=518499913&user=-1355070315&config=3,1089,0,0
1778791327274,1085,HTTP Request,200,OK,Thread Group 1-22,text,true,,231,158,34,34,http://localhost:8079/?token=518499913&user=-1355070315&config=3,1084,0,0
1778791327289,1085,HTTP Request,200,OK,Thread Group 1-15,text,true,,231,158,34,34,http://localhost:8079/?token=518499913&user=-1355070315&config=3,1085,0,0
1778791327289,1085,HTTP Request,200,OK,Thread Group 1-23,text,true,,231,158,34,34,http://localhost:8079/?token=518499913&user=-1355070315&config=3,1085,0,0
1778791327251,1138,HTTP Request,200,OK,Thread Group 1-33,text,true,,231,158,34,34,http://localhost:8079/?token=518499913&user=-1355070315&config=3,1138,0,1
1778791327305,1099,HTTP Request,200,OK,Thread Group 1-11,text,true,,231,158,34,34,http://localhost:8079/?token=518499913&user=-1355070315&config=3,1099,0,0
1778791327305,1099,HTTP Request,200,OK,Thread Group 1-18,text,true,,231,158,34,34,http://localhost:8079/?token=518499913&user=-1355070315&config=3,1099,0,0
1778791327305,1112,HTTP Request,200,OK,Thread Group 1-8,text,true,,231,158,34,34,http://localhost:8079/?token=518499913&user=-1355070315&config=3,1112,0,0
1778791327346,1087,HTTP Request,200,OK,Thread Group 1-24,text,true,,231,158,34,34,http://localhost:8079/?token=518499913&user=-1355070315&config=3,1087,0,0
1778791327332,1101,HTTP Request,200,OK,Thread Group 1-2,text,true,,231,158,34,34,http://localhost:8079/?token=518499913&user=-1355070315&config=3,1101,0,0
1778791327346,1087,HTTP Request,200,OK,Thread Group 1-25,text,true,,231,158,34,34,http://localhost:8079/?token=518499913&user=-1355070315&config=3,1087,0,0
1778791327361,1088,HTTP Request,200,OK,Thread Group 1-32,text,true,,231,158,34,34,http://localhost:8079/?token=518499913&user=-1355070315&config=3,1087,0,0
1778791327361,1102,HTTP Request,200,OK,Thread Group 1-13,text,true,,231,158,34,34,http://localhost:8079/?token=518499913&user=-1355070315&config=3,1102,0,0
1778791327376,1117,HTTP Request,200,OK,Thread Group 1-7,text,true,,231,158,34,34,http://localhost:8079/?token=518499913&user=-1355070315&config=3,1117,0,0
1778791327416,1132,HTTP Request,200,OK,Thread Group 1-26,text,true,,231,158,34,34,http://localhost:8079/?token=518499913&user=-1355070315&config=3,1132,0,0
1778791327435,1127,HTTP Request,200,OK,Thread Group 1-31,text,true,,231,158,34,34,http://localhost:8079/?token=518499913&user=-1355070315&config=3,1127,0,0
1778791327464,1114,HTTP Request,200,OK,Thread Group 1-27,text,true,,231,158,34,34,http://localhost:8079/?token=518499913&user=-1355070315&config=3,1114,0,0
1778791327479,1115,HTTP Request,200,OK,Thread Group 1-30,text,true,,231,158,34,34,http://localhost:8079/?token=518499913&user=-1355070315&config=3,1115,0,0
1778791327495,1113,HTTP Request,200,OK,Thread Group 1-28,text,true,,231,158,34,34,http://localhost:8079/?token=518499913&user=-1355070315&config=3,1113,0,0
1778791327517,1187,HTTP Request,200,OK,Thread Group 1-29,text,true,,231,158,34,34,http://localhost:8079/?token=518499913&user=-1355070315&config=3,1187,0,0
1778791327613,1304,HTTP Request,200,OK,Thread Group 1-19,text,true,,231,158,34,34,http://localhost:8079/?token=518499913&user=-1355070315&config=3,1304,0,0
1778791327826,1105,HTTP Request,200,OK,Thread Group 1-1,text,true,,231,158,34,34,http://localhost:8079/?token=518499913&user=-1355070315&config=3,1105,0,0
1778791327842,1104,HTTP Request,200,OK,Thread Group 1-16,text,true,,231,158,34,34,http://localhost:8079/?token=518499913&user=-1355070315&config=3,1103,0,0
1778791327868,1095,HTTP Request,200,OK,Thread Group 1-5,text,true,,231,158,34,34,http://localhost:8079/?token=518499913&user=-1355070315&config=3,1094,0,0
1778791327883,1115,HTTP Request,200,OK,Thread Group 1-20,text,true,,231,158,34,34,http://localhost:8079/?token=518499913&user=-1355070315&config=3,1115,0,0
1778791327882,1130,HTTP Request,200,OK,Thread Group 1-6,text,true,,231,158,34,34,http://localhost:8079/?token=518499913&user=-1355070315&config=3,1130,0,0
1778791327900,1113,HTTP Request,200,OK,Thread Group 1-21,text,true,,231,158,34,34,http://localhost:8079/?token=518499913&user=-1355070315&config=3,1113,0,0
1778791327904,1108,HTTP Request,200,OK,Thread Group 1-10,text,true,,231,158,34,34,http://localhost:8079/?token=518499913&user=-1355070315&config=3,1108,0,0
1778791327905,1122,HTTP Request,200,OK,Thread Group 1-14,text,true,,231,158,34,34,http://localhost:8079/?token=518499913&user=-1355070315&config=3,1122,0,0
1778791327924,1117,HTTP Request,200,OK,Thread Group 1-17,text,true,,231,158,34,34,http://localhost:8079/?token=518499913&user=-1355070315&config=3,1117,0,0
1778791327949,1198,HTTP Request,200,OK,Thread Group 1-9,text,true,,231,158,34,34,http://localhost:8079/?token=518499913&user=-1355070315&config=3,1198,0,0
1778791328056,1124,HTTP Request,200,OK,Thread Group 1-3,text,true,,231,158,34,34,http://localhost:8079/?token=518499913&user=-1355070315&config=3,1124,0,0
1778791328071,1123,HTTP Request,200,OK,Thread Group 1-4,text,true,,231,158,34,34,http://localhost:8079/?token=518499913&user=-1355070315&config=3,1123,0,0
1778791328094,1318,HTTP Request,200,OK,Thread Group 1-12,text,true,,231,158,35,35,http://localhost:8079/?token=518499913&user=-1355070315&config=3,1318,0,0
1778791328252,1211,HTTP Request,200,OK,Thread Group 1-34,text,true,,231,158,35,35,http://localhost:8079/?token=518499913&user=-1355070315&config=3,1211,0,1
1778791328374,1103,HTTP Request,200,OK,Thread Group 1-15,text,true,,231,158,35,35,http://localhost:8079/?token=518499913&user=-1355070315&config=3,1103,0,0
1778791328374,1104,HTTP Request,200,OK,Thread Group 1-23,text,true,,231,158,35,35,http://localhost:8079/?token=518499913&user=-1355070315&config=3,1104,0,0
1778791328359,1118,HTTP Request,200,OK,Thread Group 1-22,text,true,,231,158,35,35,http://localhost:8079/?token=518499913&user=-1355070315&config=3,1118,0,0
1778791328389,1112,HTTP Request,200,OK,Thread Group 1-33,text,true,,231,158,35,35,http://localhost:8079/?token=518499913&user=-1355070315&config=3,1112,0,0
1778791328406,1114,HTTP Request,200,OK,Thread Group 1-18,text,true,,231,158,35,35,http://localhost:8079/?token=518499913&user=-1355070315&config=3,1114,0,0
1778791328405,1130,HTTP Request,200,OK,Thread Group 1-11,text,true,,231,158,35,35,http://localhost:8079/?token=518499913&user=-1355070315&config=3,1130,0,0
1778791328418,1117,HTTP Request,200,OK,Thread Group 1-8,text,true,,231,158,35,35,http://localhost:8079/?token=518499913&user=-1355070315&config=3,1117,0,0
1778791328434,1115,HTTP Request,200,OK,Thread Group 1-2,text,true,,231,158,35,35,http://localhost:8079/?token=518499913&user=-1355070315&config=3,1115,0,0
1778791328434,1115,HTTP Request,200,OK,Thread Group 1-24,text,true,,231,158,35,35,http://localhost:8079/?token=518499913&user=-1355070315&config=3,1115,0,0
1778791328435,1130,HTTP Request,200,OK,Thread Group 1-25,text,true,,231,158,35,35,http://localhost:8079/?token=518499913&user=-1355070315&config=3,1130,0,0
1778791328449,1145,HTTP Request,200,OK,Thread Group 1-32,text,true,,231,158,35,35,http://localhost:8079/?token=518499913&user=-1355070315&config=3,1145,0,0
1778791328493,1194,HTTP Request,200,OK,Thread Group 1-7,text,true,,231,158,35,35,http://localhost:8079/?token=518499913&user=-1355070315&config=3,1194,0,0
1778791328463,1224,HTTP Request,200,OK,Thread Group 1-13,text,true,,231,158,35,35,http://localhost:8079/?token=518499913&user=-1355070315&config=3,1224,0,0
1778791328563,1141,HTTP Request,200,OK,Thread Group 1-31,text,true,,231,158,35,35,http://localhost:8079/?token=518499913&user=-1355070315&config=3,1140,0,0
1778791328549,1155,HTTP Request,200,OK,Thread Group 1-26,text,true,,231,158,35,35,http://localhost:8079/?token=518499913&user=-1355070315&config=3,1155,0,0
1778791328579,1226,HTTP Request,200,OK,Thread Group 1-27,text,true,,231,158,35,35,http://localhost:8079/?token=518499913&user=-1355070315&config=3,1225,0,0
1778791328594,1305,HTTP Request,200,OK,Thread Group 1-30,text,true,,231,158,35,35,http://localhost:8079/?token=518499913&user=-1355070315&config=3,1305,0,0
1778791328608,1404,HTTP Request,200,OK,Thread Group 1-28,text,true,,231,158,35,35,http://localhost:8079/?token=518499913&user=-1355070315&config=3,1404,0,0
1778791328704,1322,HTTP Request,200,OK,Thread Group 1-29,text,true,,231,158,35,35,http://localhost:8079/?token=518499913&user=-1355070315&config=3,1322,0,0
1778791328917,1140,HTTP Request,200,OK,Thread Group 1-19,text,true,,231,158,35,35,http://localhost:8079/?token=518499913&user=-1355070315&config=3,1140,0,0
1778791328932,1139,HTTP Request,200,OK,Thread Group 1-1,text,true,,231,158,35,35,http://localhost:8079/?token=518499913&user=-1355070315&config=3,1139,0,0
1778791328963,1130,HTTP Request,200,OK,Thread Group 1-5,text,true,,231,158,35,35,http://localhost:8079/?token=518499913&user=-1355070315&config=3,1130,0,0
1778791328946,1162,HTTP Request,200,OK,Thread Group 1-16,text,true,,231,158,35,35,http://localhost:8079/?token=518499913&user=-1355070315&config=3,1162,0,0
1778791328998,1131,HTTP Request,200,OK,Thread Group 1-20,text,true,,231,158,35,35,http://localhost:8079/?token=518499913&user=-1355070315&config=3,1131,0,0
1778791329013,1130,HTTP Request,200,OK,Thread Group 1-21,text,true,,231,158,35,35,http://localhost:8079/?token=518499913&user=-1355070315&config=3,1130,0,0
1778791329013,1148,HTTP Request,200,OK,Thread Group 1-6,text,true,,231,158,35,35,http://localhost:8079/?token=518499913&user=-1355070315&config=3,1148,0,0
1778791329013,1149,HTTP Request,200,OK,Thread Group 1-10,text,true,,231,158,35,35,http://localhost:8079/?token=518499913&user=-1355070315&config=3,1149,0,0
1778791329027,1224,HTTP Request,200,OK,Thread Group 1-14,text,true,,231,158,36,36,http://localhost:8079/?token=518499913&user=-1355070315&config=3,1224,0,0
1778791329041,1451,HTTP Request,200,OK,Thread Group 1-17,text,true,,231,158,36,36,http://localhost:8079/?token=518499913&user=-1355070315&config=3,1451,0,0
1778791329181,1325,HTTP Request,200,OK,Thread Group 1-3,text,true,,231,158,36,36,http://localhost:8079/?token=518499913&user=-1355070315&config=3,1325,0,0
1778791329147,1359,HTTP Request,200,OK,Thread Group 1-9,text,true,,231,158,36,36,http://localhost:8079/?token=518499913&user=-1355070315&config=3,1359,0,0
1778791329195,1342,HTTP Request,200,OK,Thread Group 1-4,text,true,,231,158,36,36,http://localhost:8079/?token=518499913&user=-1355070315&config=3,1342,0,0
1778791329255,1298,HTTP Request,200,OK,Thread Group 1-35,text,true,,231,158,36,36,http://localhost:8079/?token=518499913&user=-1355070315&config=3,1297,0,2
1778791329413,1177,HTTP Request,200,OK,Thread Group 1-12,text,true,,231,158,36,36,http://localhost:8079/?token=518499913&user=-1355070315&config=3,1177,0,0
1778791329478,1126,HTTP Request,200,OK,Thread Group 1-22,text,true,,231,158,36,36,http://localhost:8079/?token=518499913&user=-1355070315&config=3,1126,0,0
1778791329464,1140,HTTP Request,200,OK,Thread Group 1-34,text,true,,231,158,36,36,http://localhost:8079/?token=518499913&user=-1355070315&config=3,1140,0,0
1778791329478,1141,HTTP Request,200,OK,Thread Group 1-15,text,true,,231,158,36,36,http://localhost:8079/?token=518499913&user=-1355070315&config=3,1141,0,0
1778791329478,1141,HTTP Request,200,OK,Thread Group 1-23,text,true,,231,158,36,36,http://localhost:8079/?token=518499913&user=-1355070315&config=3,1141,0,0
1778791329503,1131,HTTP Request,200,OK,Thread Group 1-33,text,true,,231,158,36,36,http://localhost:8079/?token=518499913&user=-1355070315&config=3,1131,0,0
1778791329521,1141,HTTP Request,200,OK,Thread Group 1-18,text,true,,231,158,36,36,http://localhost:8079/?token=518499913&user=-1355070315&config=3,1141,0,0
1778791329535,1141,HTTP Request,200,OK,Thread Group 1-11,text,true,,231,158,36,36,http://localhost:8079/?token=518499913&user=-1355070315&config=3,1141,0,0
1778791329535,1194,HTTP Request,200,OK,Thread Group 1-8,text,true,,231,158,36,36,http://localhost:8079/?token=518499913&user=-1355070315&config=3,1194,0,0
1778791329550,1194,HTTP Request,200,OK,Thread Group 1-2,text,true,,231,158,36,36,http://localhost:8079/?token=518499913&user=-1355070315&config=3,1194,0,0
1778791329550,1196,HTTP Request,200,OK,Thread Group 1-24,text,true,,231,158,36,36,http://localhost:8079/?token=518499913&user=-1355070315&config=3,1196,0,0
1778791329566,1240,HTTP Request,200,OK,Thread Group 1-25,text,true,,231,158,36,36,http://localhost:8079/?token=518499913&user=-1355070315&config=3,1240,0,0
1778791329595,1229,HTTP Request,200,OK,Thread Group 1-32,text,true,,231,158,36,36,http://localhost:8079/?token=518499913&user=-1355070315&config=3,1229,0,0
1778791329688,1256,HTTP Request,200,OK,Thread Group 1-13,text,true,,231,158,36,36,http://localhost:8079/?token=518499913&user=-1355070315&config=3,1256,0,0
1778791329688,1271,HTTP Request,200,OK,Thread Group 1-7,text,true,,231,158,36,36,http://localhost:8079/?token=518499913&user=-1355070315&config=3,1270,0,0
1778791329704,1255,HTTP Request,200,OK,Thread Group 1-31,text,true,,231,158,36,36,http://localhost:8079/?token=518499913&user=-1355070315&config=3,1254,0,0
1778791329805,1320,HTTP Request,200,OK,Thread Group 1-27,text,true,,231,158,36,36,http://localhost:8079/?token=518499913&user=-1355070315&config=3,1320,0,0
1778791329704,1435,HTTP Request,200,OK,Thread Group 1-26,text,true,,231,158,36,36,http://localhost:8079/?token=518499913&user=-1355070315&config=3,1435,0,0
1778791329899,1305,HTTP Request,200,OK,Thread Group 1-30,text,true,,231,158,36,36,http://localhost:8079/?token=518499913&user=-1355070315&config=3,1305,0,0
1778791330013,1205,HTTP Request,200,OK,Thread Group 1-28,text,true,,231,158,36,36,http://localhost:8079/?token=518499913&user=-1355070315&config=3,1205,0,0
1778791330058,1160,HTTP Request,200,OK,Thread Group 1-19,text,true,,231,158,36,36,http://localhost:8079/?token=518499913&user=-1355070315&config=3,1160,0,0
1778791330072,1160,HTTP Request,200,OK,Thread Group 1-1,text,true,,231,158,36,36,http://localhost:8079/?token=518499913&user=-1355070315&config=3,1160,0,0
1778791330026,1206,HTTP Request,200,OK,Thread Group 1-29,text,true,,231,158,36,36,http://localhost:8079/?token=518499913&user=-1355070315&config=3,1206,0,0
1778791330093,1154,HTTP Request,200,OK,Thread Group 1-5,text,true,,231,158,36,36,http://localhost:8079/?token=518499913&user=-1355070315&config=3,1154,0,0
1778791330108,1160,HTTP Request,200,OK,Thread Group 1-16,text,true,,231,158,37,37,http://localhost:8079/?token=518499913&user=-1355070315&config=3,1160,0,0
1778791330130,1153,HTTP Request,200,OK,Thread Group 1-20,text,true,,231,158,37,37,http://localhost:8079/?token=518499913&user=-1355070315&config=3,1153,0,0
1778791330144,1325,HTTP Request,200,OK,Thread Group 1-21,text,true,,231,158,37,37,http://localhost:8079/?token=518499913&user=-1355070315&config=3,1325,0,0
1778791330163,1321,HTTP Request,200,OK,Thread Group 1-10,text,true,,231,158,37,37,http://localhost:8079/?token=518499913&user=-1355070315&config=3,1321,0,0
1778791330161,1323,HTTP Request,200,OK,Thread Group 1-6,text,true,,231,158,37,37,http://localhost:8079/?token=518499913&user=-1355070315&config=3,1323,0,0
1778791330251,1373,HTTP Request,200,OK,Thread Group 1-14,text,true,,231,158,37,37,http://localhost:8079/?token=518499913&user=-1355070315&config=3,1373,0,0
1778791330493,1147,HTTP Request,200,OK,Thread Group 1-17,text,true,,231,158,37,37,http://localhost:8079/?token=518499913&user=-1355070315&config=3,1147,0,0
1778791330247,1393,HTTP Request,200,OK,Thread Group 1-36,text,true,,231,158,37,37,http://localhost:8079/?token=518499913&user=-1355070315&config=3,1393,0,1
1778791330508,1183,HTTP Request,200,OK,Thread Group 1-9,text,true,,231,158,37,37,http://localhost:8079/?token=518499913&user=-1355070315&config=3,1182,0,0
1778791330539,1166,HTTP Request,200,OK,Thread Group 1-4,text,true,,231,158,37,37,http://localhost:8079/?token=518499913&user=-1355070315&config=3,1166,0,0
1778791330507,1198,HTTP Request,200,OK,Thread Group 1-3,text,true,,231,158,37,37,http://localhost:8079/?token=518499913&user=-1355070315&config=3,1198,0,0
1778791330554,1189,HTTP Request,200,OK,Thread Group 1-35,text,true,,231,158,37,37,http://localhost:8079/?token=518499913&user=-1355070315&config=3,1189,0,0
1778791330592,1165,HTTP Request,200,OK,Thread Group 1-12,text,true,,231,158,37,37,http://localhost:8079/?token=518499913&user=-1355070315&config=3,1165,0,0
1778791330605,1153,HTTP Request,200,OK,Thread Group 1-22,text,true,,231,158,37,37,http://localhost:8079/?token=518499913&user=-1355070315&config=3,1153,0,0
1778791330605,1179,HTTP Request,200,OK,Thread Group 1-34,text,true,,231,158,37,37,http://localhost:8079/?token=518499913&user=-1355070315&config=3,1179,0,0
1778791330621,1177,HTTP Request,200,OK,Thread Group 1-15,text,true,,231,158,37,37,http://localhost:8079/?token=518499913&user=-1355070315&config=3,1177,0,0
1778791330621,1178,HTTP Request,200,OK,Thread Group 1-23,text,true,,231,158,37,37,http://localhost:8079/?token=518499913&user=-1355070315&config=3,1178,0,0
1778791330636,1359,HTTP Request,200,OK,Thread Group 1-33,text,true,,231,158,37,37,http://localhost:8079/?token=518499913&user=-1355070315&config=3,1359,0,0
1778791330730,1280,HTTP Request,200,OK,Thread Group 1-8,text,true,,231,158,37,37,http://localhost:8079/?token=518499913&user=-1355070315&config=3,1280,0,0
1778791330664,1346,HTTP Request,200,OK,Thread Group 1-18,text,true,,231,158,37,37,http://localhost:8079/?token=518499913&user=-1355070315&config=3,1346,0,0
1778791330747,1264,HTTP Request,200,OK,Thread Group 1-24,text,true,,231,158,37,37,http://localhost:8079/?token=518499913&user=-1355070315&config=3,1264,0,0
1778791330677,1333,HTTP Request,200,OK,Thread Group 1-11,text,true,,231,158,37,37,http://localhost:8079/?token=518499913&user=-1355070315&config=3,1333,0,0
1778791330746,1264,HTTP Request,200,OK,Thread Group 1-2,text,true,,231,158,37,37,http://localhost:8079/?token=518499913&user=-1355070315&config=3,1264,0,0
1778791330808,1250,HTTP Request,200,OK,Thread Group 1-25,text,true,,231,158,37,37,http://localhost:8079/?token=518499913&user=-1355070315&config=3,1250,0,0
1778791330945,1370,HTTP Request,200,OK,Thread Group 1-13,text,true,,231,158,38,38,http://localhost:8079/?token=518499913&user=-1355070315&config=3,1370,0,0
1778791330960,1373,HTTP Request,200,OK,Thread Group 1-7,text,true,,231,158,38,38,http://localhost:8079/?token=518499913&user=-1355070315&config=3,1373,0,0
1778791331126,1208,HTTP Request,200,OK,Thread Group 1-27,text,true,,231,158,38,38,http://localhost:8079/?token=518499913&user=-1355070315&config=3,1208,0,0
1778791330960,1374,HTTP Request,200,OK,Thread Group 1-31,text,true,,231,158,38,38,http://localhost:8079/?token=518499913&user=-1355070315&config=3,1374,0,0
1778791330825,1510,HTTP Request,200,OK,Thread Group 1-32,text,true,,231,158,38,38,http://localhost:8079/?token=518499913&user=-1355070315&config=3,1510,0,0
1778791331140,1204,HTTP Request,200,OK,Thread Group 1-26,text,true,,231,158,38,38,http://localhost:8079/?token=518499913&user=-1355070315&config=3,1204,0,0
1778791331206,1138,HTTP Request,200,OK,Thread Group 1-30,text,true,,231,158,38,38,http://localhost:8079/?token=518499913&user=-1355070315&config=3,1138,0,0
1778791331219,1141,HTTP Request,200,OK,Thread Group 1-28,text,true,,231,158,38,38,http://localhost:8079/?token=518499913&user=-1355070315&config=3,1141,0,0
1778791331219,1300,HTTP Request,200,OK,Thread Group 1-19,text,true,,231,158,38,38,http://localhost:8079/?token=518499913&user=-1355070315&config=3,1300,0,0
1778791331234,1300,HTTP Request,200,OK,Thread Group 1-1,text,true,,231,158,38,38,http://localhost:8079/?token=518499913&user=-1355070315&config=3,1300,0,0
1778791331234,1300,HTTP Request,200,OK,Thread Group 1-29,text,true,,231,158,38,38,http://localhost:8079/?token=518499913&user=-1355070315&config=3,1300,0,0
1778791331249,1285,HTTP Request,200,OK,Thread Group 1-5,text,true,,231,158,38,38,http://localhost:8079/?token=518499913&user=-1355070315&config=3,1285,0,0
1778791331270,1455,HTTP Request,200,OK,Thread Group 1-16,text,true,,231,158,38,38,http://localhost:8079/?token=518499913&user=-1355070315&config=3,1455,0,0
1778791331471,1269,HTTP Request,200,OK,Thread Group 1-21,text,true,,231,158,38,38,http://localhost:8079/?token=518499913&user=-1355070315&config=3,1269,0,0
1778791331254,1487,HTTP Request,200,OK,Thread Group 1-37,text,true,,231,158,38,38,http://localhost:8079/?token=518499913&user=-1355070315&config=3,1487,0,2
1778791331485,1320,HTTP Request,200,OK,Thread Group 1-6,text,true,,231,158,38,38,http://localhost:8079/?token=518499913&user=-1355070315&config=3,1320,0,0
1778791331626,1193,HTTP Request,200,OK,Thread Group 1-14,text,true,,231,158,38,38,http://localhost:8079/?token=518499913&user=-1355070315&config=3,1193,0,0
1778791331285,1534,HTTP Request,200,OK,Thread Group 1-20,text,true,,231,158,38,38,http://localhost:8079/?token=518499913&user=-1355070315&config=3,1534,0,0
1778791331485,1334,HTTP Request,200,OK,Thread Group 1-10,text,true,,231,158,38,38,http://localhost:8079/?token=518499913&user=-1355070315&config=3,1334,0,0
1778791331640,1224,HTTP Request,200,OK,Thread Group 1-17,text,true,,231,158,38,38,http://localhost:8079/?token=518499913&user=-1355070315&config=3,1224,0,0
1778791331641,1236,HTTP Request,200,OK,Thread Group 1-36,text,true,,231,158,38,38,http://localhost:8079/?token=518499913&user=-1355070315&config=3,1236,0,0
1778791331691,1186,HTTP Request,200,OK,Thread Group 1-9,text,true,,231,158,38,38,http://localhost:8079/?token=518499913&user=-1355070315&config=3,1186,0,0
1778791331705,1337,HTTP Request,200,OK,Thread Group 1-3,text,true,,231,158,38,38,http://localhost:8079/?token=518499913&user=-1355070315&config=3,1337,0,0
1778791331705,1337,HTTP Request,200,OK,Thread Group 1-4,text,true,,231,158,38,38,http://localhost:8079/?token=518499913&user=-1355070315&config=3,1337,0,0
1778791331758,1300,HTTP Request,200,OK,Thread Group 1-22,text,true,,231,158,38,38,http://localhost:8079/?token=518499913&user=-1355070315&config=3,1300,0,0
1778791331743,1315,HTTP Request,200,OK,Thread Group 1-35,text,true,,231,158,38,38,http://localhost:8079/?token=518499913&user=-1355070315&config=3,1315,0,0
1778791331757,1328,HTTP Request,200,OK,Thread Group 1-12,text,true,,231,158,38,38,http://localhost:8079/?token=518499913&user=-1355070315&config=3,1328,0,0
1778791331799,1287,HTTP Request,200,OK,Thread Group 1-23,text,true,,231,158,38,38,http://localhost:8079/?token=518499913&user=-1355070315&config=3,1287,0,0
1778791331785,1301,HTTP Request,200,OK,Thread Group 1-34,text,true,,231,158,38,38,http://localhost:8079/?token=518499913&user=-1355070315&config=3,1301,0,0
1778791331798,1363,HTTP Request,200,OK,Thread Group 1-15,text,true,,231,158,38,38,http://localhost:8079/?token=518499913&user=-1355070315&config=3,1363,0,0
1778791331995,1182,HTTP Request,200,OK,Thread Group 1-33,text,true,,231,158,38,38,http://localhost:8079/?token=518499913&user=-1355070315&config=3,1182,0,0
1778791332011,1408,HTTP Request,200,OK,Thread Group 1-18,text,true,,231,158,39,39,http://localhost:8079/?token=518499913&user=-1355070315&config=3,1408,0,0
1778791332012,1407,HTTP Request,200,OK,Thread Group 1-11,text,true,,231,158,39,39,http://localhost:8079/?token=518499913&user=-1355070315&config=3,1407,0,0
1778791332012,1421,HTTP Request,200,OK,Thread Group 1-2,text,true,,231,158,39,39,http://localhost:8079/?token=518499913&user=-1355070315&config=3,1421,0,0
1778791332013,1421,HTTP Request,200,OK,Thread Group 1-8,text,true,,231,158,39,39,http://localhost:8079/?token=518499913&user=-1355070315&config=3,1421,0,0
1778791332059,1375,HTTP Request,200,OK,Thread Group 1-25,text,true,,231,158,39,39,http://localhost:8079/?token=518499913&user=-1355070315&config=3,1375,0,0
1778791332333,1235,HTTP Request,200,OK,Thread Group 1-7,text,true,,231,158,39,39,http://localhost:8079/?token=518499913&user=-1355070315&config=3,1235,0,0
1778791332255,1313,HTTP Request,200,OK,Thread Group 1-38,text,true,,231,158,39,39,http://localhost:8079/?token=518499913&user=-1355070315&config=3,1313,0,2
1778791332011,1557,HTTP Request,200,OK,Thread Group 1-24,text,true,,231,158,39,39,http://localhost:8079/?token=518499913&user=-1355070315&config=3,1557,0,0
1778791332316,1253,HTTP Request,200,OK,Thread Group 1-13,text,true,,231,158,39,39,http://localhost:8079/?token=518499913&user=-1355070315&config=3,1253,0,0
1778791332334,1234,HTTP Request,200,OK,Thread Group 1-27,text,true,,231,158,39,39,http://localhost:8079/?token=518499913&user=-1355070315&config=3,1234,0,0
1778791332335,1250,HTTP Request,200,OK,Thread Group 1-32,text,true,,231,158,39,39,http://localhost:8079/?token=518499913&user=-1355070315&config=3,1250,0,0
1778791332334,1529,HTTP Request,200,OK,Thread Group 1-31,text,true,,231,158,39,39,http://localhost:8079/?token=518499913&user=-1355070315&config=3,1529,0,0
1778791332535,1343,HTTP Request,200,OK,Thread Group 1-5,text,true,,231,158,39,39,http://localhost:8079/?token=518499913&user=-1355070315&config=3,1343,0,0
1778791332344,1534,HTTP Request,200,OK,Thread Group 1-26,text,true,,231,158,39,39,http://localhost:8079/?token=518499913&user=-1355070315&config=3,1534,0,0
1778791332361,1518,HTTP Request,200,OK,Thread Group 1-28,text,true,,231,158,39,39,http://localhost:8079/?token=518499913&user=-1355070315&config=3,1518,0,0
1778791332344,1535,HTTP Request,200,OK,Thread Group 1-30,text,true,,231,158,39,39,http://localhost:8079/?token=518499913&user=-1355070315&config=3,1535,0,0
1778791332520,1358,HTTP Request,200,OK,Thread Group 1-19,text,true,,231,158,39,39,http://localhost:8079/?token=518499913&user=-1355070315&config=3,1358,0,0
1778791332535,1367,HTTP Request,200,OK,Thread Group 1-29,text,true,,231,158,39,39,http://localhost:8079/?token=518499913&user=-1355070315&config=3,1367,0,0
1778791332535,1381,HTTP Request,200,OK,Thread Group 1-1,text,true,,231,158,39,39,http://localhost:8079/?token=518499913&user=-1355070315&config=3,1381,0,0
1778791332726,1367,HTTP Request,200,OK,Thread Group 1-16,text,true,,231,158,39,39,http://localhost:8079/?token=518499913&user=-1355070315&config=3,1367,0,0
1778791332806,1297,HTTP Request,200,OK,Thread Group 1-6,text,true,,231,158,39,39,http://localhost:8079/?token=518499913&user=-1355070315&config=3,1297,0,0
1778791332819,1284,HTTP Request,200,OK,Thread Group 1-14,text,true,,231,158,39,39,http://localhost:8079/?token=518499913&user=-1355070315&config=3,1284,0,0
1778791332819,1285,HTTP Request,200,OK,Thread Group 1-20,text,true,,231,158,39,39,http://localhost:8079/?token=518499913&user=-1355070315&config=3,1285,0,0
1778791332740,1364,HTTP Request,200,OK,Thread Group 1-21,text,true,,231,158,39,39,http://localhost:8079/?token=518499913&user=-1355070315&config=3,1364,0,0
1778791332741,1364,HTTP Request,200,OK,Thread Group 1-37,text,true,,231,158,39,39,http://localhost:8079/?token=518499913&user=-1355070315&config=3,1364,0,0
1778791332820,1301,HTTP Request,200,OK,Thread Group 1-10,text,true,,231,158,39,39,http://localhost:8079/?token=518499913&user=-1355070315&config=3,1301,0,0
1778791332864,1261,HTTP Request,200,OK,Thread Group 1-17,text,true,,231,158,39,39,http://localhost:8079/?token=518499913&user=-1355070315&config=3,1261,0,0
1778791332878,1274,HTTP Request,200,OK,Thread Group 1-36,text,true,,231,158,39,39,http://localhost:8079/?token=518499913&user=-1355070315&config=3,1274,0,0
1778791333042,1574,HTTP Request,200,OK,Thread Group 1-3,text,true,,231,158,40,40,http://localhost:8079/?token=518499913&user=-1355070315&config=3,1574,0,0
1778791332878,1738,HTTP Request,200,OK,Thread Group 1-9,text,true,,231,158,40,40,http://localhost:8079/?token=518499913&user=-1355070315&config=3,1738,0,0
1778791333086,1531,HTTP Request,200,OK,Thread Group 1-12,text,true,,231,158,40,40,http://localhost:8079/?token=518499913&user=-1355070315&config=3,1531,0,0
1778791333059,1558,HTTP Request,200,OK,Thread Group 1-35,text,true,,231,158,40,40,http://localhost:8079/?token=518499913&user=-1355070315&config=3,1558,0,0
1778791333043,1573,HTTP Request,200,OK,Thread Group 1-4,text,true,,231,158,40,40,http://localhost:8079/?token=518499913&user=-1355070315&config=3,1573,0,0
1778791333059,1558,HTTP Request,200,OK,Thread Group 1-22,text,true,,231,158,40,40,http://localhost:8079/?token=518499913&user=-1355070315&config=3,1558,0,0
1778791333161,1470,HTTP Request,200,OK,Thread Group 1-15,text,true,,231,158,40,40,http://localhost:8079/?token=518499913&user=-1355070315&config=3,1470,0,0
1778791333086,1546,HTTP Request,200,OK,Thread Group 1-23,text,true,,231,158,40,40,http://localhost:8079/?token=518499913&user=-1355070315&config=3,1546,0,0
1778791333177,1455,HTTP Request,200,OK,Thread Group 1-33,text,true,,231,158,40,40,http://localhost:8079/?token=518499913&user=-1355070315&config=3,1455,0,0
1778791333086,1547,HTTP Request,200,OK,Thread Group 1-34,text,true,,231,158,40,40,http://localhost:8079/?token=518499913&user=-1355070315&config=3,1547,0,0
1778791333419,1317,HTTP Request,200,OK,Thread Group 1-18,text,true,,231,158,40,40,http://localhost:8079/?token=518499913&user=-1355070315&config=3,1317,0,0
1778791333569,1421,HTTP Request,200,OK,Thread Group 1-24,text,true,,231,158,40,40,http://localhost:8079/?token=518499913&user=-1355070315&config=3,1421,0,0
1778791333434,1559,HTTP Request,200,OK,Thread Group 1-8,text,true,,231,158,40,40,http://localhost:8079/?token=518499913&user=-1355070315&config=3,1559,0,0
1778791333569,1425,HTTP Request,200,OK,Thread Group 1-27,text,true,,231,158,40,40,http://localhost:8079/?token=518499913&user=-1355070315&config=3,1425,0,0
1778791333585,1409,HTTP Request,200,OK,Thread Group 1-32,text,true,,231,158,40,40,http://localhost:8079/?token=518499913&user=-1355070315&config=3,1409,0,0
1778791333568,1426,HTTP Request,200,OK,Thread Group 1-38,text,true,,231,158,40,40,http://localhost:8079/?token=518499913&user=-1355070315&config=3,1426,0,0
1778791333419,1575,HTTP Request,200,OK,Thread Group 1-11,text,true,,231,158,40,40,http://localhost:8079/?token=518499913&user=-1355070315&config=3,1575,0,0
1778791333434,1574,HTTP Request,200,OK,Thread Group 1-2,text,true,,231,158,40,40,http://localhost:8079/?token=518499913&user=-1355070315&config=3,1574,0,0
1778791333569,1440,HTTP Request,200,OK,Thread Group 1-13,text,true,,231,158,40,40,http://localhost:8079/?token=518499913&user=-1355070315&config=3,1440,0,0
1778791333568,1440,HTTP Request,200,OK,Thread Group 1-7,text,true,,231,158,40,40,http://localhost:8079/?token=518499913&user=-1355070315&config=3,1440,0,0
1778791333251,1759,HTTP Request,200,OK,Thread Group 1-39,text,true,,231,158,40,40,http://localhost:8079/?token=518499913&user=-1355070315&config=3,1759,0,0
1778791333864,1160,HTTP Request,200,OK,Thread Group 1-31,text,true,,231,158,40,40,http://localhost:8079/?token=518499913&user=-1355070315&config=3,1160,0,0
1778791333434,1710,HTTP Request,200,OK,Thread Group 1-25,text,true,,231,158,40,40,http://localhost:8079/?token=518499913&user=-1355070315&config=3,1710,0,0
1778791333878,1285,HTTP Request,200,OK,Thread Group 1-5,text,true,,231,158,40,40,http://localhost:8079/?token=518499913&user=-1355070315&config=3,1285,0,0
1778791333879,1284,HTTP Request,200,OK,Thread Group 1-28,text,true,,231,158,40,40,http://localhost:8079/?token=518499913&user=-1355070315&config=3,1284,0,0
1778791333879,1286,HTTP Request,200,OK,Thread Group 1-30,text,true,,231,158,40,40,http://localhost:8079/?token=518499913&user=-1355070315&config=3,1286,0,0
1778791333878,1392,HTTP Request,200,OK,Thread Group 1-26,text,true,,231,158,41,41,http://localhost:8079/?token=518499913&user=-1355070315&config=3,1392,0,0
1778791333916,1369,HTTP Request,200,OK,Thread Group 1-1,text,true,,231,158,41,41,http://localhost:8079/?token=518499913&user=-1355070315&config=3,1369,0,0
1778791334093,1192,HTTP Request,200,OK,Thread Group 1-16,text,true,,231,158,41,41,http://localhost:8079/?token=518499913&user=-1355070315&config=3,1192,0,0
1778791333880,1406,HTTP Request,200,OK,Thread Group 1-19,text,true,,231,158,41,41,http://localhost:8079/?token=518499913&user=-1355070315&config=3,1406,0,0
1778791333902,1384,HTTP Request,200,OK,Thread Group 1-29,text,true,,231,158,41,41,http://localhost:8079/?token=518499913&user=-1355070315&config=3,1384,0,0
1778791334105,1342,HTTP Request,200,OK,Thread Group 1-37,text,true,,231,158,41,41,http://localhost:8079/?token=518499913&user=-1355070315&config=3,1342,0,0
1778791334103,1363,HTTP Request,200,OK,Thread Group 1-14,text,true,,231,158,41,41,http://localhost:8079/?token=518499913&user=-1355070315&config=3,1363,0,0
1778791334104,1368,HTTP Request,200,OK,Thread Group 1-20,text,true,,231,158,41,41,http://localhost:8079/?token=518499913&user=-1355070315&config=3,1368,0,0
1778791334104,1368,HTTP Request,200,OK,Thread Group 1-21,text,true,,231,158,41,41,http://localhost:8079/?token=518499913&user=-1355070315&config=3,1368,0,0
1778791334103,1657,HTTP Request,200,OK,Thread Group 1-6,text,true,,231,158,41,41,http://localhost:8079/?token=518499913&user=-1355070315&config=3,1657,0,0
1778791334121,1655,HTTP Request,200,OK,Thread Group 1-10,text,true,,231,158,41,41,http://localhost:8079/?token=518499913&user=-1355070315&config=3,1655,0,0
1778791334617,1159,HTTP Request,200,OK,Thread Group 1-12,text,true,,231,158,41,41,http://localhost:8079/?token=518499913&user=-1355070315&config=3,1159,0,0
1778791334153,1624,HTTP Request,200,OK,Thread Group 1-36,text,true,,231,158,41,41,http://localhost:8079/?token=518499913&user=-1355070315&config=3,1624,0,0
1778791334125,1652,HTTP Request,200,OK,Thread Group 1-17,text,true,,231,158,41,41,http://localhost:8079/?token=518499913&user=-1355070315&config=3,1652,0,0
1778791334253,1525,HTTP Request,200,OK,Thread Group 1-40,text,true,,231,158,41,41,http://localhost:8079/?token=518499913&user=-1355070315&config=3,1525,0,3
1778791334618,1233,HTTP Request,200,OK,Thread Group 1-22,text,true,,231,158,41,41,http://localhost:8079/?token=518499913&user=-1355070315&config=3,1233,0,0
1778791334616,1250,HTTP Request,200,OK,Thread Group 1-3,text,true,,231,158,41,41,http://localhost:8079/?token=518499913&user=-1355070315&config=3,1250,0,0
1778791334617,1249,HTTP Request,200,OK,Thread Group 1-35,text,true,,231,158,41,41,http://localhost:8079/?token=518499913&user=-1355070315&config=3,1249,0,0
1778791334618,1248,HTTP Request,200,OK,Thread Group 1-4,text,true,,231,158,41,41,http://localhost:8079/?token=518499913&user=-1355070315&config=3,1248,0,0
1778791334616,1575,HTTP Request,200,OK,Thread Group 1-9,text,true,,231,158,41,41,http://localhost:8079/?token=518499913&user=-1355070315&config=3,1574,0,0
1778791334631,1561,HTTP Request,200,OK,Thread Group 1-15,text,true,,231,158,41,41,http://localhost:8079/?token=518499913&user=-1355070315&config=3,1561,0,0
1778791334737,1455,HTTP Request,200,OK,Thread Group 1-18,text,true,,231,158,41,41,http://localhost:8079/?token=518499913&user=-1355070315&config=3,1455,0,0
1778791334632,1560,HTTP Request,200,OK,Thread Group 1-23,text,true,,231,158,41,41,http://localhost:8079/?token=518499913&user=-1355070315&config=3,1560,0,0
1778791334633,1559,HTTP Request,200,OK,Thread Group 1-33,text,true,,231,158,41,41,http://localhost:8079/?token=518499913&user=-1355070315&config=3,1559,0,0
1778791334633,1559,HTTP Request,200,OK,Thread Group 1-34,text,true,,231,158,41,41,http://localhost:8079/?token=518499913&user=-1355070315&config=3,1559,0,0
1778791334991,1213,HTTP Request,200,OK,Thread Group 1-24,text,true,,231,158,41,41,http://localhost:8079/?token=518499913&user=-1355070315&config=3,1213,0,0
1778791334994,1210,HTTP Request,200,OK,Thread Group 1-27,text,true,,231,158,41,41,http://localhost:8079/?token=518499913&user=-1355070315&config=3,1210,0,0
1778791334994,1211,HTTP Request,200,OK,Thread Group 1-32,text,true,,231,158,41,41,http://localhost:8079/?token=518499913&user=-1355070315&config=3,1211,0,0
1778791334994,1211,HTTP Request,200,OK,Thread Group 1-38,text,true,,231,158,41,41,http://localhost:8079/?token=518499913&user=-1355070315&config=3,1211,0,0
1778791334994,1210,HTTP Request,200,OK,Thread Group 1-11,text,true,,231,158,41,41,http://localhost:8079/?token=518499913&user=-1355070315&config=3,1210,0,0
1778791334993,1264,HTTP Request,200,OK,Thread Group 1-8,text,true,,231,158,42,42,http://localhost:8079/?token=518499913&user=-1355070315&config=3,1264,0,0
1778791335009,1317,HTTP Request,200,OK,Thread Group 1-13,text,true,,231,158,42,42,http://localhost:8079/?token=518499913&user=-1355070315&config=3,1317,0,0
1778791335010,1348,HTTP Request,200,OK,Thread Group 1-7,text,true,,231,158,42,42,http://localhost:8079/?token=518499913&user=-1355070315&config=3,1348,0,0
1778791335009,1365,HTTP Request,200,OK,Thread Group 1-2,text,true,,231,158,42,42,http://localhost:8079/?token=518499913&user=-1355070315&config=3,1365,0,0
1778791335010,1526,HTTP Request,200,OK,Thread Group 1-39,text,true,,231,158,42,42,http://localhost:8079/?token=518499913&user=-1355070315&config=3,1526,0,0
1778791335025,1555,HTTP Request,200,OK,Thread Group 1-31,text,true,,231,158,42,42,http://localhost:8079/?token=518499913&user=-1355070315&config=3,1555,0,0
1778791335164,1434,HTTP Request,200,OK,Thread Group 1-5,text,true,,231,158,42,42,http://localhost:8079/?token=518499913&user=-1355070315&config=3,1434,0,0
1778791335145,1454,HTTP Request,200,OK,Thread Group 1-25,text,true,,231,158,42,42,http://localhost:8079/?token=518499913&user=-1355070315&config=3,1454,0,0
1778791335165,1434,HTTP Request,200,OK,Thread Group 1-28,text,true,,231,158,42,42,http://localhost:8079/?token=518499913&user=-1355070315&config=3,1434,0,0
1778791335165,1434,HTTP Request,200,OK,Thread Group 1-30,text,true,,231,158,42,42,http://localhost:8079/?token=518499913&user=-1355070315&config=3,1434,0,0
1778791335271,1444,HTTP Request,200,OK,Thread Group 1-26,text,true,,231,158,42,42,http://localhost:8079/?token=518499913&user=-1355070315&config=3,1444,0,0
1778791335254,1475,HTTP Request,200,OK,Thread Group 1-41,text,true,,231,158,42,42,http://localhost:8079/?token=518499913&user=-1355070315&config=3,1475,0,2
1778791335286,1505,HTTP Request,200,OK,Thread Group 1-16,text,true,,231,158,42,42,http://localhost:8079/?token=518499913&user=-1355070315&config=3,1505,0,0
1778791335286,1557,HTTP Request,200,OK,Thread Group 1-1,text,true,,231,158,42,42,http://localhost:8079/?token=518499913&user=-1355070315&config=3,1557,0,0
1778791335287,1571,HTTP Request,200,OK,Thread Group 1-19,text,true,,231,158,42,42,http://localhost:8079/?token=518499913&user=-1355070315&config=3,1571,0,0
1778791335288,1662,HTTP Request,200,OK,Thread Group 1-29,text,true,,231,158,42,42,http://localhost:8079/?token=518499913&user=-1355070315&config=3,1662,0,0
1778791335448,1531,HTTP Request,200,OK,Thread Group 1-37,text,true,,231,158,42,42,http://localhost:8079/?token=518499913&user=-1355070315&config=3,1531,0,0
1778791335471,1524,HTTP Request,200,OK,Thread Group 1-14,text,true,,231,158,42,42,http://localhost:8079/?token=518499913&user=-1355070315&config=3,1524,0,0
1778791335472,1523,HTTP Request,200,OK,Thread Group 1-20,text,true,,231,158,42,42,http://localhost:8079/?token=518499913&user=-1355070315&config=3,1523,0,0
1778791335761,1234,HTTP Request,200,OK,Thread Group 1-6,text,true,,231,158,42,42,http://localhost:8079/?token=518499913&user=-1355070315&config=3,1234,0,0
1778791335472,1524,HTTP Request,200,OK,Thread Group 1-21,text,true,,231,158,42,42,http://localhost:8079/?token=518499913&user=-1355070315&config=3,1524,0,0
1778791335777,1232,HTTP Request,200,OK,Thread Group 1-12,text,true,,231,158,42,42,http://localhost:8079/?token=518499913&user=-1355070315&config=3,1232,0,0
1778791335778,1231,HTTP Request,200,OK,Thread Group 1-40,text,true,,231,158,42,42,http://localhost:8079/?token=518499913&user=-1355070315&config=3,1231,0,0
1778791335777,1311,HTTP Request,200,OK,Thread Group 1-17,text,true,,231,158,42,42,http://localhost:8079/?token=518499913&user=-1355070315&config=3,1311,0,0
1778791335777,1462,HTTP Request,200,OK,Thread Group 1-10,text,true,,231,158,42,42,http://localhost:8079/?token=518499913&user=-1355070315&config=3,1462,0,0
1778791335853,1399,HTTP Request,200,OK,Thread Group 1-22,text,true,,231,158,43,43,http://localhost:8079/?token=518499913&user=-1355070315&config=3,1399,0,0
1778791335777,1476,HTTP Request,200,OK,Thread Group 1-36,text,true,,231,158,43,43,http://localhost:8079/?token=518499913&user=-1355070315&config=3,1476,0,0
1778791335866,1568,HTTP Request,200,OK,Thread Group 1-3,text,true,,231,158,43,43,http://localhost:8079/?token=518499913&user=-1355070315&config=3,1568,0,0
1778791336191,1244,HTTP Request,200,OK,Thread Group 1-9,text,true,,231,158,43,43,http://localhost:8079/?token=518499913&user=-1355070315&config=3,1244,0,0
1778791335867,1568,HTTP Request,200,OK,Thread Group 1-4,text,true,,231,158,43,43,http://localhost:8079/?token=518499913&user=-1355070315&config=3,1568,0,0
1778791336192,1243,HTTP Request,200,OK,Thread Group 1-18,text,true,,231,158,43,43,http://localhost:8079/?token=518499913&user=-1355070315&config=3,1243,0,0
1778791335866,1569,HTTP Request,200,OK,Thread Group 1-35,text,true,,231,158,43,43,http://localhost:8079/?token=518499913&user=-1355070315&config=3,1569,0,0
1778791336193,1242,HTTP Request,200,OK,Thread Group 1-33,text,true,,231,158,43,43,http://localhost:8079/?token=518499913&user=-1355070315&config=3,1242,0,0
1778791336192,1259,HTTP Request,200,OK,Thread Group 1-15,text,true,,231,158,43,43,http://localhost:8079/?token=518499913&user=-1355070315&config=3,1259,0,0
1778791336192,1259,HTTP Request,200,OK,Thread Group 1-23,text,true,,231,158,43,43,http://localhost:8079/?token=518499913&user=-1355070315&config=3,1259,0,0
1778791336205,1294,HTTP Request,200,OK,Thread Group 1-32,text,true,,231,158,43,43,http://localhost:8079/?token=518499913&user=-1355070315&config=3,1294,0,0
1778791336205,1311,HTTP Request,200,OK,Thread Group 1-11,text,true,,231,158,43,43,http://localhost:8079/?token=518499913&user=-1355070315&config=3,1311,0,0
1778791336205,1316,HTTP Request,200,OK,Thread Group 1-24,text,true,,231,158,43,43,http://localhost:8079/?token=518499913&user=-1355070315&config=3,1316,0,0
1778791336193,1328,HTTP Request,200,OK,Thread Group 1-34,text,true,,231,158,43,43,http://localhost:8079/?token=518499913&user=-1355070315&config=3,1328,0,0
1778791336258,1654,HTTP Request,200,OK,Thread Group 1-8,text,true,,231,158,43,43,http://localhost:8079/?token=518499913&user=-1355070315&config=3,1654,0,0
1778791336326,1586,HTTP Request,200,OK,Thread Group 1-13,text,true,,231,158,43,43,http://localhost:8079/?token=518499913&user=-1355070315&config=3,1586,0,0
1778791336205,1709,HTTP Request,200,OK,Thread Group 1-27,text,true,,231,158,43,43,http://localhost:8079/?token=518499913&user=-1355070315&config=3,1709,0,0
1778791336205,1709,HTTP Request,200,OK,Thread Group 1-38,text,true,,231,158,43,43,http://localhost:8079/?token=518499913&user=-1355070315&config=3,1709,0,0
1778791336358,1554,HTTP Request,200,OK,Thread Group 1-7,text,true,,231,158,43,43,http://localhost:8079/?token=518499913&user=-1355070315&config=3,1554,0,0
1778791336256,1658,HTTP Request,200,OK,Thread Group 1-42,text,true,,231,158,43,43,http://localhost:8079/?token=518499913&user=-1355070315&config=3,1658,0,2
1778791336537,1389,HTTP Request,200,OK,Thread Group 1-39,text,true,,231,158,43,43,http://localhost:8079/?token=518499913&user=-1355070315&config=3,1389,0,0
1778791336374,1552,HTTP Request,200,OK,Thread Group 1-2,text,true,,231,158,43,43,http://localhost:8079/?token=518499913&user=-1355070315&config=3,1552,0,0
1778791336581,1479,HTTP Request,200,OK,Thread Group 1-31,text,true,,231,158,43,43,http://localhost:8079/?token=518499913&user=-1355070315&config=3,1479,0,0
1778791336599,1475,HTTP Request,200,OK,Thread Group 1-5,text,true,,231,158,43,43,http://localhost:8079/?token=518499913&user=-1355070315&config=3,1475,0,0
1778791336599,1476,HTTP Request,200,OK,Thread Group 1-28,text,true,,231,158,43,43,http://localhost:8079/?token=518499913&user=-1355070315&config=3,1476,0,0
1778791336599,1477,HTTP Request,200,OK,Thread Group 1-30,text,true,,231,158,43,43,http://localhost:8079/?token=518499913&user=-1355070315&config=3,1477,0,0
1778791336716,1616,HTTP Request,200,OK,Thread Group 1-26,text,true,,231,158,44,44,http://localhost:8079/?token=518499913&user=-1355070315&config=3,1616,0,0
1778791336844,1490,HTTP Request,200,OK,Thread Group 1-1,text,true,,231,158,44,44,http://localhost:8079/?token=518499913&user=-1355070315&config=3,1490,0,0
1778791336792,1542,HTTP Request,200,OK,Thread Group 1-16,text,true,,231,158,44,44,http://localhost:8079/?token=518499913&user=-1355070315&config=3,1542,0,0
1778791336858,1476,HTTP Request,200,OK,Thread Group 1-19,text,true,,231,158,44,44,http://localhost:8079/?token=518499913&user=-1355070315&config=3,1476,0,0
1778791336599,1736,HTTP Request,200,OK,Thread Group 1-25,text,true,,231,158,44,44,http://localhost:8079/?token=518499913&user=-1355070315&config=3,1736,0,0
1778791336731,1604,HTTP Request,200,OK,Thread Group 1-41,text,true,,231,158,44,44,http://localhost:8079/?token=518499913&user=-1355070315&config=3,1604,0,0
1778791336951,1401,HTTP Request,200,OK,Thread Group 1-29,text,true,,231,158,44,44,http://localhost:8079/?token=518499913&user=-1355070315&config=3,1401,0,0
1778791336980,1372,HTTP Request,200,OK,Thread Group 1-37,text,true,,231,158,44,44,http://localhost:8079/?token=518499913&user=-1355070315&config=3,1372,0,0
1778791336996,1498,HTTP Request,200,OK,Thread Group 1-14,text,true,,231,158,44,44,http://localhost:8079/?token=518499913&user=-1355070315&config=3,1498,0,0
1778791336996,1506,HTTP Request,200,OK,Thread Group 1-20,text,true,,231,158,44,44,http://localhost:8079/?token=518499913&user=-1355070315&config=3,1506,0,0
1778791336996,1507,HTTP Request,200,OK,Thread Group 1-21,text,true,,231,158,44,44,http://localhost:8079/?token=518499913&user=-1355070315&config=3,1507,0,0
1778791337011,1491,HTTP Request,200,OK,Thread Group 1-12,text,true,,231,158,44,44,http://localhost:8079/?token=518499913&user=-1355070315&config=3,1491,0,0
1778791336996,1507,HTTP Request,200,OK,Thread Group 1-6,text,true,,231,158,44,44,http://localhost:8079/?token=518499913&user=-1355070315&config=3,1507,0,0
1778791337011,1637,HTTP Request,200,OK,Thread Group 1-40,text,true,,231,158,44,44,http://localhost:8079/?token=518499913&user=-1355070315&config=3,1637,0,0
1778791337434,1229,HTTP Request,200,OK,Thread Group 1-3,text,true,,231,158,44,44,http://localhost:8079/?token=518499913&user=-1355070315&config=3,1229,0,0
1778791337241,1423,HTTP Request,200,OK,Thread Group 1-10,text,true,,231,158,44,44,http://localhost:8079/?token=518499913&user=-1355070315&config=3,1423,0,0
1778791337089,1576,HTTP Request,200,OK,Thread Group 1-17,text,true,,231,158,44,44,http://localhost:8079/?token=518499913&user=-1355070315&config=3,1575,0,0
1778791337253,1412,HTTP Request,200,OK,Thread Group 1-22,text,true,,231,158,44,44,http://localhost:8079/?token=518499913&user=-1355070315&config=3,1412,0,0
1778791337254,1411,HTTP Request,200,OK,Thread Group 1-36,text,true,,231,158,44,44,http://localhost:8079/?token=518499913&user=-1355070315&config=3,1411,0,0
1778791337253,1428,HTTP Request,200,OK,Thread Group 1-43,text,true,,231,158,44,44,http://localhost:8079/?token=518499913&user=-1355070315&config=3,1428,0,2
1778791337435,1246,HTTP Request,200,OK,Thread Group 1-35,text,true,,231,158,44,44,http://localhost:8079/?token=518499913&user=-1355070315&config=3,1246,0,0
1778791337435,1434,HTTP Request,200,OK,Thread Group 1-18,text,true,,231,158,44,44,http://localhost:8079/?token=518499913&user=-1355070315&config=3,1434,0,0
1778791337435,1468,HTTP Request,200,OK,Thread Group 1-4,text,true,,231,158,44,44,http://localhost:8079/?token=518499913&user=-1355070315&config=3,1468,0,0
1778791337435,1469,HTTP Request,200,OK,Thread Group 1-9,text,true,,231,158,44,44,http://localhost:8079/?token=518499913&user=-1355070315&config=3,1469,0,0
1778791337451,1453,HTTP Request,200,OK,Thread Group 1-23,text,true,,231,158,44,44,http://localhost:8079/?token=518499913&user=-1355070315&config=3,1453,0,0
1778791337435,1469,HTTP Request,200,OK,Thread Group 1-33,text,true,,231,158,44,44,http://localhost:8079/?token=518499913&user=-1355070315&config=3,1469,0,0
1778791337451,1721,HTTP Request,200,OK,Thread Group 1-15,text,true,,231,158,44,44,http://localhost:8079/?token=518499913&user=-1355070315&config=3,1721,0,0
1778791337518,1654,HTTP Request,200,OK,Thread Group 1-11,text,true,,231,158,44,44,http://localhost:8079/?token=518499913&user=-1355070315&config=3,1654,0,0
1778791337523,1650,HTTP Request,200,OK,Thread Group 1-24,text,true,,231,158,44,44,http://localhost:8079/?token=518499913&user=-1355070315&config=3,1650,0,0
1778791337500,1674,HTTP Request,200,OK,Thread Group 1-32,text,true,,231,158,44,44,http://localhost:8079/?token=518499913&user=-1355070315&config=3,1673,0,0
1778791337523,1651,HTTP Request,200,OK,Thread Group 1-34,text,true,,231,158,44,44,http://localhost:8079/?token=518499913&user=-1355070315&config=3,1651,0,0
1778791337914,1259,HTTP Request,200,OK,Thread Group 1-27,text,true,,231,158,44,44,http://localhost:8079/?token=518499913&user=-1355070315&config=3,1259,0,0
1778791337913,1275,HTTP Request,200,OK,Thread Group 1-13,text,true,,231,158,44,44,http://localhost:8079/?token=518499913&user=-1355070315&config=3,1275,0,0
1778791337914,1274,HTTP Request,200,OK,Thread Group 1-42,text,true,,231,158,44,44,http://localhost:8079/?token=518499913&user=-1355070315&config=3,1274,0,0
1778791337914,1420,HTTP Request,200,OK,Thread Group 1-7,text,true,,231,158,45,45,http://localhost:8079/?token=518499913&user=-1355070315&config=3,1420,0,0
1778791337927,1421,HTTP Request,200,OK,Thread Group 1-2,text,true,,231,158,45,45,http://localhost:8079/?token=518499913&user=-1355070315&config=3,1421,0,0
1778791337914,1434,HTTP Request,200,OK,Thread Group 1-38,text,true,,231,158,45,45,http://localhost:8079/?token=518499913&user=-1355070315&config=3,1434,0,0
1778791337913,1435,HTTP Request,200,OK,Thread Group 1-8,text,true,,231,158,45,45,http://localhost:8079/?token=518499913&user=-1355070315&config=3,1435,0,0
1778791337926,1423,HTTP Request,200,OK,Thread Group 1-39,text,true,,231,158,45,45,http://localhost:8079/?token=518499913&user=-1355070315&config=3,1423,0,0
1778791338332,1286,HTTP Request,200,OK,Thread Group 1-26,text,true,,231,158,45,45,http://localhost:8079/?token=518499913&user=-1355070315&config=3,1286,0,0
1778791338061,1558,HTTP Request,200,OK,Thread Group 1-31,text,true,,231,158,45,45,http://localhost:8079/?token=518499913&user=-1355070315&config=3,1558,0,0
1778791338335,1285,HTTP Request,200,OK,Thread Group 1-41,text,true,,231,158,45,45,http://localhost:8079/?token=518499913&user=-1355070315&config=3,1285,0,0
1778791338076,1542,HTTP Request,200,OK,Thread Group 1-30,text,true,,231,158,45,45,http://localhost:8079/?token=518499913&user=-1355070315&config=3,1542,0,0
1778791338075,1543,HTTP Request,200,OK,Thread Group 1-5,text,true,,231,158,45,45,http://localhost:8079/?token=518499913&user=-1355070315&config=3,1543,0,0
1778791338075,1543,HTTP Request,200,OK,Thread Group 1-28,text,true,,231,158,45,45,http://localhost:8079/?token=518499913&user=-1355070315&config=3,1543,0,0
1778791338334,1299,HTTP Request,200,OK,Thread Group 1-16,text,true,,231,158,45,45,http://localhost:8079/?token=518499913&user=-1355070315&config=3,1299,0,0
1778791338257,1377,HTTP Request,200,OK,Thread Group 1-44,text,true,,231,158,45,45,http://localhost:8079/?token=518499913&user=-1355070315&config=3,1377,0,2
1778791338334,1407,HTTP Request,200,OK,Thread Group 1-19,text,true,,231,158,45,45,http://localhost:8079/?token=518499913&user=-1355070315&config=3,1407,0,0
1778791338334,1422,HTTP Request,200,OK,Thread Group 1-1,text,true,,231,158,45,45,http://localhost:8079/?token=518499913&user=-1355070315&config=3,1422,0,0
1778791338494,1264,HTTP Request,200,OK,Thread Group 1-14,text,true,,231,158,45,45,http://localhost:8079/?token=518499913&user=-1355070315&config=3,1264,0,0
1778791338335,1424,HTTP Request,200,OK,Thread Group 1-25,text,true,,231,158,45,45,http://localhost:8079/?token=518499913&user=-1355070315&config=3,1424,0,0
1778791338352,1407,HTTP Request,200,OK,Thread Group 1-29,text,true,,231,158,45,45,http://localhost:8079/?token=518499913&user=-1355070315&config=3,1407,0,0
1778791338352,1407,HTTP Request,200,OK,Thread Group 1-37,text,true,,231,158,45,45,http://localhost:8079/?token=518499913&user=-1355070315&config=3,1407,0,0
1778791338503,1678,HTTP Request,200,OK,Thread Group 1-20,text,true,,231,158,45,45,http://localhost:8079/?token=518499913&user=-1355070315&config=3,1678,0,0
1778791338664,1518,HTTP Request,200,OK,Thread Group 1-3,text,true,,231,158,45,45,http://localhost:8079/?token=518499913&user=-1355070315&config=3,1518,0,0
1778791338503,1679,HTTP Request,200,OK,Thread Group 1-6,text,true,,231,158,45,45,http://localhost:8079/?token=518499913&user=-1355070315&config=3,1679,0,0
1778791338503,1704,HTTP Request,200,OK,Thread Group 1-12,text,true,,231,158,45,45,http://localhost:8079/?token=518499913&user=-1355070315&config=3,1704,0,0
1778791338503,1707,HTTP Request,200,OK,Thread Group 1-21,text,true,,231,158,45,45,http://localhost:8079/?token=518499913&user=-1355070315&config=3,1707,0,0
1778791338649,1561,HTTP Request,200,OK,Thread Group 1-40,text,true,,231,158,45,45,http://localhost:8079/?token=518499913&user=-1355070315&config=3,1561,0,0
1778791338664,1546,HTTP Request,200,OK,Thread Group 1-10,text,true,,231,158,45,45,http://localhost:8079/?token=518499913&user=-1355070315&config=3,1546,0,0
1778791338665,1545,HTTP Request,200,OK,Thread Group 1-22,text,true,,231,158,45,45,http://localhost:8079/?token=518499913&user=-1355070315&config=3,1545,0,0
1778791338665,1623,HTTP Request,200,OK,Thread Group 1-17,text,true,,231,158,46,46,http://localhost:8079/?token=518499913&user=-1355070315&config=3,1623,0,0
1778791338904,1478,HTTP Request,200,OK,Thread Group 1-23,text,true,,231,158,46,46,http://localhost:8079/?token=518499913&user=-1355070315&config=3,1478,0,0
1778791338681,1701,HTTP Request,200,OK,Thread Group 1-35,text,true,,231,158,46,46,http://localhost:8079/?token=518499913&user=-1355070315&config=3,1701,0,0
1778791338665,1718,HTTP Request,200,OK,Thread Group 1-36,text,true,,231,158,46,46,http://localhost:8079/?token=518499913&user=-1355070315&config=3,1718,0,0
1778791338681,1702,HTTP Request,200,OK,Thread Group 1-43,text,true,,231,158,46,46,http://localhost:8079/?token=518499913&user=-1355070315&config=3,1702,0,0
1778791338869,1513,HTTP Request,200,OK,Thread Group 1-18,text,true,,231,158,46,46,http://localhost:8079/?token=518499913&user=-1355070315&config=3,1513,0,0
1778791338904,1790,HTTP Request,200,OK,Thread Group 1-4,text,true,,231,158,46,46,http://localhost:8079/?token=518499913&user=-1355070315&config=3,1790,0,0
1778791338904,1790,HTTP Request,200,OK,Thread Group 1-9,text,true,,231,158,46,46,http://localhost:8079/?token=518499913&user=-1355070315&config=3,1790,0,0
1778791339172,1523,HTTP Request,200,OK,Thread Group 1-11,text,true,,231,158,46,46,http://localhost:8079/?token=518499913&user=-1355070315&config=3,1523,0,0
1778791339172,1524,HTTP Request,200,OK,Thread Group 1-15,text,true,,231,158,46,46,http://localhost:8079/?token=518499913&user=-1355070315&config=3,1524,0,0
1778791339174,1522,HTTP Request,200,OK,Thread Group 1-24,text,true,,231,158,46,46,http://localhost:8079/?token=518499913&user=-1355070315&config=3,1522,0,0
1778791338904,1792,HTTP Request,200,OK,Thread Group 1-33,text,true,,231,158,46,46,http://localhost:8079/?token=518499913&user=-1355070315&config=3,1792,0,0
1778791339174,1536,HTTP Request,200,OK,Thread Group 1-34,text,true,,231,158,46,46,http://localhost:8079/?token=518499913&user=-1355070315&config=3,1536,0,0
1778791339174,1536,HTTP Request,200,OK,Thread Group 1-32,text,true,,231,158,46,46,http://localhost:8079/?token=518499913&user=-1355070315&config=3,1536,0,0
1778791339334,1439,HTTP Request,200,OK,Thread Group 1-7,text,true,,231,158,46,46,http://localhost:8079/?token=518499913&user=-1355070315&config=3,1439,0,0
1778791339349,1426,HTTP Request,200,OK,Thread Group 1-8,text,true,,231,158,46,46,http://localhost:8079/?token=518499913&user=-1355070315&config=3,1426,0,0
1778791339348,1427,HTTP Request,200,OK,Thread Group 1-2,text,true,,231,158,46,46,http://localhost:8079/?token=518499913&user=-1355070315&config=3,1427,0,0
1778791339189,1586,HTTP Request,200,OK,Thread Group 1-13,text,true,,231,158,46,46,http://localhost:8079/?token=518499913&user=-1355070315&config=3,1586,0,0
1778791339174,1601,HTTP Request,200,OK,Thread Group 1-27,text,true,,231,158,46,46,http://localhost:8079/?token=518499913&user=-1355070315&config=3,1601,0,0
1778791339189,1586,HTTP Request,200,OK,Thread Group 1-42,text,true,,231,158,46,46,http://localhost:8079/?token=518499913&user=-1355070315&config=3,1586,0,0
1778791339348,1443,HTTP Request,200,OK,Thread Group 1-38,text,true,,231,158,46,46,http://localhost:8079/?token=518499913&user=-1355070315&config=3,1443,0,0
1778791339620,1471,HTTP Request,200,OK,Thread Group 1-5,text,true,,231,158,46,46,http://localhost:8079/?token=518499913&user=-1355070315&config=3,1471,0,0
1778791339620,1472,HTTP Request,200,OK,Thread Group 1-30,text,true,,231,158,46,46,http://localhost:8079/?token=518499913&user=-1355070315&config=3,1472,0,0
1778791339620,1473,HTTP Request,200,OK,Thread Group 1-41,text,true,,231,158,46,46,http://localhost:8079/?token=518499913&user=-1355070315&config=3,1473,0,0
1778791339251,1842,HTTP Request,200,OK,Thread Group 1-45,text,true,,231,158,46,46,http://localhost:8079/?token=518499913&user=-1355070315&config=3,1842,0,1
1778791339620,1471,HTTP Request,200,OK,Thread Group 1-28,text,true,,231,158,46,46,http://localhost:8079/?token=518499913&user=-1355070315&config=3,1471,0,0
1778791339349,1744,HTTP Request,200,OK,Thread Group 1-39,text,true,,231,158,46,46,http://localhost:8079/?token=518499913&user=-1355070315&config=3,1744,0,0
1778791339619,1485,HTTP Request,200,OK,Thread Group 1-31,text,true,,231,158,46,46,http://localhost:8079/?token=518499913&user=-1355070315&config=3,1485,0,0
1778791339619,1485,HTTP Request,200,OK,Thread Group 1-26,text,true,,231,158,46,46,http://localhost:8079/?token=518499913&user=-1355070315&config=3,1485,0,0
1778791339758,1672,HTTP Request,200,OK,Thread Group 1-14,text,true,,231,158,47,47,http://localhost:8079/?token=518499913&user=-1355070315&config=3,1672,0,0
1778791339634,1796,HTTP Request,200,OK,Thread Group 1-16,text,true,,231,158,47,47,http://localhost:8079/?token=518499913&user=-1355070315&config=3,1796,0,0
1778791339742,1689,HTTP Request,200,OK,Thread Group 1-19,text,true,,231,158,47,47,http://localhost:8079/?token=518499913&user=-1355070315&config=3,1689,0,0
1778791339759,1672,HTTP Request,200,OK,Thread Group 1-37,text,true,,231,158,47,47,http://localhost:8079/?token=518499913&user=-1355070315&config=3,1672,0,0
1778791339634,1797,HTTP Request,200,OK,Thread Group 1-44,text,true,,231,158,47,47,http://localhost:8079/?token=518499913&user=-1355070315&config=3,1797,0,0
1778791339758,1672,HTTP Request,200,OK,Thread Group 1-1,text,true,,231,158,47,47,http://localhost:8079/?token=518499913&user=-1355070315&config=3,1672,0,0
1778791339759,1686,HTTP Request,200,OK,Thread Group 1-25,text,true,,231,158,47,47,http://localhost:8079/?token=518499913&user=-1355070315&config=3,1686,0,0
1778791339759,1983,HTTP Request,200,OK,Thread Group 1-29,text,true,,231,158,47,47,http://localhost:8079/?token=518499913&user=-1355070315&config=3,1982,0,0
1778791340182,1563,HTTP Request,200,OK,Thread Group 1-3,text,true,,231,158,47,47,http://localhost:8079/?token=518499913&user=-1355070315&config=3,1563,0,0
1778791340182,1563,HTTP Request,200,OK,Thread Group 1-6,text,true,,231,158,47,47,http://localhost:8079/?token=518499913&user=-1355070315&config=3,1563,0,0
1778791340210,1536,HTTP Request,200,OK,Thread Group 1-12,text,true,,231,158,47,47,http://localhost:8079/?token=518499913&user=-1355070315&config=3,1536,0,0
1778791340181,1565,HTTP Request,200,OK,Thread Group 1-20,text,true,,231,158,47,47,http://localhost:8079/?token=518499913&user=-1355070315&config=3,1565,0,0
1778791340211,1535,HTTP Request,200,OK,Thread Group 1-22,text,true,,231,158,47,47,http://localhost:8079/?token=518499913&user=-1355070315&config=3,1535,0,0
1778791340210,1550,HTTP Request,200,OK,Thread Group 1-21,text,true,,231,158,47,47,http://localhost:8079/?token=518499913&user=-1355070315&config=3,1550,0,0
1778791340249,1511,HTTP Request,200,OK,Thread Group 1-46,text,true,,231,158,47,47,http://localhost:8079/?token=518499913&user=-1355070315&config=3,1511,0,0
1778791340210,1550,HTTP Request,200,OK,Thread Group 1-40,text,true,,231,158,47,47,http://localhost:8079/?token=518499913&user=-1355070315&config=3,1550,0,0
1778791340210,1652,HTTP Request,200,OK,Thread Group 1-10,text,true,,231,158,47,47,http://localhost:8079/?token=518499913&user=-1355070315&config=3,1652,0,0
1778791340383,1480,HTTP Request,200,OK,Thread Group 1-18,text,true,,231,158,47,47,http://localhost:8079/?token=518499913&user=-1355070315&config=3,1480,0,0
1778791340289,1575,HTTP Request,200,OK,Thread Group 1-17,text,true,,231,158,47,47,http://localhost:8079/?token=518499913&user=-1355070315&config=3,1575,0,0
1778791340381,1483,HTTP Request,200,OK,Thread Group 1-23,text,true,,231,158,47,47,http://localhost:8079/?token=518499913&user=-1355070315&config=3,1483,0,0
1778791340381,1483,HTTP Request,200,OK,Thread Group 1-35,text,true,,231,158,47,47,http://localhost:8079/?token=518499913&user=-1355070315&config=3,1483,0,0
1778791340382,1482,HTTP Request,200,OK,Thread Group 1-36,text,true,,231,158,47,47,http://localhost:8079/?token=518499913&user=-1355070315&config=3,1482,0,0
1778791340383,1583,HTTP Request,200,OK,Thread Group 1-43,text,true,,231,158,47,47,http://localhost:8079/?token=518499913&user=-1355070315&config=3,1583,0,0
1778791340695,1498,HTTP Request,200,OK,Thread Group 1-11,text,true,,231,158,47,47,http://localhost:8079/?token=518499913&user=-1355070315&config=3,1498,0,0
1778791340695,1498,HTTP Request,200,OK,Thread Group 1-24,text,true,,231,158,47,47,http://localhost:8079/?token=518499913&user=-1355070315&config=3,1498,0,0
1778791340694,1500,HTTP Request,200,OK,Thread Group 1-4,text,true,,231,158,47,47,http://localhost:8079/?token=518499913&user=-1355070315&config=3,1500,0,0
1778791340694,1500,HTTP Request,200,OK,Thread Group 1-9,text,true,,231,158,47,47,http://localhost:8079/?token=518499913&user=-1355070315&config=3,1500,0,0
1778791340696,1498,HTTP Request,200,OK,Thread Group 1-33,text,true,,231,158,47,47,http://localhost:8079/?token=518499913&user=-1355070315&config=3,1498,0,0
1778791340695,1500,HTTP Request,200,OK,Thread Group 1-15,text,true,,231,158,47,47,http://localhost:8079/?token=518499913&user=-1355070315&config=3,1500,0,0
1778791340709,1486,HTTP Request,200,OK,Thread Group 1-34,text,true,,231,158,47,47,http://localhost:8079/?token=518499913&user=-1355070315&config=3,1486,0,0
1778791340773,1441,HTTP Request,200,OK,Thread Group 1-7,text,true,,231,158,47,47,http://localhost:8079/?token=518499913&user=-1355070315&config=3,1441,0,0
1778791340709,1506,HTTP Request,200,OK,Thread Group 1-32,text,true,,231,158,47,47,http://localhost:8079/?token=518499913&user=-1355070315&config=3,1506,0,0
1778791340774,1706,HTTP Request,200,OK,Thread Group 1-2,text,true,,231,158,48,48,http://localhost:8079/?token=518499913&user=-1355070315&config=3,1706,0,0
1778791340774,1707,HTTP Request,200,OK,Thread Group 1-8,text,true,,231,158,48,48,http://localhost:8079/?token=518499913&user=-1355070315&config=3,1707,0,0
1778791340774,1707,HTTP Request,200,OK,Thread Group 1-27,text,true,,231,158,48,48,http://localhost:8079/?token=518499913&user=-1355070315&config=3,1707,0,0
1778791341091,1390,HTTP Request,200,OK,Thread Group 1-30,text,true,,231,158,48,48,http://localhost:8079/?token=518499913&user=-1355070315&config=3,1390,0,0
1778791340774,1707,HTTP Request,200,OK,Thread Group 1-42,text,true,,231,158,48,48,http://localhost:8079/?token=518499913&user=-1355070315&config=3,1707,0,0
1778791340774,1707,HTTP Request,200,OK,Thread Group 1-13,text,true,,231,158,48,48,http://localhost:8079/?token=518499913&user=-1355070315&config=3,1707,0,0
1778791341092,1401,HTTP Request,200,OK,Thread Group 1-41,text,true,,231,158,48,48,http://localhost:8079/?token=518499913&user=-1355070315&config=3,1401,0,0
1778791341091,1765,HTTP Request,200,OK,Thread Group 1-5,text,true,,231,158,48,48,http://localhost:8079/?token=518499913&user=-1355070315&config=3,1764,0,0
1778791341093,1763,HTTP Request,200,OK,Thread Group 1-28,text,true,,231,158,48,48,http://localhost:8079/?token=518499913&user=-1355070315&config=3,1763,0,0
1778791341104,1752,HTTP Request,200,OK,Thread Group 1-31,text,true,,231,158,48,48,http://localhost:8079/?token=518499913&user=-1355070315&config=3,1752,0,0
1778791341093,1763,HTTP Request,200,OK,Thread Group 1-39,text,true,,231,158,48,48,http://localhost:8079/?token=518499913&user=-1355070315&config=3,1763,0,0
1778791341092,1765,HTTP Request,200,OK,Thread Group 1-45,text,true,,231,158,48,48,http://localhost:8079/?token=518499913&user=-1355070315&config=3,1765,0,0
1778791340790,2066,HTTP Request,200,OK,Thread Group 1-38,text,true,,231,158,48,48,http://localhost:8079/?token=518499913&user=-1355070315&config=3,2066,0,0
1778791341104,1765,HTTP Request,200,OK,Thread Group 1-26,text,true,,231,158,48,48,http://localhost:8079/?token=518499913&user=-1355070315&config=3,1765,0,0
1778791341430,1440,HTTP Request,200,OK,Thread Group 1-37,text,true,,231,158,48,48,http://localhost:8079/?token=518499913&user=-1355070315&config=3,1440,0,0
1778791341430,1439,HTTP Request,200,OK,Thread Group 1-14,text,true,,231,158,48,48,http://localhost:8079/?token=518499913&user=-1355070315&config=3,1439,0,0
1778791341253,1617,HTTP Request,200,OK,Thread Group 1-47,text,true,,231,158,48,48,http://localhost:8079/?token=518499913&user=-1355070315&config=3,1617,0,4
1778791341430,1573,HTTP Request,200,OK,Thread Group 1-1,text,true,,231,158,48,48,http://localhost:8079/?token=518499913&user=-1355070315&config=3,1573,0,0
1778791341430,1575,HTTP Request,200,OK,Thread Group 1-16,text,true,,231,158,48,48,http://localhost:8079/?token=518499913&user=-1355070315&config=3,1575,0,0
1778791341430,1575,HTTP Request,200,OK,Thread Group 1-19,text,true,,231,158,48,48,http://localhost:8079/?token=518499913&user=-1355070315&config=3,1575,0,0
1778791341444,1562,HTTP Request,200,OK,Thread Group 1-25,text,true,,231,158,48,48,http://localhost:8079/?token=518499913&user=-1355070315&config=3,1562,0,0
1778791341743,1264,HTTP Request,200,OK,Thread Group 1-29,text,true,,231,158,48,48,http://localhost:8079/?token=518499913&user=-1355070315&config=3,1264,0,0
1778791341430,1578,HTTP Request,200,OK,Thread Group 1-44,text,true,,231,158,48,48,http://localhost:8079/?token=518499913&user=-1355070315&config=3,1578,0,0
1778791341745,1274,HTTP Request,200,OK,Thread Group 1-12,text,true,,231,158,48,48,http://localhost:8079/?token=518499913&user=-1355070315&config=3,1274,0,0
1778791341744,1783,HTTP Request,200,OK,Thread Group 1-3,text,true,,231,158,49,49,http://localhost:8079/?token=518499913&user=-1355070315&config=3,1783,0,0
1778791341744,1783,HTTP Request,200,OK,Thread Group 1-6,text,true,,231,158,49,49,http://localhost:8079/?token=518499913&user=-1355070315&config=3,1783,0,0
1778791341745,1782,HTTP Request,200,OK,Thread Group 1-22,text,true,,231,158,49,49,http://localhost:8079/?token=518499913&user=-1355070315&config=3,1782,0,0
1778791341745,1782,HTTP Request,200,OK,Thread Group 1-20,text,true,,231,158,49,49,http://localhost:8079/?token=518499913&user=-1355070315&config=3,1782,0,0
1778791341759,1768,HTTP Request,200,OK,Thread Group 1-40,text,true,,231,158,49,49,http://localhost:8079/?token=518499913&user=-1355070315&config=3,1768,0,0
1778791341759,1769,HTTP Request,200,OK,Thread Group 1-46,text,true,,231,158,49,49,http://localhost:8079/?token=518499913&user=-1355070315&config=3,1769,0,0
1778791341863,1679,HTTP Request,200,OK,Thread Group 1-17,text,true,,231,158,49,49,http://localhost:8079/?token=518499913&user=-1355070315&config=3,1679,0,0
1778791341759,1784,HTTP Request,200,OK,Thread Group 1-21,text,true,,231,158,49,49,http://localhost:8079/?token=518499913&user=-1355070315&config=3,1784,0,0
1778791341863,1679,HTTP Request,200,OK,Thread Group 1-18,text,true,,231,158,49,49,http://localhost:8079/?token=518499913&user=-1355070315&config=3,1679,0,0
1778791341864,1679,HTTP Request,200,OK,Thread Group 1-23,text,true,,231,158,49,49,http://localhost:8079/?token=518499913&user=-1355070315&config=3,1679,0,0
1778791341864,1727,HTTP Request,200,OK,Thread Group 1-36,text,true,,231,158,49,49,http://localhost:8079/?token=518499913&user=-1355070315&config=3,1727,0,0
1778791341862,1731,HTTP Request,200,OK,Thread Group 1-10,text,true,,231,158,49,49,http://localhost:8079/?token=518499913&user=-1355070315&config=3,1731,0,0
1778791342193,1400,HTTP Request,200,OK,Thread Group 1-11,text,true,,231,158,49,49,http://localhost:8079/?token=518499913&user=-1355070315&config=3,1400,0,0
1778791342193,1400,HTTP Request,200,OK,Thread Group 1-24,text,true,,231,158,49,49,http://localhost:8079/?token=518499913&user=-1355070315&config=3,1400,0,0
1778791341864,1729,HTTP Request,200,OK,Thread Group 1-35,text,true,,231,158,49,49,http://localhost:8079/?token=518499913&user=-1355070315&config=3,1729,0,0
1778791341966,1628,HTTP Request,200,OK,Thread Group 1-43,text,true,,231,158,49,49,http://localhost:8079/?token=518499913&user=-1355070315&config=3,1628,0,0
1778791342194,1419,HTTP Request,200,OK,Thread Group 1-4,text,true,,231,158,49,49,http://localhost:8079/?token=518499913&user=-1355070315&config=3,1419,0,0
1778791342195,1418,HTTP Request,200,OK,Thread Group 1-34,text,true,,231,158,49,49,http://localhost:8079/?token=518499913&user=-1355070315&config=3,1418,0,0
1778791342194,1857,HTTP Request,200,OK,Thread Group 1-9,text,true,,231,158,49,49,http://localhost:8079/?token=518499913&user=-1355070315&config=3,1857,0,0
1778791342195,1856,HTTP Request,200,OK,Thread Group 1-15,text,true,,231,158,49,49,http://localhost:8079/?token=518499913&user=-1355070315&config=3,1856,0,0
1778791342481,1570,HTTP Request,200,OK,Thread Group 1-30,text,true,,231,158,49,49,http://localhost:8079/?token=518499913&user=-1355070315&config=3,1570,0,0
1778791342215,1836,HTTP Request,200,OK,Thread Group 1-32,text,true,,231,158,49,49,http://localhost:8079/?token=518499913&user=-1355070315&config=3,1836,0,0
1778791342214,1837,HTTP Request,200,OK,Thread Group 1-7,text,true,,231,158,49,49,http://localhost:8079/?token=518499913&user=-1355070315&config=3,1837,0,0
1778791342195,1856,HTTP Request,200,OK,Thread Group 1-33,text,true,,231,158,49,49,http://localhost:8079/?token=518499913&user=-1355070315&config=3,1856,0,0
1778791342480,1586,HTTP Request,200,OK,Thread Group 1-2,text,true,,231,158,49,49,http://localhost:8079/?token=518499913&user=-1355070315&config=3,1586,0,0
1778791342481,1585,HTTP Request,200,OK,Thread Group 1-27,text,true,,231,158,49,49,http://localhost:8079/?token=518499913&user=-1355070315&config=3,1585,0,0
1778791342481,1585,HTTP Request,200,OK,Thread Group 1-8,text,true,,231,158,49,49,http://localhost:8079/?token=518499913&user=-1355070315&config=3,1585,0,0
1778791342253,1813,HTTP Request,200,OK,Thread Group 1-48,text,true,,231,158,49,49,http://localhost:8079/?token=518499913&user=-1355070315&config=3,1813,0,1
1778791342481,1753,HTTP Request,200,OK,Thread Group 1-13,text,true,,231,158,49,49,http://localhost:8079/?token=518499913&user=-1355070315&config=3,1753,0,0
1778791342856,1379,HTTP Request,200,OK,Thread Group 1-31,text,true,,231,158,49,49,http://localhost:8079/?token=518499913&user=-1355070315&config=3,1379,0,0
1778791342856,1379,HTTP Request,200,OK,Thread Group 1-39,text,true,,231,158,49,49,http://localhost:8079/?token=518499913&user=-1355070315&config=3,1379,0,0
1778791342494,1742,HTTP Request,200,OK,Thread Group 1-41,text,true,,231,158,49,49,http://localhost:8079/?token=518499913&user=-1355070315&config=3,1742,0,0
1778791342481,1755,HTTP Request,200,OK,Thread Group 1-42,text,true,,231,158,49,49,http://localhost:8079/?token=518499913&user=-1355070315&config=3,1755,0,0
1778791342856,1378,HTTP Request,200,OK,Thread Group 1-28,text,true,,231,158,49,49,http://localhost:8079/?token=518499913&user=-1355070315&config=3,1378,0,0
1778791342857,1390,HTTP Request,200,OK,Thread Group 1-45,text,true,,231,158,49,49,http://localhost:8079/?token=518499913&user=-1355070315&config=3,1390,0,0
1778791342856,1391,HTTP Request,200,OK,Thread Group 1-5,text,true,,231,158,49,49,http://localhost:8079/?token=518499913&user=-1355070315&config=3,1391,0,0
1778791342870,1802,HTTP Request,200,OK,Thread Group 1-26,text,true,,231,158,50,50,http://localhost:8079/?token=518499913&user=-1355070315&config=3,1802,0,0
1778791343007,1666,HTTP Request,200,OK,Thread Group 1-29,text,true,,231,158,50,50,http://localhost:8079/?token=518499913&user=-1355070315&config=3,1666,0,0
1778791342870,1803,HTTP Request,200,OK,Thread Group 1-37,text,true,,231,158,50,50,http://localhost:8079/?token=518499913&user=-1355070315&config=3,1803,0,0
1778791342857,1817,HTTP Request,200,OK,Thread Group 1-38,text,true,,231,158,50,50,http://localhost:8079/?token=518499913&user=-1355070315&config=3,1817,0,0
1778791342870,1804,HTTP Request,200,OK,Thread Group 1-47,text,true,,231,158,50,50,http://localhost:8079/?token=518499913&user=-1355070315&config=3,1804,0,0
1778791342870,1802,HTTP Request,200,OK,Thread Group 1-14,text,true,,231,158,50,50,http://localhost:8079/?token=518499913&user=-1355070315&config=3,1802,0,0
1778791343004,1903,HTTP Request,200,OK,Thread Group 1-1,text,true,,231,158,50,50,http://localhost:8079/?token=518499913&user=-1355070315&config=3,1903,0,0
1778791343005,1902,HTTP Request,200,OK,Thread Group 1-19,text,true,,231,158,50,50,http://localhost:8079/?token=518499913&user=-1355070315&config=3,1902,0,0
1778791343005,1902,HTTP Request,200,OK,Thread Group 1-16,text,true,,231,158,50,50,http://localhost:8079/?token=518499913&user=-1355070315&config=3,1902,0,0
1778791343007,1900,HTTP Request,200,OK,Thread Group 1-25,text,true,,231,158,50,50,http://localhost:8079/?token=518499913&user=-1355070315&config=3,1900,0,0
1778791343527,1574,HTTP Request,200,OK,Thread Group 1-3,text,true,,231,158,50,50,http://localhost:8079/?token=518499913&user=-1355070315&config=3,1574,0,0
1778791343019,2082,HTTP Request,200,OK,Thread Group 1-12,text,true,,231,158,50,50,http://localhost:8079/?token=518499913&user=-1355070315&config=3,2082,0,0
1778791343528,1573,HTTP Request,200,OK,Thread Group 1-20,text,true,,231,158,50,50,http://localhost:8079/?token=518499913&user=-1355070315&config=3,1573,0,0
1778791343015,2086,HTTP Request,200,OK,Thread Group 1-44,text,true,,231,158,50,50,http://localhost:8079/?token=518499913&user=-1355070315&config=3,2086,0,0
1778791343527,1574,HTTP Request,200,OK,Thread Group 1-6,text,true,,231,158,50,50,http://localhost:8079/?token=518499913&user=-1355070315&config=3,1574,0,0
1778791343251,1850,HTTP Request,200,OK,Thread Group 1-49,text,true,,231,158,50,50,http://localhost:8079/?token=518499913&user=-1355070315&config=3,1850,0,1
1778791343528,1595,HTTP Request,200,OK,Thread Group 1-40,text,true,,231,158,50,50,http://localhost:8079/?token=518499913&user=-1355070315&config=3,1595,0,0
1778791343528,1595,HTTP Request,200,OK,Thread Group 1-46,text,true,,231,158,50,50,http://localhost:8079/?token=518499913&user=-1355070315&config=3,1595,0,0
1778791343527,1596,HTTP Request,200,OK,Thread Group 1-22,text,true,,231,158,50,50,http://localhost:8079/?token=518499913&user=-1355070315&config=3,1596,0,0
1778791343543,1657,HTTP Request,200,OK,Thread Group 1-23,text,true,,231,158,50,50,http://localhost:8079/?token=518499913&user=-1355070315&config=3,1657,0,0
1778791343593,1608,HTTP Request,200,OK,Thread Group 1-10,text,true,,231,158,50,50,http://localhost:8079/?token=518499913&user=-1355070315&config=3,1608,0,0
1778791343543,1658,HTTP Request,200,OK,Thread Group 1-18,text,true,,231,158,50,50,http://localhost:8079/?token=518499913&user=-1355070315&config=3,1658,0,0
1778791343543,1659,HTTP Request,200,OK,Thread Group 1-21,text,true,,231,158,50,50,http://localhost:8079/?token=518499913&user=-1355070315&config=3,1659,0,0
1778791343593,1609,HTTP Request,200,OK,Thread Group 1-24,text,true,,231,158,50,50,http://localhost:8079/?token=518499913&user=-1355070315&config=3,1609,0,0
1778791343592,1610,HTTP Request,200,OK,Thread Group 1-36,text,true,,231,158,50,50,http://localhost:8079/?token=518499913&user=-1355070315&config=3,1610,0,0
1778791343593,1625,HTTP Request,200,OK,Thread Group 1-11,text,true,,231,158,50,50,http://localhost:8079/?token=518499913&user=-1355070315&config=3,1625,0,0
1778791343593,1625,HTTP Request,200,OK,Thread Group 1-35,text,true,,231,158,50,50,http://localhost:8079/?token=518499913&user=-1355070315&config=3,1625,0,0
1778791343594,1625,HTTP Request,200,OK,Thread Group 1-43,text,true,,231,158,50,50,http://localhost:8079/?token=518499913&user=-1355070315&config=3,1625,0,0
1778791343543,1675,HTTP Request,200,OK,Thread Group 1-17,text,true,,231,158,50,50,http://localhost:8079/?token=518499913&user=-1355070315&config=3,1675,0,0
1778791343613,2076,HTTP Request,200,OK,Thread Group 1-4,text,true,,231,158,51,51,http://localhost:8079/?token=518499913&user=-1355070315&config=3,2076,0,0
1778791344051,1639,HTTP Request,200,OK,Thread Group 1-9,text,true,,231,158,51,51,http://localhost:8079/?token=518499913&user=-1355070315&config=3,1639,0,0
1778791344051,1639,HTTP Request,200,OK,Thread Group 1-15,text,true,,231,158,51,51,http://localhost:8079/?token=518499913&user=-1355070315&config=3,1639,0,0
1778791344051,1639,HTTP Request,200,OK,Thread Group 1-32,text,true,,231,158,51,51,http://localhost:8079/?token=518499913&user=-1355070315&config=3,1639,0,0
1778791344051,1639,HTTP Request,200,OK,Thread Group 1-30,text,true,,231,158,51,51,http://localhost:8079/?token=518499913&user=-1355070315&config=3,1639,0,0
1778791343613,2078,HTTP Request,200,OK,Thread Group 1-34,text,true,,231,158,51,51,http://localhost:8079/?token=518499913&user=-1355070315&config=3,2078,0,0
1778791344051,1653,HTTP Request,200,OK,Thread Group 1-7,text,true,,231,158,51,51,http://localhost:8079/?token=518499913&user=-1355070315&config=3,1653,0,0
1778791344051,1653,HTTP Request,200,OK,Thread Group 1-33,text,true,,231,158,51,51,http://localhost:8079/?token=518499913&user=-1355070315&config=3,1653,0,0
1778791344066,1638,HTTP Request,200,OK,Thread Group 1-27,text,true,,231,158,51,51,http://localhost:8079/?token=518499913&user=-1355070315&config=3,1638,0,0
1778791344066,2085,HTTP Request,200,OK,Thread Group 1-2,text,true,,231,158,51,51,http://localhost:8079/?token=518499913&user=-1355070315&config=3,2085,0,0
1778791344066,2087,HTTP Request,200,OK,Thread Group 1-8,text,true,,231,158,51,51,http://localhost:8079/?token=518499913&user=-1355070315&config=3,2087,0,0
1778791344236,1918,HTTP Request,200,OK,Thread Group 1-28,text,true,,231,158,51,51,http://localhost:8079/?token=518499913&user=-1355070315&config=3,1918,0,0
1778791344235,1921,HTTP Request,200,OK,Thread Group 1-31,text,true,,231,158,51,51,http://localhost:8079/?token=518499913&user=-1355070315&config=3,1921,0,0
1778791344235,1923,HTTP Request,200,OK,Thread Group 1-39,text,true,,231,158,51,51,http://localhost:8079/?token=518499913&user=-1355070315&config=3,1923,0,0
1778791344066,2092,HTTP Request,200,OK,Thread Group 1-48,text,true,,231,158,51,51,http://localhost:8079/?token=518499913&user=-1355070315&config=3,2092,0,0
1778791344236,1929,HTTP Request,200,OK,Thread Group 1-41,text,true,,231,158,51,51,http://localhost:8079/?token=518499913&user=-1355070315&config=3,1929,0,0
1778791344248,1917,HTTP Request,200,OK,Thread Group 1-5,text,true,,231,158,51,51,http://localhost:8079/?token=518499913&user=-1355070315&config=3,1917,0,0
1778791344236,1929,HTTP Request,200,OK,Thread Group 1-42,text,true,,231,158,51,51,http://localhost:8079/?token=518499913&user=-1355070315&config=3,1929,0,0
1778791344235,1930,HTTP Request,200,OK,Thread Group 1-13,text,true,,231,158,51,51,http://localhost:8079/?token=518499913&user=-1355070315&config=3,1930,0,0
1778791344248,1917,HTTP Request,200,OK,Thread Group 1-45,text,true,,231,158,51,51,http://localhost:8079/?token=518499913&user=-1355070315&config=3,1917,0,0
1778791344673,1603,HTTP Request,200,OK,Thread Group 1-37,text,true,,231,158,52,52,http://localhost:8079/?token=518499913&user=-1355070315&config=3,1603,0,0
1778791344673,1604,HTTP Request,200,OK,Thread Group 1-29,text,true,,231,158,52,52,http://localhost:8079/?token=518499913&user=-1355070315&config=3,1604,0,0
1778791344674,1603,HTTP Request,200,OK,Thread Group 1-38,text,true,,231,158,52,52,http://localhost:8079/?token=518499913&user=-1355070315&config=3,1603,0,0
1778791344674,1603,HTTP Request,200,OK,Thread Group 1-47,text,true,,231,158,52,52,http://localhost:8079/?token=518499913&user=-1355070315&config=3,1603,0,0
1778791344251,2026,HTTP Request,200,OK,Thread Group 1-50,text,true,,231,158,52,52,http://localhost:8079/?token=518499913&user=-1355070315&config=3,2026,0,4
1778791344674,1603,HTTP Request,200,OK,Thread Group 1-14,text,true,,231,158,52,52,http://localhost:8079/?token=518499913&user=-1355070315&config=3,1603,0,0
1778791344907,1387,HTTP Request,200,OK,Thread Group 1-1,text,true,,231,158,52,52,http://localhost:8079/?token=518499913&user=-1355070315&config=3,1387,0,0
1778791344673,1622,HTTP Request,200,OK,Thread Group 1-26,text,true,,231,158,52,52,http://localhost:8079/?token=518499913&user=-1355070315&config=3,1622,0,0
1778791344907,1387,HTTP Request,200,OK,Thread Group 1-19,text,true,,231,158,52,52,http://localhost:8079/?token=518499913&user=-1355070315&config=3,1387,0,0
1778791345101,1694,HTTP Request,200,OK,Thread Group 1-12,text,true,,231,158,52,52,http://localhost:8079/?token=518499913&user=-1355070315&config=3,1694,0,0
1778791344907,1888,HTTP Request,200,OK,Thread Group 1-16,text,true,,231,158,52,52,http://localhost:8079/?token=518499913&user=-1355070315&config=3,1888,0,0
1778791345101,1695,HTTP Request,200,OK,Thread Group 1-20,text,true,,231,158,52,52,http://localhost:8079/?token=518499913&user=-1355070315&config=3,1695,0,0
1778791344908,1888,HTTP Request,200,OK,Thread Group 1-25,text,true,,231,158,52,52,http://localhost:8079/?token=518499913&user=-1355070315&config=3,1888,0,0
1778791345101,1694,HTTP Request,200,OK,Thread Group 1-3,text,true,,231,158,52,52,http://localhost:8079/?token=518499913&user=-1355070315&config=3,1694,0,0
1778791345102,1694,HTTP Request,200,OK,Thread Group 1-49,text,true,,231,158,52,52,http://localhost:8079/?token=518499913&user=-1355070315&config=3,1694,0,0
1778791345102,1708,HTTP Request,200,OK,Thread Group 1-6,text,true,,231,158,52,52,http://localhost:8079/?token=518499913&user=-1355070315&config=3,1708,0,0
1778791345123,1687,HTTP Request,200,OK,Thread Group 1-22,text,true,,231,158,52,52,http://localhost:8079/?token=518499913&user=-1355070315&config=3,1687,0,0
1778791345200,1611,HTTP Request,200,OK,Thread Group 1-23,text,true,,231,158,52,52,http://localhost:8079/?token=518499913&user=-1355070315&config=3,1611,0,0
1778791345101,1710,HTTP Request,200,OK,Thread Group 1-44,text,true,,231,158,52,52,http://localhost:8079/?token=518499913&user=-1355070315&config=3,1710,0,0
1778791345123,1689,HTTP Request,200,OK,Thread Group 1-46,text,true,,231,158,52,52,http://localhost:8079/?token=518499913&user=-1355070315&config=3,1689,0,0
1778791345202,1857,HTTP Request,200,OK,Thread Group 1-24,text,true,,231,158,52,52,http://localhost:8079/?token=518499913&user=-1355070315&config=3,1857,0,0
1778791345201,1860,HTTP Request,200,OK,Thread Group 1-10,text,true,,231,158,52,52,http://localhost:8079/?token=518499913&user=-1355070315&config=3,1860,0,0
1778791345202,1860,HTTP Request,200,OK,Thread Group 1-21,text,true,,231,158,52,52,http://localhost:8079/?token=518499913&user=-1355070315&config=3,1860,0,0
1778791345201,1862,HTTP Request,200,OK,Thread Group 1-18,text,true,,231,158,52,52,http://localhost:8079/?token=518499913&user=-1355070315&config=3,1862,0,0
1778791345206,1857,HTTP Request,200,OK,Thread Group 1-36,text,true,,231,158,52,52,http://localhost:8079/?token=518499913&user=-1355070315&config=3,1857,0,0
1778791345123,1941,HTTP Request,200,OK,Thread Group 1-40,text,true,,231,158,52,52,http://localhost:8079/?token=518499913&user=-1355070315&config=3,1941,0,0
1778791345219,1857,HTTP Request,200,OK,Thread Group 1-11,text,true,,231,158,52,52,http://localhost:8079/?token=518499913&user=-1355070315&config=3,1857,0,0
1778791345219,1857,HTTP Request,200,OK,Thread Group 1-35,text,true,,231,158,52,52,http://localhost:8079/?token=518499913&user=-1355070315&config=3,1857,0,0
1778791345223,1853,HTTP Request,200,OK,Thread Group 1-17,text,true,,231,158,52,52,http://localhost:8079/?token=518499913&user=-1355070315&config=3,1853,0,0
1778791345220,1856,HTTP Request,200,OK,Thread Group 1-43,text,true,,231,158,52,52,http://localhost:8079/?token=518499913&user=-1355070315&config=3,1856,0,0
1778791345690,1711,HTTP Request,200,OK,Thread Group 1-4,text,true,,231,158,53,53,http://localhost:8079/?token=518499913&user=-1355070315&config=3,1711,0,0
1778791345690,1712,HTTP Request,200,OK,Thread Group 1-9,text,true,,231,158,53,53,http://localhost:8079/?token=518499913&user=-1355070315&config=3,1712,0,0
1778791345690,1712,HTTP Request,200,OK,Thread Group 1-15,text,true,,231,158,53,53,http://localhost:8079/?token=518499913&user=-1355070315&config=3,1712,0,0
1778791345691,1712,HTTP Request,200,OK,Thread Group 1-30,text,true,,231,158,53,53,http://localhost:8079/?token=518499913&user=-1355070315&config=3,1712,0,0
1778791345691,1712,HTTP Request,200,OK,Thread Group 1-32,text,true,,231,158,53,53,http://localhost:8079/?token=518499913&user=-1355070315&config=3,1712,0,0
1778791345251,2152,HTTP Request,200,OK,Thread Group 1-51,text,true,,231,158,53,53,http://localhost:8079/?token=518499913&user=-1355070315&config=3,2152,0,5
1778791345705,1712,HTTP Request,200,OK,Thread Group 1-7,text,true,,231,158,53,53,http://localhost:8079/?token=518499913&user=-1355070315&config=3,1712,0,0
1778791346154,1263,HTTP Request,200,OK,Thread Group 1-8,text,true,,231,158,53,53,http://localhost:8079/?token=518499913&user=-1355070315&config=3,1263,0,0
1778791346154,1264,HTTP Request,200,OK,Thread Group 1-28,text,true,,231,158,53,53,http://localhost:8079/?token=518499913&user=-1355070315&config=3,1264,0,0
1778791345691,1727,HTTP Request,200,OK,Thread Group 1-34,text,true,,231,158,53,53,http://localhost:8079/?token=518499913&user=-1355070315&config=3,1727,0,0
1778791345705,1713,HTTP Request,200,OK,Thread Group 1-33,text,true,,231,158,53,53,http://localhost:8079/?token=518499913&user=-1355070315&config=3,1713,0,0
1778791345705,2109,HTTP Request,200,OK,Thread Group 1-27,text,true,,231,158,53,53,http://localhost:8079/?token=518499913&user=-1355070315&config=3,2109,0,0
1778791346165,1651,HTTP Request,200,OK,Thread Group 1-13,text,true,,231,158,53,53,http://localhost:8079/?token=518499913&user=-1355070315&config=3,1651,0,0
1778791346156,1660,HTTP Request,200,OK,Thread Group 1-31,text,true,,231,158,53,53,http://localhost:8079/?token=518499913&user=-1355070315&config=3,1660,0,0
1778791346158,1658,HTTP Request,200,OK,Thread Group 1-39,text,true,,231,158,53,53,http://localhost:8079/?token=518499913&user=-1355070315&config=3,1658,0,0
1778791346153,1663,HTTP Request,200,OK,Thread Group 1-2,text,true,,231,158,53,53,http://localhost:8079/?token=518499913&user=-1355070315&config=3,1663,0,0
1778791346159,1657,HTTP Request,200,OK,Thread Group 1-48,text,true,,231,158,53,53,http://localhost:8079/?token=518499913&user=-1355070315&config=3,1657,0,0
1778791346165,1664,HTTP Request,200,OK,Thread Group 1-42,text,true,,231,158,53,53,http://localhost:8079/?token=518499913&user=-1355070315&config=3,1664,0,0
1778791346165,1664,HTTP Request,200,OK,Thread Group 1-5,text,true,,231,158,53,53,http://localhost:8079/?token=518499913&user=-1355070315&config=3,1664,0,0
1778791346165,1664,HTTP Request,200,OK,Thread Group 1-41,text,true,,231,158,53,53,http://localhost:8079/?token=518499913&user=-1355070315&config=3,1664,0,0
1778791346165,1664,HTTP Request,200,OK,Thread Group 1-45,text,true,,231,158,53,53,http://localhost:8079/?token=518499913&user=-1355070315&config=3,1664,0,0
1778791346278,1984,HTTP Request,200,OK,Thread Group 1-14,text,true,,231,158,54,54,http://localhost:8079/?token=518499913&user=-1355070315&config=3,1984,0,0
1778791346295,1967,HTTP Request,200,OK,Thread Group 1-19,text,true,,231,158,54,54,http://localhost:8079/?token=518499913&user=-1355070315&config=3,1967,0,0
1778791346277,1986,HTTP Request,200,OK,Thread Group 1-29,text,true,,231,158,54,54,http://localhost:8079/?token=518499913&user=-1355070315&config=3,1986,0,0
1778791346276,1987,HTTP Request,200,OK,Thread Group 1-37,text,true,,231,158,54,54,http://localhost:8079/?token=518499913&user=-1355070315&config=3,1987,0,0
1778791346277,1986,HTTP Request,200,OK,Thread Group 1-38,text,true,,231,158,54,54,http://localhost:8079/?token=518499913&user=-1355070315&config=3,1986,0,0
1778791346278,1986,HTTP Request,200,OK,Thread Group 1-47,text,true,,231,158,54,54,http://localhost:8079/?token=518499913&user=-1355070315&config=3,1986,0,0
1778791346278,1986,HTTP Request,200,OK,Thread Group 1-50,text,true,,231,158,54,54,http://localhost:8079/?token=518499913&user=-1355070315&config=3,1986,0,0
1778791346295,1982,HTTP Request,200,OK,Thread Group 1-1,text,true,,231,158,54,54,http://localhost:8079/?token=518499913&user=-1355070315&config=3,1982,0,0
1778791346796,1481,HTTP Request,200,OK,Thread Group 1-3,text,true,,231,158,54,54,http://localhost:8079/?token=518499913&user=-1355070315&config=3,1481,0,0
1778791346251,2026,HTTP Request,200,OK,Thread Group 1-52,text,true,,231,158,54,54,http://localhost:8079/?token=518499913&user=-1355070315&config=3,2026,0,2
1778791346295,1982,HTTP Request,200,OK,Thread Group 1-26,text,true,,231,158,54,54,http://localhost:8079/?token=518499913&user=-1355070315&config=3,1982,0,0
1778791346796,1481,HTTP Request,200,OK,Thread Group 1-20,text,true,,231,158,54,54,http://localhost:8079/?token=518499913&user=-1355070315&config=3,1481,0,0
1778791346796,1734,HTTP Request,200,OK,Thread Group 1-25,text,true,,231,158,54,54,http://localhost:8079/?token=518499913&user=-1355070315&config=3,1734,0,0
1778791346811,1720,HTTP Request,200,OK,Thread Group 1-6,text,true,,231,158,54,54,http://localhost:8079/?token=518499913&user=-1355070315&config=3,1720,0,0
1778791346796,1735,HTTP Request,200,OK,Thread Group 1-12,text,true,,231,158,54,54,http://localhost:8079/?token=518499913&user=-1355070315&config=3,1735,0,0
1778791346796,1735,HTTP Request,200,OK,Thread Group 1-16,text,true,,231,158,54,54,http://localhost:8079/?token=518499913&user=-1355070315&config=3,1735,0,0
1778791346796,1735,HTTP Request,200,OK,Thread Group 1-49,text,true,,231,158,54,54,http://localhost:8079/?token=518499913&user=-1355070315&config=3,1735,0,0
1778791346812,1719,HTTP Request,200,OK,Thread Group 1-44,text,true,,231,158,54,54,http://localhost:8079/?token=518499913&user=-1355070315&config=3,1719,0,0
1778791347060,1487,HTTP Request,200,OK,Thread Group 1-24,text,true,,231,158,54,54,http://localhost:8079/?token=518499913&user=-1355070315&config=3,1487,0,0
1778791346812,1735,HTTP Request,200,OK,Thread Group 1-46,text,true,,231,158,54,54,http://localhost:8079/?token=518499913&user=-1355070315&config=3,1735,0,0
1778791346811,1736,HTTP Request,200,OK,Thread Group 1-23,text,true,,231,158,54,54,http://localhost:8079/?token=518499913&user=-1355070315&config=3,1736,0,0
1778791346811,1736,HTTP Request,200,OK,Thread Group 1-22,text,true,,231,158,54,54,http://localhost:8079/?token=518499913&user=-1355070315&config=3,1736,0,0
1778791347064,1959,HTTP Request,200,OK,Thread Group 1-36,text,true,,231,158,54,54,http://localhost:8079/?token=518499913&user=-1355070315&config=3,1959,0,0
1778791347402,1624,HTTP Request,200,OK,Thread Group 1-4,text,true,,231,158,54,54,http://localhost:8079/?token=518499913&user=-1355070315&config=3,1624,0,0
1778791347418,1608,HTTP Request,200,OK,Thread Group 1-8,text,true,,231,158,54,54,http://localhost:8079/?token=518499913&user=-1355070315&config=3,1608,0,0
1778791347062,1964,HTTP Request,200,OK,Thread Group 1-10,text,true,,231,158,54,54,http://localhost:8079/?token=518499913&user=-1355070315&config=3,1964,0,0
1778791347076,1950,HTTP Request,200,OK,Thread Group 1-11,text,true,,231,158,54,54,http://localhost:8079/?token=518499913&user=-1355070315&config=3,1950,0,0
1778791347063,1964,HTTP Request,200,OK,Thread Group 1-18,text,true,,231,158,54,54,http://localhost:8079/?token=518499913&user=-1355070315&config=3,1964,0,0
1778791347076,1951,HTTP Request,200,OK,Thread Group 1-17,text,true,,231,158,54,54,http://localhost:8079/?token=518499913&user=-1355070315&config=3,1951,0,0
1778791347063,1964,HTTP Request,200,OK,Thread Group 1-21,text,true,,231,158,54,54,http://localhost:8079/?token=518499913&user=-1355070315&config=3,1964,0,0
1778791347076,1951,HTTP Request,200,OK,Thread Group 1-35,text,true,,231,158,54,54,http://localhost:8079/?token=518499913&user=-1355070315&config=3,1951,0,0
1778791347064,1964,HTTP Request,200,OK,Thread Group 1-40,text,true,,231,158,54,54,http://localhost:8079/?token=518499913&user=-1355070315&config=3,1964,0,0
1778791347076,1952,HTTP Request,200,OK,Thread Group 1-43,text,true,,231,158,54,54,http://localhost:8079/?token=518499913&user=-1355070315&config=3,1952,0,0
1778791347402,1644,HTTP Request,200,OK,Thread Group 1-9,text,true,,231,158,54,54,http://localhost:8079/?token=518499913&user=-1355070315&config=3,1644,0,0
1778791347417,1629,HTTP Request,200,OK,Thread Group 1-7,text,true,,231,158,54,54,http://localhost:8079/?token=518499913&user=-1355070315&config=3,1629,0,0
1778791347403,2020,HTTP Request,200,OK,Thread Group 1-51,text,true,,231,158,55,55,http://localhost:8079/?token=518499913&user=-1355070315&config=3,2020,0,0
1778791347418,2005,HTTP Request,200,OK,Thread Group 1-33,text,true,,231,158,55,55,http://localhost:8079/?token=518499913&user=-1355070315&config=3,2005,0,0
1778791347403,2020,HTTP Request,200,OK,Thread Group 1-30,text,true,,231,158,55,55,http://localhost:8079/?token=518499913&user=-1355070315&config=3,2020,0,0
1778791347418,2005,HTTP Request,200,OK,Thread Group 1-28,text,true,,231,158,55,55,http://localhost:8079/?token=518499913&user=-1355070315&config=3,2005,0,0
1778791347252,2171,HTTP Request,200,OK,Thread Group 1-53,text,true,,231,158,55,55,http://localhost:8079/?token=518499913&user=-1355070315&config=3,2171,0,1
1778791347403,2020,HTTP Request,200,OK,Thread Group 1-32,text,true,,231,158,55,55,http://localhost:8079/?token=518499913&user=-1355070315&config=3,2020,0,0
1778791347814,1615,HTTP Request,200,OK,Thread Group 1-27,text,true,,231,158,55,55,http://localhost:8079/?token=518499913&user=-1355070315&config=3,1615,0,0
1778791347418,2011,HTTP Request,200,OK,Thread Group 1-34,text,true,,231,158,55,55,http://localhost:8079/?token=518499913&user=-1355070315&config=3,2011,0,0
1778791347816,1613,HTTP Request,200,OK,Thread Group 1-13,text,true,,231,158,55,55,http://localhost:8079/?token=518499913&user=-1355070315&config=3,1613,0,0
1778791347402,2027,HTTP Request,200,OK,Thread Group 1-15,text,true,,231,158,55,55,http://localhost:8079/?token=518499913&user=-1355070315&config=3,2027,0,0
1778791347816,2005,HTTP Request,200,OK,Thread Group 1-2,text,true,,231,158,55,55,http://localhost:8079/?token=518499913&user=-1355070315&config=3,2005,0,0
1778791348263,1562,HTTP Request,200,OK,Thread Group 1-14,text,true,,231,158,55,55,http://localhost:8079/?token=518499913&user=-1355070315&config=3,1562,0,0
1778791347829,1996,HTTP Request,200,OK,Thread Group 1-5,text,true,,231,158,55,55,http://localhost:8079/?token=518499913&user=-1355070315&config=3,1996,0,0
1778791348263,1562,HTTP Request,200,OK,Thread Group 1-19,text,true,,231,158,55,55,http://localhost:8079/?token=518499913&user=-1355070315&config=3,1562,0,0
1778791348263,1562,HTTP Request,200,OK,Thread Group 1-29,text,true,,231,158,55,55,http://localhost:8079/?token=518499913&user=-1355070315&config=3,1562,0,0
1778791348263,1563,HTTP Request,200,OK,Thread Group 1-37,text,true,,231,158,55,55,http://localhost:8079/?token=518499913&user=-1355070315&config=3,1563,0,0
1778791347816,2010,HTTP Request,200,OK,Thread Group 1-31,text,true,,231,158,55,55,http://localhost:8079/?token=518499913&user=-1355070315&config=3,2010,0,0
1778791347816,2010,HTTP Request,200,OK,Thread Group 1-39,text,true,,231,158,55,55,http://localhost:8079/?token=518499913&user=-1355070315&config=3,2010,0,0
1778791347829,1997,HTTP Request,200,OK,Thread Group 1-41,text,true,,231,158,55,55,http://localhost:8079/?token=518499913&user=-1355070315&config=3,1997,0,0
1778791347829,1997,HTTP Request,200,OK,Thread Group 1-45,text,true,,231,158,55,55,http://localhost:8079/?token=518499913&user=-1355070315&config=3,1997,0,0
1778791347816,2010,HTTP Request,200,OK,Thread Group 1-48,text,true,,231,158,55,55,http://localhost:8079/?token=518499913&user=-1355070315&config=3,2010,0,0
1778791348264,1570,HTTP Request,200,OK,Thread Group 1-38,text,true,,231,158,55,55,http://localhost:8079/?token=518499913&user=-1355070315&config=3,1570,0,0
1778791348264,1570,HTTP Request,200,OK,Thread Group 1-50,text,true,,231,158,55,55,http://localhost:8079/?token=518499913&user=-1355070315&config=3,1570,0,0
1778791347829,2005,HTTP Request,200,OK,Thread Group 1-42,text,true,,231,158,55,55,http://localhost:8079/?token=518499913&user=-1355070315&config=3,2005,0,0
1778791348264,1971,HTTP Request,200,OK,Thread Group 1-47,text,true,,231,158,55,55,http://localhost:8079/?token=518499913&user=-1355070315&config=3,1971,0,0
1778791348278,1958,HTTP Request,200,OK,Thread Group 1-1,text,true,,231,158,55,55,http://localhost:8079/?token=518499913&user=-1355070315&config=3,1958,0,0
1778791348277,1959,HTTP Request,200,OK,Thread Group 1-3,text,true,,231,158,55,55,http://localhost:8079/?token=518499913&user=-1355070315&config=3,1959,0,0
1778791348531,1710,HTTP Request,200,OK,Thread Group 1-25,text,true,,231,158,55,55,http://localhost:8079/?token=518499913&user=-1355070315&config=3,1710,0,0
1778791348278,1964,HTTP Request,200,OK,Thread Group 1-26,text,true,,231,158,55,55,http://localhost:8079/?token=518499913&user=-1355070315&config=3,1964,0,0
1778791348277,1965,HTTP Request,200,OK,Thread Group 1-52,text,true,,231,158,55,55,http://localhost:8079/?token=518499913&user=-1355070315&config=3,1965,0,0
1778791348278,2066,HTTP Request,200,OK,Thread Group 1-20,text,true,,231,158,56,56,http://localhost:8079/?token=518499913&user=-1355070315&config=3,2066,0,0
1778791348253,2091,HTTP Request,200,OK,Thread Group 1-54,text,true,,231,158,56,56,http://localhost:8079/?token=518499913&user=-1355070315&config=3,2091,0,1
1778791348531,1813,HTTP Request,200,OK,Thread Group 1-16,text,true,,231,158,56,56,http://localhost:8079/?token=518499913&user=-1355070315&config=3,1813,0,0
1778791348531,1813,HTTP Request,200,OK,Thread Group 1-6,text,true,,231,158,56,56,http://localhost:8079/?token=518499913&user=-1355070315&config=3,1813,0,0
1778791348531,2200,HTTP Request,200,OK,Thread Group 1-12,text,true,,231,158,56,56,http://localhost:8079/?token=518499913&user=-1355070315&config=3,2200,0,0
1778791349027,1706,HTTP Request,200,OK,Thread Group 1-17,text,true,,231,158,56,56,http://localhost:8079/?token=518499913&user=-1355070315&config=3,1706,0,0
1778791349027,1707,HTTP Request,200,OK,Thread Group 1-18,text,true,,231,158,56,56,http://localhost:8079/?token=518499913&user=-1355070315&config=3,1707,0,0
1778791348547,2188,HTTP Request,200,OK,Thread Group 1-22,text,true,,231,158,56,56,http://localhost:8079/?token=518499913&user=-1355070315&config=3,2188,0,0
1778791349027,1708,HTTP Request,200,OK,Thread Group 1-21,text,true,,231,158,56,56,http://localhost:8079/?token=518499913&user=-1355070315&config=3,1708,0,0
1778791348531,2205,HTTP Request,200,OK,Thread Group 1-49,text,true,,231,158,56,56,http://localhost:8079/?token=518499913&user=-1355070315&config=3,2205,0,0
1778791348547,2189,HTTP Request,200,OK,Thread Group 1-46,text,true,,231,158,56,56,http://localhost:8079/?token=518499913&user=-1355070315&config=3,2189,0,0
1778791348531,2205,HTTP Request,200,OK,Thread Group 1-44,text,true,,231,158,56,56,http://localhost:8079/?token=518499913&user=-1355070315&config=3,2205,0,0
1778791349024,1712,HTTP Request,200,OK,Thread Group 1-36,text,true,,231,158,56,56,http://localhost:8079/?token=518499913&user=-1355070315&config=3,1712,0,0
1778791348547,2189,HTTP Request,200,OK,Thread Group 1-23,text,true,,231,158,56,56,http://localhost:8079/?token=518499913&user=-1355070315&config=3,2189,0,0
1778791348547,2189,HTTP Request,200,OK,Thread Group 1-24,text,true,,231,158,56,56,http://localhost:8079/?token=518499913&user=-1355070315&config=3,2189,0,0
1778791349026,1722,HTTP Request,200,OK,Thread Group 1-8,text,true,,231,158,56,56,http://localhost:8079/?token=518499913&user=-1355070315&config=3,1722,0,0
1778791349026,1722,HTTP Request,200,OK,Thread Group 1-4,text,true,,231,158,56,56,http://localhost:8079/?token=518499913&user=-1355070315&config=3,1722,0,0
1778791349028,1720,HTTP Request,200,OK,Thread Group 1-40,text,true,,231,158,56,56,http://localhost:8079/?token=518499913&user=-1355070315&config=3,1720,0,0
1778791349027,2077,HTTP Request,200,OK,Thread Group 1-10,text,true,,231,158,56,56,http://localhost:8079/?token=518499913&user=-1355070315&config=3,2077,0,0
1778791349046,2061,HTTP Request,200,OK,Thread Group 1-7,text,true,,231,158,56,56,http://localhost:8079/?token=518499913&user=-1355070315&config=3,2061,0,0
1778791349046,2061,HTTP Request,200,OK,Thread Group 1-9,text,true,,231,158,56,56,http://localhost:8079/?token=518499913&user=-1355070315&config=3,2061,0,0
1778791349027,2080,HTTP Request,200,OK,Thread Group 1-11,text,true,,231,158,56,56,http://localhost:8079/?token=518499913&user=-1355070315&config=3,2080,0,0
1778791349027,2080,HTTP Request,200,OK,Thread Group 1-35,text,true,,231,158,56,56,http://localhost:8079/?token=518499913&user=-1355070315&config=3,2080,0,0
1778791349028,2079,HTTP Request,200,OK,Thread Group 1-43,text,true,,231,158,56,56,http://localhost:8079/?token=518499913&user=-1355070315&config=3,2079,0,0
1778791349424,1700,HTTP Request,200,OK,Thread Group 1-28,text,true,,231,158,56,56,http://localhost:8079/?token=518499913&user=-1355070315&config=3,1700,0,0
1778791349424,1700,HTTP Request,200,OK,Thread Group 1-33,text,true,,231,158,56,56,http://localhost:8079/?token=518499913&user=-1355070315&config=3,1700,0,0
1778791349424,1701,HTTP Request,200,OK,Thread Group 1-51,text,true,,231,158,56,56,http://localhost:8079/?token=518499913&user=-1355070315&config=3,1701,0,0
1778791349424,1701,HTTP Request,200,OK,Thread Group 1-53,text,true,,231,158,56,56,http://localhost:8079/?token=518499913&user=-1355070315&config=3,1701,0,0
1778791349258,1867,HTTP Request,200,OK,Thread Group 1-55,text,true,,231,158,56,56,http://localhost:8079/?token=518499913&user=-1355070315&config=3,1867,0,2
1778791349424,2190,HTTP Request,200,OK,Thread Group 1-30,text,true,,231,158,57,57,http://localhost:8079/?token=518499913&user=-1355070315&config=3,2190,0,0
1778791349430,2184,HTTP Request,200,OK,Thread Group 1-13,text,true,,231,158,57,57,http://localhost:8079/?token=518499913&user=-1355070315&config=3,2184,0,0
1778791349430,2187,HTTP Request,200,OK,Thread Group 1-15,text,true,,231,158,57,57,http://localhost:8079/?token=518499913&user=-1355070315&config=3,2187,0,0
1778791349825,1792,HTTP Request,200,OK,Thread Group 1-19,text,true,,231,158,57,57,http://localhost:8079/?token=518499913&user=-1355070315&config=3,1792,0,0
1778791349430,2188,HTTP Request,200,OK,Thread Group 1-27,text,true,,231,158,57,57,http://localhost:8079/?token=518499913&user=-1355070315&config=3,2188,0,0
1778791349826,1792,HTTP Request,200,OK,Thread Group 1-29,text,true,,231,158,57,57,http://localhost:8079/?token=518499913&user=-1355070315&config=3,1792,0,0
1778791349826,1793,HTTP Request,200,OK,Thread Group 1-31,text,true,,231,158,57,57,http://localhost:8079/?token=518499913&user=-1355070315&config=3,1793,0,0
1778791349424,2195,HTTP Request,200,OK,Thread Group 1-32,text,true,,231,158,57,57,http://localhost:8079/?token=518499913&user=-1355070315&config=3,2195,0,0
1778791349430,2191,HTTP Request,200,OK,Thread Group 1-34,text,true,,231,158,57,57,http://localhost:8079/?token=518499913&user=-1355070315&config=3,2191,0,0
1778791349826,1795,HTTP Request,200,OK,Thread Group 1-37,text,true,,231,158,57,57,http://localhost:8079/?token=518499913&user=-1355070315&config=3,1795,0,0
1778791349826,1795,HTTP Request,200,OK,Thread Group 1-39,text,true,,231,158,57,57,http://localhost:8079/?token=518499913&user=-1355070315&config=3,1795,0,0
1778791349826,1804,HTTP Request,200,OK,Thread Group 1-48,text,true,,231,158,57,57,http://localhost:8079/?token=518499913&user=-1355070315&config=3,1804,0,0
1778791349825,1805,HTTP Request,200,OK,Thread Group 1-14,text,true,,231,158,57,57,http://localhost:8079/?token=518499913&user=-1355070315&config=3,1805,0,0
1778791349823,1807,HTTP Request,200,OK,Thread Group 1-2,text,true,,231,158,57,57,http://localhost:8079/?token=518499913&user=-1355070315&config=3,1807,0,0
1778791350242,1675,HTTP Request,200,OK,Thread Group 1-1,text,true,,231,158,57,57,http://localhost:8079/?token=518499913&user=-1355070315&config=3,1674,0,0
1778791350241,1676,HTTP Request,200,OK,Thread Group 1-3,text,true,,231,158,57,57,http://localhost:8079/?token=518499913&user=-1355070315&config=3,1675,0,0
1778791349835,2082,HTTP Request,200,OK,Thread Group 1-42,text,true,,231,158,57,57,http://localhost:8079/?token=518499913&user=-1355070315&config=3,2082,0,0
1778791349834,2083,HTTP Request,200,OK,Thread Group 1-50,text,true,,231,158,57,57,http://localhost:8079/?token=518499913&user=-1355070315&config=3,2083,0,0
1778791349826,2091,HTTP Request,200,OK,Thread Group 1-45,text,true,,231,158,57,57,http://localhost:8079/?token=518499913&user=-1355070315&config=3,2091,0,0
1778791350243,1674,HTTP Request,200,OK,Thread Group 1-47,text,true,,231,158,57,57,http://localhost:8079/?token=518499913&user=-1355070315&config=3,1674,0,0
1778791350242,1675,HTTP Request,200,OK,Thread Group 1-26,text,true,,231,158,57,57,http://localhost:8079/?token=518499913&user=-1355070315&config=3,1674,0,0
1778791350242,1675,HTTP Request,200,OK,Thread Group 1-25,text,true,,231,158,57,57,http://localhost:8079/?token=518499913&user=-1355070315&config=3,1674,0,0
1778791349834,2083,HTTP Request,200,OK,Thread Group 1-38,text,true,,231,158,57,57,http://localhost:8079/?token=518499913&user=-1355070315&config=3,2082,0,0
1778791349825,2092,HTTP Request,200,OK,Thread Group 1-5,text,true,,231,158,57,57,http://localhost:8079/?token=518499913&user=-1355070315&config=3,2091,0,0
1778791349826,2091,HTTP Request,200,OK,Thread Group 1-41,text,true,,231,158,57,57,http://localhost:8079/?token=518499913&user=-1355070315&config=3,2090,0,0
1778791350242,1690,HTTP Request,200,OK,Thread Group 1-52,text,true,,231,158,57,57,http://localhost:8079/?token=518499913&user=-1355070315&config=3,1690,0,0
1778791350345,2118,HTTP Request,200,OK,Thread Group 1-16,text,true,,231,158,58,58,http://localhost:8079/?token=518499913&user=-1355070315&config=3,2118,0,0
1778791350734,1730,HTTP Request,200,OK,Thread Group 1-17,text,true,,231,158,58,58,http://localhost:8079/?token=518499913&user=-1355070315&config=3,1730,0,0
1778791350344,2121,HTTP Request,200,OK,Thread Group 1-20,text,true,,231,158,58,58,http://localhost:8079/?token=518499913&user=-1355070315&config=3,2121,0,0
1778791350737,1728,HTTP Request,200,OK,Thread Group 1-22,text,true,,231,158,58,58,http://localhost:8079/?token=518499913&user=-1355070315&config=3,1728,0,0
1778791350738,1727,HTTP Request,200,OK,Thread Group 1-46,text,true,,231,158,58,58,http://localhost:8079/?token=518499913&user=-1355070315&config=3,1727,0,0
1778791350737,1729,HTTP Request,200,OK,Thread Group 1-49,text,true,,231,158,58,58,http://localhost:8079/?token=518499913&user=-1355070315&config=3,1729,0,0
1778791350345,2118,HTTP Request,200,OK,Thread Group 1-6,text,true,,231,158,58,58,http://localhost:8079/?token=518499913&user=-1355070315&config=3,2118,0,0
1778791350732,1737,HTTP Request,200,OK,Thread Group 1-12,text,true,,231,158,58,58,http://localhost:8079/?token=518499913&user=-1355070315&config=3,1737,0,0
1778791350251,2218,HTTP Request,200,OK,Thread Group 1-56,text,true,,231,158,58,58,http://localhost:8079/?token=518499913&user=-1355070315&config=3,2218,0,2
1778791350344,2125,HTTP Request,200,OK,Thread Group 1-54,text,true,,231,158,58,58,http://localhost:8079/?token=518499913&user=-1355070315&config=3,2125,0,0
1778791350735,1730,HTTP Request,200,OK,Thread Group 1-18,text,true,,231,158,58,58,http://localhost:8079/?token=518499913&user=-1355070315&config=3,1730,0,0
1778791350738,1740,HTTP Request,200,OK,Thread Group 1-23,text,true,,231,158,58,58,http://localhost:8079/?token=518499913&user=-1355070315&config=3,1740,0,0
1778791350738,1740,HTTP Request,200,OK,Thread Group 1-36,text,true,,231,158,58,58,http://localhost:8079/?token=518499913&user=-1355070315&config=3,1740,0,0
1778791350737,1741,HTTP Request,200,OK,Thread Group 1-21,text,true,,231,158,58,58,http://localhost:8079/?token=518499913&user=-1355070315&config=3,1741,0,0
1778791350749,2237,HTTP Request,200,OK,Thread Group 1-4,text,true,,231,158,58,58,http://localhost:8079/?token=518499913&user=-1355070315&config=3,2237,0,0
1778791351107,1879,HTTP Request,200,OK,Thread Group 1-7,text,true,,231,158,58,58,http://localhost:8079/?token=518499913&user=-1355070315&config=3,1879,0,0
1778791351107,1880,HTTP Request,200,OK,Thread Group 1-9,text,true,,231,158,58,58,http://localhost:8079/?token=518499913&user=-1355070315&config=3,1880,0,0
1778791350749,2238,HTTP Request,200,OK,Thread Group 1-8,text,true,,231,158,58,58,http://localhost:8079/?token=518499913&user=-1355070315&config=3,2238,0,0
1778791351107,1880,HTTP Request,200,OK,Thread Group 1-11,text,true,,231,158,58,58,http://localhost:8079/?token=518499913&user=-1355070315&config=3,1880,0,0
1778791351106,1881,HTTP Request,200,OK,Thread Group 1-10,text,true,,231,158,58,58,http://localhost:8079/?token=518499913&user=-1355070315&config=3,1881,0,0
1778791350739,2248,HTTP Request,200,OK,Thread Group 1-24,text,true,,231,158,58,58,http://localhost:8079/?token=518499913&user=-1355070315&config=3,2248,0,0
1778791351107,1880,HTTP Request,200,OK,Thread Group 1-35,text,true,,231,158,58,58,http://localhost:8079/?token=518499913&user=-1355070315&config=3,1880,0,0
1778791350749,2239,HTTP Request,200,OK,Thread Group 1-40,text,true,,231,158,58,58,http://localhost:8079/?token=518499913&user=-1355070315&config=3,2239,0,0
1778791351108,1880,HTTP Request,200,OK,Thread Group 1-43,text,true,,231,158,58,58,http://localhost:8079/?token=518499913&user=-1355070315&config=3,1880,0,0
1778791350738,2250,HTTP Request,200,OK,Thread Group 1-44,text,true,,231,158,58,58,http://localhost:8079/?token=518499913&user=-1355070315&config=3,2250,0,0
1778791351125,1879,HTTP Request,200,OK,Thread Group 1-51,text,true,,231,158,58,58,http://localhost:8079/?token=518499913&user=-1355070315&config=3,1879,0,0
1778791351125,1879,HTTP Request,200,OK,Thread Group 1-53,text,true,,231,158,58,58,http://localhost:8079/?token=518499913&user=-1355070315&config=3,1879,0,0
1778791351617,1872,HTTP Request,200,OK,Thread Group 1-19,text,true,,231,158,59,59,http://localhost:8079/?token=518499913&user=-1355070315&config=3,1871,0,0
1778791351618,1871,HTTP Request,200,OK,Thread Group 1-27,text,true,,231,158,59,59,http://localhost:8079/?token=518499913&user=-1355070315&config=3,1871,0,0
1778791351124,2366,HTTP Request,200,OK,Thread Group 1-28,text,true,,231,158,59,59,http://localhost:8079/?token=518499913&user=-1355070315&config=3,2366,0,0
1778791351618,1873,HTTP Request,200,OK,Thread Group 1-29,text,true,,231,158,59,59,http://localhost:8079/?token=518499913&user=-1355070315&config=3,1873,0,0
1778791351619,1872,HTTP Request,200,OK,Thread Group 1-31,text,true,,231,158,59,59,http://localhost:8079/?token=518499913&user=-1355070315&config=3,1872,0,0
1778791351124,2368,HTTP Request,200,OK,Thread Group 1-33,text,true,,231,158,59,59,http://localhost:8079/?token=518499913&user=-1355070315&config=3,2368,0,0
1778791351621,1871,HTTP Request,200,OK,Thread Group 1-34,text,true,,231,158,59,59,http://localhost:8079/?token=518499913&user=-1355070315&config=3,1871,0,0
1778791351621,1872,HTTP Request,200,OK,Thread Group 1-37,text,true,,231,158,59,59,http://localhost:8079/?token=518499913&user=-1355070315&config=3,1872,0,0
1778791351621,1872,HTTP Request,200,OK,Thread Group 1-39,text,true,,231,158,59,59,http://localhost:8079/?token=518499913&user=-1355070315&config=3,1872,0,0
1778791351125,2369,HTTP Request,200,OK,Thread Group 1-55,text,true,,231,158,59,59,http://localhost:8079/?token=518499913&user=-1355070315&config=3,2369,0,0
1778791351252,2242,HTTP Request,200,OK,Thread Group 1-57,text,true,,231,158,59,59,http://localhost:8079/?token=518499913&user=-1355070315&config=3,2242,0,6
1778791351616,1887,HTTP Request,200,OK,Thread Group 1-13,text,true,,231,158,59,59,http://localhost:8079/?token=518499913&user=-1355070315&config=3,1887,0,0
1778791351615,1889,HTTP Request,200,OK,Thread Group 1-30,text,true,,231,158,59,59,http://localhost:8079/?token=518499913&user=-1355070315&config=3,1889,0,0
1778791351621,1883,HTTP Request,200,OK,Thread Group 1-32,text,true,,231,158,59,59,http://localhost:8079/?token=518499913&user=-1355070315&config=3,1883,0,0
1778791351617,2413,HTTP Request,200,OK,Thread Group 1-15,text,true,,231,158,59,59,http://localhost:8079/?token=518499913&user=-1355070315&config=3,2412,0,0
1778791351917,2114,HTTP Request,200,OK,Thread Group 1-1,text,true,,231,158,59,59,http://localhost:8079/?token=518499913&user=-1355070315&config=3,2114,0,0
1778791351631,2400,HTTP Request,200,OK,Thread Group 1-2,text,true,,231,158,59,59,http://localhost:8079/?token=518499913&user=-1355070315&config=3,2400,0,0
1778791351917,2116,HTTP Request,200,OK,Thread Group 1-3,text,true,,231,158,59,59,http://localhost:8079/?token=518499913&user=-1355070315&config=3,2116,0,0
1778791351630,2404,HTTP Request,200,OK,Thread Group 1-14,text,true,,231,158,59,59,http://localhost:8079/?token=518499913&user=-1355070315&config=3,2404,0,0
1778791351917,2117,HTTP Request,200,OK,Thread Group 1-26,text,true,,231,158,59,59,http://localhost:8079/?token=518499913&user=-1355070315&config=3,2117,0,0
1778791351917,2118,HTTP Request,200,OK,Thread Group 1-38,text,true,,231,158,59,59,http://localhost:8079/?token=518499913&user=-1355070315&config=3,2118,0,0
1778791351917,2118,HTTP Request,200,OK,Thread Group 1-42,text,true,,231,158,59,59,http://localhost:8079/?token=518499913&user=-1355070315&config=3,2118,0,0
1778791351917,2118,HTTP Request,200,OK,Thread Group 1-47,text,true,,231,158,59,59,http://localhost:8079/?token=518499913&user=-1355070315&config=3,2118,0,0
1778791351917,2119,HTTP Request,200,OK,Thread Group 1-50,text,true,,231,158,59,59,http://localhost:8079/?token=518499913&user=-1355070315&config=3,2119,0,0
1778791351630,2406,HTTP Request,200,OK,Thread Group 1-48,text,true,,231,158,59,59,http://localhost:8079/?token=518499913&user=-1355070315&config=3,2406,0,0
1778791352465,1584,HTTP Request,200,OK,Thread Group 1-22,text,true,,231,158,59,59,http://localhost:8079/?token=518499913&user=-1355070315&config=3,1584,0,0
1778791351917,2135,HTTP Request,200,OK,Thread Group 1-25,text,true,,231,158,59,59,http://localhost:8079/?token=518499913&user=-1355070315&config=3,2135,0,0
1778791351917,2135,HTTP Request,200,OK,Thread Group 1-41,text,true,,231,158,59,59,http://localhost:8079/?token=518499913&user=-1355070315&config=3,2135,0,0
1778791352465,1887,HTTP Request,200,OK,Thread Group 1-46,text,true,,231,158,60,60,http://localhost:8079/?token=518499913&user=-1355070315&config=3,1887,0,0
1778791351917,2437,HTTP Request,200,OK,Thread Group 1-5,text,true,,231,158,60,60,http://localhost:8079/?token=518499913&user=-1355070315&config=3,2437,0,0
1778791352470,1884,HTTP Request,200,OK,Thread Group 1-6,text,true,,231,158,60,60,http://localhost:8079/?token=518499913&user=-1355070315&config=3,1884,0,0
1778791352464,1891,HTTP Request,200,OK,Thread Group 1-16,text,true,,231,158,60,60,http://localhost:8079/?token=518499913&user=-1355070315&config=3,1891,0,0
1778791352464,1891,HTTP Request,200,OK,Thread Group 1-17,text,true,,231,158,60,60,http://localhost:8079/?token=518499913&user=-1355070315&config=3,1891,0,0
1778791352465,1890,HTTP Request,200,OK,Thread Group 1-20,text,true,,231,158,60,60,http://localhost:8079/?token=518499913&user=-1355070315&config=3,1890,0,0
1778791351917,2439,HTTP Request,200,OK,Thread Group 1-45,text,true,,231,158,60,60,http://localhost:8079/?token=518499913&user=-1355070315&config=3,2439,0,0
1778791352470,1886,HTTP Request,200,OK,Thread Group 1-49,text,true,,231,158,60,60,http://localhost:8079/?token=518499913&user=-1355070315&config=3,1886,0,0
1778791352250,2106,HTTP Request,200,OK,Thread Group 1-58,text,true,,231,158,60,60,http://localhost:8079/?token=518499913&user=-1355070315&config=3,2106,0,3
1778791351932,2424,HTTP Request,200,OK,Thread Group 1-52,text,true,,231,158,60,60,http://localhost:8079/?token=518499913&user=-1355070315&config=3,2424,0,0
1778791352471,1884,HTTP Request,200,OK,Thread Group 1-12,text,true,,231,158,60,60,http://localhost:8079/?token=518499913&user=-1355070315&config=3,1884,0,0
1778791352471,1898,HTTP Request,200,OK,Thread Group 1-18,text,true,,231,158,60,60,http://localhost:8079/?token=518499913&user=-1355070315&config=3,1898,0,0
1778791352471,1899,HTTP Request,200,OK,Thread Group 1-54,text,true,,231,158,60,60,http://localhost:8079/?token=518499913&user=-1355070315&config=3,1899,0,0
1778791352471,1899,HTTP Request,200,OK,Thread Group 1-56,text,true,,231,158,60,60,http://localhost:8079/?token=518499913&user=-1355070315&config=3,1899,0,0
1778791352986,2076,HTTP Request,200,OK,Thread Group 1-4,text,true,,231,158,60,60,http://localhost:8079/?token=518499913&user=-1355070315&config=3,2076,0,0
1778791352987,2075,HTTP Request,200,OK,Thread Group 1-10,text,true,,231,158,60,60,http://localhost:8079/?token=518499913&user=-1355070315&config=3,2075,0,0
1778791352479,2584,HTTP Request,200,OK,Thread Group 1-23,text,true,,231,158,60,60,http://localhost:8079/?token=518499913&user=-1355070315&config=3,2584,0,0
1778791352987,2077,HTTP Request,200,OK,Thread Group 1-24,text,true,,231,158,60,60,http://localhost:8079/?token=518499913&user=-1355070315&config=3,2077,0,0
1778791352987,2077,HTTP Request,200,OK,Thread Group 1-35,text,true,,231,158,60,60,http://localhost:8079/?token=518499913&user=-1355070315&config=3,2077,0,0
1778791352479,2585,HTTP Request,200,OK,Thread Group 1-36,text,true,,231,158,60,60,http://localhost:8079/?token=518499913&user=-1355070315&config=3,2585,0,0
1778791352988,2076,HTTP Request,200,OK,Thread Group 1-44,text,true,,231,158,60,60,http://localhost:8079/?token=518499913&user=-1355070315&config=3,2076,0,0
1778791352986,2078,HTTP Request,200,OK,Thread Group 1-7,text,true,,231,158,60,60,http://localhost:8079/?token=518499913&user=-1355070315&config=3,2078,0,0
1778791352987,2075,HTTP Request,200,OK,Thread Group 1-9,text,true,,231,158,60,60,http://localhost:8079/?token=518499913&user=-1355070315&config=3,2075,0,0
1778791352987,2077,HTTP Request,200,OK,Thread Group 1-8,text,true,,231,158,60,60,http://localhost:8079/?token=518499913&user=-1355070315&config=3,2077,0,0
1778791352479,2584,HTTP Request,200,OK,Thread Group 1-21,text,true,,231,158,60,60,http://localhost:8079/?token=518499913&user=-1355070315&config=3,2584,0,0
1778791352988,2093,HTTP Request,200,OK,Thread Group 1-40,text,true,,231,158,60,60,http://localhost:8079/?token=518499913&user=-1355070315&config=3,2093,0,0
1778791353004,2077,HTTP Request,200,OK,Thread Group 1-51,text,true,,231,158,60,60,http://localhost:8079/?token=518499913&user=-1355070315&config=3,2077,0,0
1778791352987,2094,HTTP Request,200,OK,Thread Group 1-11,text,true,,231,158,60,60,http://localhost:8079/?token=518499913&user=-1355070315&config=3,2094,0,0
1778791353004,2078,HTTP Request,200,OK,Thread Group 1-53,text,true,,231,158,60,60,http://localhost:8079/?token=518499913&user=-1355070315&config=3,2078,0,0
1778791352988,2250,HTTP Request,200,OK,Thread Group 1-43,text,true,,231,158,60,60,http://localhost:8079/?token=518499913&user=-1355070315&config=3,2250,0,0
1778791353489,1756,HTTP Request,200,OK,Thread Group 1-27,text,true,,231,158,60,60,http://localhost:8079/?token=518499913&user=-1355070315&config=3,1756,0,0
1778791353489,1756,HTTP Request,200,OK,Thread Group 1-19,text,true,,231,158,60,60,http://localhost:8079/?token=518499913&user=-1355070315&config=3,1756,0,0
1778791353490,1756,HTTP Request,200,OK,Thread Group 1-28,text,true,,231,158,60,60,http://localhost:8079/?token=518499913&user=-1355070315&config=3,1756,0,0
1778791353491,1755,HTTP Request,200,OK,Thread Group 1-31,text,true,,231,158,60,60,http://localhost:8079/?token=518499913&user=-1355070315&config=3,1755,0,0
1778791353492,1754,HTTP Request,200,OK,Thread Group 1-33,text,true,,231,158,60,60,http://localhost:8079/?token=518499913&user=-1355070315&config=3,1754,0,0
1778791353493,1753,HTTP Request,200,OK,Thread Group 1-34,text,true,,231,158,60,60,http://localhost:8079/?token=518499913&user=-1355070315&config=3,1753,0,0
1778791353493,1753,HTTP Request,200,OK,Thread Group 1-37,text,true,,231,158,60,60,http://localhost:8079/?token=518499913&user=-1355070315&config=3,1753,0,0
1778791353493,1754,HTTP Request,200,OK,Thread Group 1-39,text,true,,231,158,60,60,http://localhost:8079/?token=518499913&user=-1355070315&config=3,1754,0,0
1778791353494,1753,HTTP Request,200,OK,Thread Group 1-55,text,true,,231,158,60,60,http://localhost:8079/?token=518499913&user=-1355070315&config=3,1753,0,0
1778791353254,1993,HTTP Request,200,OK,Thread Group 1-59,text,true,,231,158,60,60,http://localhost:8079/?token=518499913&user=-1355070315&config=3,1993,0,2
1778791353491,1767,HTTP Request,200,OK,Thread Group 1-29,text,true,,231,158,61,61,http://localhost:8079/?token=518499913&user=-1355070315&config=3,1767,0,0
1778791353504,1755,HTTP Request,200,OK,Thread Group 1-30,text,true,,231,158,61,61,http://localhost:8079/?token=518499913&user=-1355070315&config=3,1755,0,0
1778791353494,1766,HTTP Request,200,OK,Thread Group 1-57,text,true,,231,158,61,61,http://localhost:8079/?token=518499913&user=-1355070315&config=3,1766,0,0
1778791353504,2500,HTTP Request,200,OK,Thread Group 1-32,text,true,,231,158,61,61,http://localhost:8079/?token=518499913&user=-1355070315&config=3,2500,0,0
1778791354032,1973,HTTP Request,200,OK,Thread Group 1-1,text,true,,231,158,61,61,http://localhost:8079/?token=518499913&user=-1355070315&config=3,1973,0,0
1778791354033,1972,HTTP Request,200,OK,Thread Group 1-3,text,true,,231,158,61,61,http://localhost:8079/?token=518499913&user=-1355070315&config=3,1972,0,0
1778791353503,2503,HTTP Request,200,OK,Thread Group 1-13,text,true,,231,158,61,61,http://localhost:8079/?token=518499913&user=-1355070315&config=3,2503,0,0
1778791354034,1972,HTTP Request,200,OK,Thread Group 1-14,text,true,,231,158,61,61,http://localhost:8079/?token=518499913&user=-1355070315&config=3,1972,0,0
1778791354031,1975,HTTP Request,200,OK,Thread Group 1-15,text,true,,231,158,61,61,http://localhost:8079/?token=518499913&user=-1355070315&config=3,1975,0,0
1778791354034,1972,HTTP Request,200,OK,Thread Group 1-26,text,true,,231,158,61,61,http://localhost:8079/?token=518499913&user=-1355070315&config=3,1972,0,0
1778791354035,1974,HTTP Request,200,OK,Thread Group 1-38,text,true,,231,158,61,61,http://localhost:8079/?token=518499913&user=-1355070315&config=3,1974,0,0
1778791354035,1975,HTTP Request,200,OK,Thread Group 1-42,text,true,,231,158,61,61,http://localhost:8079/?token=518499913&user=-1355070315&config=3,1975,0,0
1778791354036,1974,HTTP Request,200,OK,Thread Group 1-50,text,true,,231,158,61,61,http://localhost:8079/?token=518499913&user=-1355070315&config=3,1974,0,0
1778791354035,1975,HTTP Request,200,OK,Thread Group 1-47,text,true,,231,158,61,61,http://localhost:8079/?token=518499913&user=-1355070315&config=3,1975,0,0
1778791354050,2061,HTTP Request,200,OK,Thread Group 1-22,text,true,,231,158,61,61,http://localhost:8079/?token=518499913&user=-1355070315&config=3,2061,0,0
1778791354032,2079,HTTP Request,200,OK,Thread Group 1-2,text,true,,231,158,61,61,http://localhost:8079/?token=518499913&user=-1355070315&config=3,2079,0,0
1778791354036,2076,HTTP Request,200,OK,Thread Group 1-48,text,true,,231,158,61,61,http://localhost:8079/?token=518499913&user=-1355070315&config=3,2076,0,0
1778791354052,2060,HTTP Request,200,OK,Thread Group 1-25,text,true,,231,158,61,61,http://localhost:8079/?token=518499913&user=-1355070315&config=3,2060,0,0
1778791354354,2009,HTTP Request,200,OK,Thread Group 1-5,text,true,,231,158,62,62,http://localhost:8079/?token=518499913&user=-1355070315&config=3,2009,0,0
1778791354355,2010,HTTP Request,200,OK,Thread Group 1-16,text,true,,231,158,62,62,http://localhost:8079/?token=518499913&user=-1355070315&config=3,2010,0,0
1778791354356,2014,HTTP Request,200,OK,Thread Group 1-20,text,true,,231,158,62,62,http://localhost:8079/?token=518499913&user=-1355070315&config=3,2014,0,0
1778791354052,2318,HTTP Request,200,OK,Thread Group 1-41,text,true,,231,158,62,62,http://localhost:8079/?token=518499913&user=-1355070315&config=3,2318,0,0
1778791354356,2014,HTTP Request,200,OK,Thread Group 1-45,text,true,,231,158,62,62,http://localhost:8079/?token=518499913&user=-1355070315&config=3,2014,0,0
1778791354353,2018,HTTP Request,200,OK,Thread Group 1-46,text,true,,231,158,62,62,http://localhost:8079/?token=518499913&user=-1355070315&config=3,2018,0,0
1778791354356,2015,HTTP Request,200,OK,Thread Group 1-49,text,true,,231,158,62,62,http://localhost:8079/?token=518499913&user=-1355070315&config=3,2015,0,0
1778791354356,2015,HTTP Request,200,OK,Thread Group 1-52,text,true,,231,158,62,62,http://localhost:8079/?token=518499913&user=-1355070315&config=3,2015,0,0
1778791354356,2015,HTTP Request,200,OK,Thread Group 1-58,text,true,,231,158,62,62,http://localhost:8079/?token=518499913&user=-1355070315&config=3,2015,0,0
1778791354255,2117,HTTP Request,200,OK,Thread Group 1-60,text,true,,231,158,62,62,http://localhost:8079/?token=518499913&user=-1355070315&config=3,2117,0,2
1778791355064,1311,HTTP Request,200,OK,Thread Group 1-7,text,true,,231,158,62,62,http://localhost:8079/?token=518499913&user=-1355070315&config=3,1311,0,0
1778791354355,2020,HTTP Request,200,OK,Thread Group 1-6,text,true,,231,158,62,62,http://localhost:8079/?token=518499913&user=-1355070315&config=3,2020,0,0
1778791355064,1311,HTTP Request,200,OK,Thread Group 1-24,text,true,,231,158,62,62,http://localhost:8079/?token=518499913&user=-1355070315&config=3,1311,0,0
1778791354355,2020,HTTP Request,200,OK,Thread Group 1-17,text,true,,231,158,62,62,http://localhost:8079/?token=518499913&user=-1355070315&config=3,2020,0,0
1778791354357,2018,HTTP Request,200,OK,Thread Group 1-12,text,true,,231,158,62,62,http://localhost:8079/?token=518499913&user=-1355070315&config=3,2018,0,0
1778791354370,2583,HTTP Request,200,OK,Thread Group 1-54,text,true,,231,158,62,62,http://localhost:8079/?token=518499913&user=-1355070315&config=3,2583,0,0
1778791355063,1892,HTTP Request,200,OK,Thread Group 1-10,text,true,,231,158,62,62,http://localhost:8079/?token=518499913&user=-1355070315&config=3,1892,0,0
1778791354370,2585,HTTP Request,200,OK,Thread Group 1-18,text,true,,231,158,62,62,http://localhost:8079/?token=518499913&user=-1355070315&config=3,2585,0,0
1778791355064,1891,HTTP Request,200,OK,Thread Group 1-35,text,true,,231,158,62,62,http://localhost:8079/?token=518499913&user=-1355070315&config=3,1891,0,0
1778791355064,1891,HTTP Request,200,OK,Thread Group 1-36,text,true,,231,158,62,62,http://localhost:8079/?token=518499913&user=-1355070315&config=3,1891,0,0
1778791354371,2585,HTTP Request,200,OK,Thread Group 1-56,text,true,,231,158,62,62,http://localhost:8079/?token=518499913&user=-1355070315&config=3,2585,0,0
1778791355063,1893,HTTP Request,200,OK,Thread Group 1-4,text,true,,231,158,62,62,http://localhost:8079/?token=518499913&user=-1355070315&config=3,1893,0,0
1778791355064,1892,HTTP Request,200,OK,Thread Group 1-8,text,true,,231,158,62,62,http://localhost:8079/?token=518499913&user=-1355070315&config=3,1892,0,0
1778791355064,1892,HTTP Request,200,OK,Thread Group 1-9,text,true,,231,158,62,62,http://localhost:8079/?token=518499913&user=-1355070315&config=3,1892,0,0
1778791355064,1892,HTTP Request,200,OK,Thread Group 1-23,text,true,,231,158,62,62,http://localhost:8079/?token=518499913&user=-1355070315&config=3,1892,0,0
1778791355064,1892,HTTP Request,200,OK,Thread Group 1-44,text,true,,231,158,62,62,http://localhost:8079/?token=518499913&user=-1355070315&config=3,1892,0,0
1778791355068,1901,HTTP Request,200,OK,Thread Group 1-21,text,true,,231,158,62,62,http://localhost:8079/?token=518499913&user=-1355070315&config=3,1901,0,0
1778791355081,1888,HTTP Request,200,OK,Thread Group 1-40,text,true,,231,158,62,62,http://localhost:8079/?token=518499913&user=-1355070315&config=3,1888,0,0
1778791355082,1887,HTTP Request,200,OK,Thread Group 1-53,text,true,,231,158,62,62,http://localhost:8079/?token=518499913&user=-1355070315&config=3,1887,0,0
1778791355247,2206,HTTP Request,200,OK,Thread Group 1-37,text,true,,231,158,63,63,http://localhost:8079/?token=518499913&user=-1355070315&config=3,2206,0,0
1778791355239,2214,HTTP Request,200,OK,Thread Group 1-43,text,true,,231,158,63,63,http://localhost:8079/?token=518499913&user=-1355070315&config=3,2214,0,0
1778791355081,2372,HTTP Request,200,OK,Thread Group 1-51,text,true,,231,158,63,63,http://localhost:8079/?token=518499913&user=-1355070315&config=3,2372,0,0
1778791355245,2208,HTTP Request,200,OK,Thread Group 1-19,text,true,,231,158,63,63,http://localhost:8079/?token=518499913&user=-1355070315&config=3,2208,0,0
1778791355245,2208,HTTP Request,200,OK,Thread Group 1-27,text,true,,231,158,63,63,http://localhost:8079/?token=518499913&user=-1355070315&config=3,2208,0,0
1778791355082,2371,HTTP Request,200,OK,Thread Group 1-11,text,true,,231,158,63,63,http://localhost:8079/?token=518499913&user=-1355070315&config=3,2371,0,0
1778791355246,2207,HTTP Request,200,OK,Thread Group 1-28,text,true,,231,158,63,63,http://localhost:8079/?token=518499913&user=-1355070315&config=3,2207,0,0
1778791355246,2207,HTTP Request,200,OK,Thread Group 1-31,text,true,,231,158,63,63,http://localhost:8079/?token=518499913&user=-1355070315&config=3,2207,0,0
1778791355246,2207,HTTP Request,200,OK,Thread Group 1-34,text,true,,231,158,63,63,http://localhost:8079/?token=518499913&user=-1355070315&config=3,2207,0,0
1778791355247,2206,HTTP Request,200,OK,Thread Group 1-55,text,true,,231,158,63,63,http://localhost:8079/?token=518499913&user=-1355070315&config=3,2206,0,0
1778791355247,2206,HTTP Request,200,OK,Thread Group 1-59,text,true,,231,158,63,63,http://localhost:8079/?token=518499913&user=-1355070315&config=3,2206,0,0
1778791355259,2211,HTTP Request,200,OK,Thread Group 1-29,text,true,,231,158,63,63,http://localhost:8079/?token=518499913&user=-1355070315&config=3,2211,0,0
1778791356006,1464,HTTP Request,200,OK,Thread Group 1-26,text,true,,231,158,63,63,http://localhost:8079/?token=518499913&user=-1355070315&config=3,1464,0,0
1778791356004,1467,HTTP Request,200,OK,Thread Group 1-32,text,true,,231,158,63,63,http://localhost:8079/?token=518499913&user=-1355070315&config=3,1467,0,0
1778791355246,2225,HTTP Request,200,OK,Thread Group 1-33,text,true,,231,158,63,63,http://localhost:8079/?token=518499913&user=-1355070315&config=3,2225,0,0
1778791356009,1462,HTTP Request,200,OK,Thread Group 1-38,text,true,,231,158,63,63,http://localhost:8079/?token=518499913&user=-1355070315&config=3,1462,0,0
1778791355247,2224,HTTP Request,200,OK,Thread Group 1-39,text,true,,231,158,63,63,http://localhost:8079/?token=518499913&user=-1355070315&config=3,2224,0,0
1778791356005,2072,HTTP Request,200,OK,Thread Group 1-3,text,true,,231,158,63,63,http://localhost:8079/?token=518499913&user=-1355070315&config=3,2072,0,0
1778791356006,2072,HTTP Request,200,OK,Thread Group 1-14,text,true,,231,158,63,63,http://localhost:8079/?token=518499913&user=-1355070315&config=3,2072,0,0
1778791356006,2073,HTTP Request,200,OK,Thread Group 1-15,text,true,,231,158,63,63,http://localhost:8079/?token=518499913&user=-1355070315&config=3,2073,0,0
1778791356113,1967,HTTP Request,200,OK,Thread Group 1-25,text,true,,231,158,63,63,http://localhost:8079/?token=518499913&user=-1355070315&config=3,1967,0,0
1778791355259,2821,HTTP Request,200,OK,Thread Group 1-30,text,true,,231,158,63,63,http://localhost:8079/?token=518499913&user=-1355070315&config=3,2821,0,0
1778791356010,2071,HTTP Request,200,OK,Thread Group 1-42,text,true,,231,158,63,63,http://localhost:8079/?token=518499913&user=-1355070315&config=3,2071,0,0
1778791356010,2071,HTTP Request,200,OK,Thread Group 1-47,text,true,,231,158,63,63,http://localhost:8079/?token=518499913&user=-1355070315&config=3,2071,0,0
1778791355260,2821,HTTP Request,200,OK,Thread Group 1-57,text,true,,231,158,63,63,http://localhost:8079/?token=518499913&user=-1355070315&config=3,2821,0,0
1778791356010,2071,HTTP Request,200,OK,Thread Group 1-50,text,true,,231,158,63,63,http://localhost:8079/?token=518499913&user=-1355070315&config=3,2071,0,0
1778791355254,2828,HTTP Request,200,OK,Thread Group 1-61,text,true,,231,158,63,63,http://localhost:8079/?token=518499913&user=-1355070315&config=3,2828,0,2
1778791356006,2080,HTTP Request,200,OK,Thread Group 1-13,text,true,,231,158,63,63,http://localhost:8079/?token=518499913&user=-1355070315&config=3,2080,0,0
1778791356111,1981,HTTP Request,200,OK,Thread Group 1-2,text,true,,231,158,63,63,http://localhost:8079/?token=518499913&user=-1355070315&config=3,1981,0,0
1778791356112,1980,HTTP Request,200,OK,Thread Group 1-22,text,true,,231,158,63,63,http://localhost:8079/?token=518499913&user=-1355070315&config=3,1980,0,0
1778791356113,1979,HTTP Request,200,OK,Thread Group 1-48,text,true,,231,158,63,63,http://localhost:8079/?token=518499913&user=-1355070315&config=3,1979,0,0
1778791356005,2087,HTTP Request,200,OK,Thread Group 1-1,text,true,,231,158,63,63,http://localhost:8079/?token=518499913&user=-1355070315&config=3,2087,0,11
1778791356255,2358,HTTP Request,200,OK,Thread Group 1-62,text,true,,231,158,64,64,http://localhost:8079/?token=518499913&user=-1355070315&config=3,2358,0,2
1778791356364,2249,HTTP Request,200,OK,Thread Group 1-5,text,true,,231,158,64,64,http://localhost:8079/?token=518499913&user=-1355070315&config=3,2249,0,0
1778791356370,2244,HTTP Request,200,OK,Thread Group 1-20,text,true,,231,158,64,64,http://localhost:8079/?token=518499913&user=-1355070315&config=3,2244,0,0
1778791356365,2249,HTTP Request,200,OK,Thread Group 1-16,text,true,,231,158,64,64,http://localhost:8079/?token=518499913&user=-1355070315&config=3,2249,0,0
1778791356371,2243,HTTP Request,200,OK,Thread Group 1-45,text,true,,231,158,64,64,http://localhost:8079/?token=518499913&user=-1355070315&config=3,2243,0,0
1778791356370,2244,HTTP Request,200,OK,Thread Group 1-41,text,true,,231,158,64,64,http://localhost:8079/?token=518499913&user=-1355070315&config=3,2244,0,0
1778791356371,2244,HTTP Request,200,OK,Thread Group 1-49,text,true,,231,158,64,64,http://localhost:8079/?token=518499913&user=-1355070315&config=3,2244,0,0
1778791356371,2244,HTTP Request,200,OK,Thread Group 1-46,text,true,,231,158,64,64,http://localhost:8079/?token=518499913&user=-1355070315&config=3,2244,0,0
1778791356371,2244,HTTP Request,200,OK,Thread Group 1-52,text,true,,231,158,64,64,http://localhost:8079/?token=518499913&user=-1355070315&config=3,2244,0,0
1778791356371,2244,HTTP Request,200,OK,Thread Group 1-58,text,true,,231,158,64,64,http://localhost:8079/?token=518499913&user=-1355070315&config=3,2244,0,0
1778791356372,2243,HTTP Request,200,OK,Thread Group 1-60,text,true,,231,158,64,64,http://localhost:8079/?token=518499913&user=-1355070315&config=3,2243,0,0
1778791356375,2253,HTTP Request,200,OK,Thread Group 1-7,text,true,,231,158,64,64,http://localhost:8079/?token=518499913&user=-1355070315&config=3,2253,0,0
1778791356955,1673,HTTP Request,200,OK,Thread Group 1-10,text,true,,231,158,64,64,http://localhost:8079/?token=518499913&user=-1355070315&config=3,1673,0,0
1778791356955,1674,HTTP Request,200,OK,Thread Group 1-35,text,true,,231,158,64,64,http://localhost:8079/?token=518499913&user=-1355070315&config=3,1674,0,0
1778791356375,2254,HTTP Request,200,OK,Thread Group 1-12,text,true,,231,158,64,64,http://localhost:8079/?token=518499913&user=-1355070315&config=3,2254,0,0
1778791356953,1676,HTTP Request,200,OK,Thread Group 1-54,text,true,,231,158,64,64,http://localhost:8079/?token=518499913&user=-1355070315&config=3,1676,0,0
1778791356956,1673,HTTP Request,200,OK,Thread Group 1-56,text,true,,231,158,64,64,http://localhost:8079/?token=518499913&user=-1355070315&config=3,1673,0,0
1778791356955,2302,HTTP Request,200,OK,Thread Group 1-18,text,true,,231,158,65,65,http://localhost:8079/?token=518499913&user=-1355070315&config=3,2302,0,0
1778791356956,2302,HTTP Request,200,OK,Thread Group 1-4,text,true,,231,158,65,65,http://localhost:8079/?token=518499913&user=-1355070315&config=3,2302,0,0
1778791356375,2884,HTTP Request,200,OK,Thread Group 1-6,text,true,,231,158,65,65,http://localhost:8079/?token=518499913&user=-1355070315&config=3,2884,0,0
1778791356956,2304,HTTP Request,200,OK,Thread Group 1-8,text,true,,231,158,65,65,http://localhost:8079/?token=518499913&user=-1355070315&config=3,2304,0,0
1778791356956,2304,HTTP Request,200,OK,Thread Group 1-9,text,true,,231,158,65,65,http://localhost:8079/?token=518499913&user=-1355070315&config=3,2304,0,0
1778791356375,2885,HTTP Request,200,OK,Thread Group 1-17,text,true,,231,158,65,65,http://localhost:8079/?token=518499913&user=-1355070315&config=3,2885,0,0
1778791356956,2304,HTTP Request,200,OK,Thread Group 1-23,text,true,,231,158,65,65,http://localhost:8079/?token=518499913&user=-1355070315&config=3,2304,0,0
1778791356375,2885,HTTP Request,200,OK,Thread Group 1-24,text,true,,231,158,65,65,http://localhost:8079/?token=518499913&user=-1355070315&config=3,2885,0,0
1778791356955,2305,HTTP Request,200,OK,Thread Group 1-36,text,true,,231,158,65,65,http://localhost:8079/?token=518499913&user=-1355070315&config=3,2305,0,0
1778791356969,2292,HTTP Request,200,OK,Thread Group 1-40,text,true,,231,158,65,65,http://localhost:8079/?token=518499913&user=-1355070315&config=3,2292,0,0
1778791356956,2305,HTTP Request,200,OK,Thread Group 1-44,text,true,,231,158,65,65,http://localhost:8079/?token=518499913&user=-1355070315&config=3,2305,0,0
1778791357453,1819,HTTP Request,200,OK,Thread Group 1-19,text,true,,231,158,65,65,http://localhost:8079/?token=518499913&user=-1355070315&config=3,1819,0,0
1778791356969,2304,HTTP Request,200,OK,Thread Group 1-21,text,true,,231,158,65,65,http://localhost:8079/?token=518499913&user=-1355070315&config=3,2304,0,0
1778791357453,1820,HTTP Request,200,OK,Thread Group 1-27,text,true,,231,158,65,65,http://localhost:8079/?token=518499913&user=-1355070315&config=3,1820,0,0
1778791356969,2305,HTTP Request,200,OK,Thread Group 1-53,text,true,,231,158,65,65,http://localhost:8079/?token=518499913&user=-1355070315&config=3,2305,0,0
1778791357257,2023,HTTP Request,200,OK,Thread Group 1-63,text,true,,231,158,65,65,http://localhost:8079/?token=518499913&user=-1355070315&config=3,2023,0,4
1778791357453,2394,HTTP Request,200,OK,Thread Group 1-28,text,true,,231,158,65,65,http://localhost:8079/?token=518499913&user=-1355070315&config=3,2394,0,0
1778791357453,2394,HTTP Request,200,OK,Thread Group 1-11,text,true,,231,158,65,65,http://localhost:8079/?token=518499913&user=-1355070315&config=3,2394,0,0
1778791357453,2396,HTTP Request,200,OK,Thread Group 1-31,text,true,,231,158,65,65,http://localhost:8079/?token=518499913&user=-1355070315&config=3,2396,0,0
1778791357453,2396,HTTP Request,200,OK,Thread Group 1-34,text,true,,231,158,65,65,http://localhost:8079/?token=518499913&user=-1355070315&config=3,2396,0,0
1778791357453,2396,HTTP Request,200,OK,Thread Group 1-37,text,true,,231,158,65,65,http://localhost:8079/?token=518499913&user=-1355070315&config=3,2396,0,0
1778791358081,1768,HTTP Request,200,OK,Thread Group 1-42,text,true,,231,158,65,65,http://localhost:8079/?token=518499913&user=-1355070315&config=3,1768,0,0
1778791357453,2397,HTTP Request,200,OK,Thread Group 1-43,text,true,,231,158,65,65,http://localhost:8079/?token=518499913&user=-1355070315&config=3,2397,0,0
1778791358081,1769,HTTP Request,200,OK,Thread Group 1-47,text,true,,231,158,65,65,http://localhost:8079/?token=518499913&user=-1355070315&config=3,1769,0,0
1778791357453,2397,HTTP Request,200,OK,Thread Group 1-51,text,true,,231,158,65,65,http://localhost:8079/?token=518499913&user=-1355070315&config=3,2397,0,0
1778791357454,2397,HTTP Request,200,OK,Thread Group 1-55,text,true,,231,158,65,65,http://localhost:8079/?token=518499913&user=-1355070315&config=3,2397,0,0
1778791357454,2397,HTTP Request,200,OK,Thread Group 1-59,text,true,,231,158,65,65,http://localhost:8079/?token=518499913&user=-1355070315&config=3,2397,0,0
1778791358080,1782,HTTP Request,200,OK,Thread Group 1-25,text,true,,231,158,65,65,http://localhost:8079/?token=518499913&user=-1355070315&config=3,1782,0,0
1778791358079,1783,HTTP Request,200,OK,Thread Group 1-14,text,true,,231,158,65,65,http://localhost:8079/?token=518499913&user=-1355070315&config=3,1783,0,0
1778791357470,2393,HTTP Request,200,OK,Thread Group 1-26,text,true,,231,158,65,65,http://localhost:8079/?token=518499913&user=-1355070315&config=3,2393,0,0
1778791357470,2394,HTTP Request,200,OK,Thread Group 1-29,text,true,,231,158,65,65,http://localhost:8079/?token=518499913&user=-1355070315&config=3,2393,0,0
1778791358081,1783,HTTP Request,200,OK,Thread Group 1-30,text,true,,231,158,65,65,http://localhost:8079/?token=518499913&user=-1355070315&config=3,1783,0,0
1778791357471,2393,HTTP Request,200,OK,Thread Group 1-38,text,true,,231,158,65,65,http://localhost:8079/?token=518499913&user=-1355070315&config=3,2393,0,0
1778791358079,2320,HTTP Request,200,OK,Thread Group 1-15,text,true,,231,158,66,66,http://localhost:8079/?token=518499913&user=-1355070315&config=3,2320,0,0
1778791357471,2936,HTTP Request,200,OK,Thread Group 1-32,text,true,,231,158,66,66,http://localhost:8079/?token=518499913&user=-1355070315&config=3,2936,0,0
1778791358092,2315,HTTP Request,200,OK,Thread Group 1-22,text,true,,231,158,66,66,http://localhost:8079/?token=518499913&user=-1355070315&config=3,2315,0,0
1778791358086,2321,HTTP Request,200,OK,Thread Group 1-13,text,true,,231,158,66,66,http://localhost:8079/?token=518499913&user=-1355070315&config=3,2321,0,0
1778791357471,2936,HTTP Request,200,OK,Thread Group 1-33,text,true,,231,158,66,66,http://localhost:8079/?token=518499913&user=-1355070315&config=3,2936,0,0
1778791357471,2936,HTTP Request,200,OK,Thread Group 1-39,text,true,,231,158,66,66,http://localhost:8079/?token=518499913&user=-1355070315&config=3,2936,0,0
1778791358093,2314,HTTP Request,200,OK,Thread Group 1-48,text,true,,231,158,66,66,http://localhost:8079/?token=518499913&user=-1355070315&config=3,2314,0,0
1778791358081,2326,HTTP Request,200,OK,Thread Group 1-50,text,true,,231,158,66,66,http://localhost:8079/?token=518499913&user=-1355070315&config=3,2326,0,0
1778791358081,2326,HTTP Request,200,OK,Thread Group 1-57,text,true,,231,158,66,66,http://localhost:8079/?token=518499913&user=-1355070315&config=3,2326,0,0
1778791358083,2324,HTTP Request,200,OK,Thread Group 1-61,text,true,,231,158,66,66,http://localhost:8079/?token=518499913&user=-1355070315&config=3,2324,0,0
1778791358093,2314,HTTP Request,200,OK,Thread Group 1-1,text,true,,231,158,66,66,http://localhost:8079/?token=518499913&user=-1355070315&config=3,2314,0,0
1778791358614,1807,HTTP Request,200,OK,Thread Group 1-20,text,true,,231,158,66,66,http://localhost:8079/?token=518499913&user=-1355070315&config=3,1807,0,0
1778791358615,1806,HTTP Request,200,OK,Thread Group 1-46,text,true,,231,158,66,66,http://localhost:8079/?token=518499913&user=-1355070315&config=3,1806,0,0
1778791358615,1807,HTTP Request,200,OK,Thread Group 1-60,text,true,,231,158,66,66,http://localhost:8079/?token=518499913&user=-1355070315&config=3,1807,0,0
1778791358249,2173,HTTP Request,200,OK,Thread Group 1-64,text,true,,231,158,66,66,http://localhost:8079/?token=518499913&user=-1355070315&config=3,2173,0,3
1778791358092,2330,HTTP Request,200,OK,Thread Group 1-2,text,true,,231,158,66,66,http://localhost:8079/?token=518499913&user=-1355070315&config=3,2330,0,1
1778791358079,2343,HTTP Request,200,OK,Thread Group 1-3,text,true,,231,158,66,66,http://localhost:8079/?token=518499913&user=-1355070315&config=3,2343,0,7
1778791358615,2232,HTTP Request,200,OK,Thread Group 1-49,text,true,,231,158,66,66,http://localhost:8079/?token=518499913&user=-1355070315&config=3,2232,0,0
1778791358613,2235,HTTP Request,200,OK,Thread Group 1-62,text,true,,231,158,66,66,http://localhost:8079/?token=518499913&user=-1355070315&config=3,2235,0,0
1778791358613,2235,HTTP Request,200,OK,Thread Group 1-5,text,true,,231,158,66,66,http://localhost:8079/?token=518499913&user=-1355070315&config=3,2235,0,0
1778791358629,2220,HTTP Request,200,OK,Thread Group 1-12,text,true,,231,158,66,66,http://localhost:8079/?token=518499913&user=-1355070315&config=3,2220,0,0
1778791358614,2235,HTTP Request,200,OK,Thread Group 1-16,text,true,,231,158,66,66,http://localhost:8079/?token=518499913&user=-1355070315&config=3,2235,0,0
1778791359257,1593,HTTP Request,200,OK,Thread Group 1-18,text,true,,231,158,66,66,http://localhost:8079/?token=518499913&user=-1355070315&config=3,1593,0,0
1778791358614,2236,HTTP Request,200,OK,Thread Group 1-41,text,true,,231,158,66,66,http://localhost:8079/?token=518499913&user=-1355070315&config=3,2236,0,0
1778791358615,2235,HTTP Request,200,OK,Thread Group 1-52,text,true,,231,158,66,66,http://localhost:8079/?token=518499913&user=-1355070315&config=3,2235,0,0
1778791358614,2236,HTTP Request,200,OK,Thread Group 1-45,text,true,,231,158,66,66,http://localhost:8079/?token=518499913&user=-1355070315&config=3,2236,0,0
1778791358629,2222,HTTP Request,200,OK,Thread Group 1-56,text,true,,231,158,66,66,http://localhost:8079/?token=518499913&user=-1355070315&config=3,2222,0,0
1778791358615,2236,HTTP Request,200,OK,Thread Group 1-58,text,true,,231,158,66,66,http://localhost:8079/?token=518499913&user=-1355070315&config=3,2236,0,0
1778791359260,1592,HTTP Request,200,OK,Thread Group 1-6,text,true,,231,158,66,66,http://localhost:8079/?token=518499913&user=-1355070315&config=3,1592,0,0
1778791358628,2224,HTTP Request,200,OK,Thread Group 1-7,text,true,,231,158,66,66,http://localhost:8079/?token=518499913&user=-1355070315&config=3,2224,0,0
1778791359260,1593,HTTP Request,200,OK,Thread Group 1-8,text,true,,231,158,66,66,http://localhost:8079/?token=518499913&user=-1355070315&config=3,1593,0,0
1778791359260,1593,HTTP Request,200,OK,Thread Group 1-9,text,true,,231,158,66,66,http://localhost:8079/?token=518499913&user=-1355070315&config=3,1593,0,0
1778791358628,2225,HTTP Request,200,OK,Thread Group 1-10,text,true,,231,158,66,66,http://localhost:8079/?token=518499913&user=-1355070315&config=3,2225,0,0
1778791358629,2224,HTTP Request,200,OK,Thread Group 1-54,text,true,,231,158,66,66,http://localhost:8079/?token=518499913&user=-1355070315&config=3,2224,0,0
1778791359261,1602,HTTP Request,200,OK,Thread Group 1-40,text,true,,231,158,66,66,http://localhost:8079/?token=518499913&user=-1355070315&config=3,1602,0,0
1778791359260,2414,HTTP Request,200,OK,Thread Group 1-17,text,true,,231,158,67,67,http://localhost:8079/?token=518499913&user=-1355070315&config=3,2414,0,0
1778791359273,2402,HTTP Request,200,OK,Thread Group 1-21,text,true,,231,158,67,67,http://localhost:8079/?token=518499913&user=-1355070315&config=3,2402,0,0
1778791359260,2415,HTTP Request,200,OK,Thread Group 1-24,text,true,,231,158,67,67,http://localhost:8079/?token=518499913&user=-1355070315&config=3,2415,0,0
1778791359260,2415,HTTP Request,200,OK,Thread Group 1-23,text,true,,231,158,67,67,http://localhost:8079/?token=518499913&user=-1355070315&config=3,2415,0,0
1778791359273,2403,HTTP Request,200,OK,Thread Group 1-27,text,true,,231,158,67,67,http://localhost:8079/?token=518499913&user=-1355070315&config=3,2403,0,0
1778791358629,3047,HTTP Request,200,OK,Thread Group 1-35,text,true,,231,158,67,67,http://localhost:8079/?token=518499913&user=-1355070315&config=3,3047,0,0
1778791359261,2415,HTTP Request,200,OK,Thread Group 1-36,text,true,,231,158,67,67,http://localhost:8079/?token=518499913&user=-1355070315&config=3,2415,0,0
1778791359262,2414,HTTP Request,200,OK,Thread Group 1-44,text,true,,231,158,67,67,http://localhost:8079/?token=518499913&user=-1355070315&config=3,2414,0,0
1778791359274,2402,HTTP Request,200,OK,Thread Group 1-53,text,true,,231,158,67,67,http://localhost:8079/?token=518499913&user=-1355070315&config=3,2402,0,0
1778791359273,2401,HTTP Request,200,OK,Thread Group 1-19,text,true,,231,158,67,67,http://localhost:8079/?token=518499913&user=-1355070315&config=3,2401,0,0
1778791359280,2397,HTTP Request,200,OK,Thread Group 1-63,text,true,,231,158,67,67,http://localhost:8079/?token=518499913&user=-1355070315&config=3,2397,0,0
1778791359252,2433,HTTP Request,200,OK,Thread Group 1-65,text,true,,231,158,67,67,http://localhost:8079/?token=518499913&user=-1355070315&config=3,2433,0,7
1778791359849,1836,HTTP Request,200,OK,Thread Group 1-31,text,true,,231,158,67,67,http://localhost:8079/?token=518499913&user=-1355070315&config=3,1836,0,0
1778791359849,1837,HTTP Request,200,OK,Thread Group 1-42,text,true,,231,158,67,67,http://localhost:8079/?token=518499913&user=-1355070315&config=3,1837,0,0
1778791359850,1836,HTTP Request,200,OK,Thread Group 1-47,text,true,,231,158,67,67,http://localhost:8079/?token=518499913&user=-1355070315&config=3,1836,0,0
1778791359851,1835,HTTP Request,200,OK,Thread Group 1-55,text,true,,231,158,67,67,http://localhost:8079/?token=518499913&user=-1355070315&config=3,1835,0,0
1778791359258,2428,HTTP Request,200,OK,Thread Group 1-4,text,true,,231,158,67,67,http://localhost:8079/?token=518499913&user=-1355070315&config=3,2428,0,6
1778791359849,2325,HTTP Request,200,OK,Thread Group 1-37,text,true,,231,158,67,67,http://localhost:8079/?token=518499913&user=-1355070315&config=3,2325,0,0
1778791359848,2326,HTTP Request,200,OK,Thread Group 1-11,text,true,,231,158,67,67,http://localhost:8079/?token=518499913&user=-1355070315&config=3,2326,0,0
1778791359848,2327,HTTP Request,200,OK,Thread Group 1-28,text,true,,231,158,67,67,http://localhost:8079/?token=518499913&user=-1355070315&config=3,2327,0,0
1778791359849,2326,HTTP Request,200,OK,Thread Group 1-34,text,true,,231,158,67,67,http://localhost:8079/?token=518499913&user=-1355070315&config=3,2326,0,0
1778791359850,2325,HTTP Request,200,OK,Thread Group 1-51,text,true,,231,158,67,67,http://localhost:8079/?token=518499913&user=-1355070315&config=3,2325,0,0
1778791359851,2324,HTTP Request,200,OK,Thread Group 1-59,text,true,,231,158,67,67,http://localhost:8079/?token=518499913&user=-1355070315&config=3,2324,0,0
1778791360248,1928,HTTP Request,200,OK,Thread Group 1-66,text,true,,231,158,67,67,http://localhost:8079/?token=518499913&user=-1355070315&config=3,1928,0,1
1778791360407,1769,HTTP Request,200,OK,Thread Group 1-13,text,true,,231,158,67,67,http://localhost:8079/?token=518499913&user=-1355070315&config=3,1769,0,0
1778791360406,1772,HTTP Request,200,OK,Thread Group 1-15,text,true,,231,158,67,67,http://localhost:8079/?token=518499913&user=-1355070315&config=3,1772,0,0
1778791359862,2316,HTTP Request,200,OK,Thread Group 1-14,text,true,,231,158,67,67,http://localhost:8079/?token=518499913&user=-1355070315&config=3,2316,0,0
1778791359862,2317,HTTP Request,200,OK,Thread Group 1-25,text,true,,231,158,67,67,http://localhost:8079/?token=518499913&user=-1355070315&config=3,2317,0,0
1778791359863,2316,HTTP Request,200,OK,Thread Group 1-26,text,true,,231,158,67,67,http://localhost:8079/?token=518499913&user=-1355070315&config=3,2316,0,0
1778791359864,2315,HTTP Request,200,OK,Thread Group 1-29,text,true,,231,158,67,67,http://localhost:8079/?token=518499913&user=-1355070315&config=3,2315,0,0
1778791359864,2315,HTTP Request,200,OK,Thread Group 1-30,text,true,,231,158,67,67,http://localhost:8079/?token=518499913&user=-1355070315&config=3,2315,0,0
1778791359864,2315,HTTP Request,200,OK,Thread Group 1-38,text,true,,231,158,67,67,http://localhost:8079/?token=518499913&user=-1355070315&config=3,2315,0,0
1778791359850,2329,HTTP Request,200,OK,Thread Group 1-43,text,true,,231,158,67,67,http://localhost:8079/?token=518499913&user=-1355070315&config=3,2329,0,0
1778791360407,1773,HTTP Request,200,OK,Thread Group 1-1,text,true,,231,158,67,67,http://localhost:8079/?token=518499913&user=-1355070315&config=3,1773,0,0
1778791360407,1782,HTTP Request,200,OK,Thread Group 1-33,text,true,,231,158,67,67,http://localhost:8079/?token=518499913&user=-1355070315&config=3,1782,0,0
1778791360407,1782,HTTP Request,200,OK,Thread Group 1-39,text,true,,231,158,67,67,http://localhost:8079/?token=518499913&user=-1355070315&config=3,1782,0,0
1778791360422,2514,HTTP Request,200,OK,Thread Group 1-64,text,true,,231,158,68,68,http://localhost:8079/?token=518499913&user=-1355070315&config=3,2514,0,0
1778791360407,2530,HTTP Request,200,OK,Thread Group 1-22,text,true,,231,158,68,68,http://localhost:8079/?token=518499913&user=-1355070315&config=3,2530,0,0
1778791360421,2516,HTTP Request,200,OK,Thread Group 1-20,text,true,,231,158,68,68,http://localhost:8079/?token=518499913&user=-1355070315&config=3,2516,0,0
1778791360407,2531,HTTP Request,200,OK,Thread Group 1-32,text,true,,231,158,68,68,http://localhost:8079/?token=518499913&user=-1355070315&config=3,2531,0,0
1778791360421,2517,HTTP Request,200,OK,Thread Group 1-46,text,true,,231,158,68,68,http://localhost:8079/?token=518499913&user=-1355070315&config=3,2517,0,0
1778791360407,2531,HTTP Request,200,OK,Thread Group 1-48,text,true,,231,158,68,68,http://localhost:8079/?token=518499913&user=-1355070315&config=3,2531,0,0
1778791360407,2531,HTTP Request,200,OK,Thread Group 1-50,text,true,,231,158,68,68,http://localhost:8079/?token=518499913&user=-1355070315&config=3,2531,0,0
1778791360407,2531,HTTP Request,200,OK,Thread Group 1-57,text,true,,231,158,68,68,http://localhost:8079/?token=518499913&user=-1355070315&config=3,2531,0,0
1778791360422,2516,HTTP Request,200,OK,Thread Group 1-60,text,true,,231,158,68,68,http://localhost:8079/?token=518499913&user=-1355070315&config=3,2516,0,0
1778791360422,2516,HTTP Request,200,OK,Thread Group 1-3,text,true,,231,158,68,68,http://localhost:8079/?token=518499913&user=-1355070315&config=3,2516,0,0
1778791360407,2531,HTTP Request,200,OK,Thread Group 1-61,text,true,,231,158,68,68,http://localhost:8079/?token=518499913&user=-1355070315&config=3,2531,0,0
1778791360848,2100,HTTP Request,200,OK,Thread Group 1-62,text,true,,231,158,68,68,http://localhost:8079/?token=518499913&user=-1355070315&config=3,2100,0,0
1778791360849,2099,HTTP Request,200,OK,Thread Group 1-12,text,true,,231,158,68,68,http://localhost:8079/?token=518499913&user=-1355070315&config=3,2099,0,0
1778791360849,2099,HTTP Request,200,OK,Thread Group 1-16,text,true,,231,158,68,68,http://localhost:8079/?token=518499913&user=-1355070315&config=3,2099,0,0
1778791360850,2098,HTTP Request,200,OK,Thread Group 1-18,text,true,,231,158,68,68,http://localhost:8079/?token=518499913&user=-1355070315&config=3,2098,0,0
1778791360850,2098,HTTP Request,200,OK,Thread Group 1-41,text,true,,231,158,68,68,http://localhost:8079/?token=518499913&user=-1355070315&config=3,2098,0,0
1778791360422,2527,HTTP Request,200,OK,Thread Group 1-2,text,true,,231,158,68,68,http://localhost:8079/?token=518499913&user=-1355070315&config=3,2527,0,0
1778791360853,2825,HTTP Request,200,OK,Thread Group 1-7,text,true,,231,158,69,69,http://localhost:8079/?token=518499913&user=-1355070315&config=3,2825,0,0
1778791361254,2424,HTTP Request,200,OK,Thread Group 1-67,text,true,,231,158,69,69,http://localhost:8079/?token=518499913&user=-1355070315&config=3,2424,0,3
1778791360853,2827,HTTP Request,200,OK,Thread Group 1-8,text,true,,231,158,69,69,http://localhost:8079/?token=518499913&user=-1355070315&config=3,2827,0,0
1778791360853,2827,HTTP Request,200,OK,Thread Group 1-9,text,true,,231,158,69,69,http://localhost:8079/?token=518499913&user=-1355070315&config=3,2827,0,0
1778791361676,2005,HTTP Request,200,OK,Thread Group 1-24,text,true,,231,158,69,69,http://localhost:8079/?token=518499913&user=-1355070315&config=3,2005,0,0
1778791360853,2828,HTTP Request,200,OK,Thread Group 1-10,text,true,,231,158,69,69,http://localhost:8079/?token=518499913&user=-1355070315&config=3,2828,0,0
1778791361676,2005,HTTP Request,200,OK,Thread Group 1-35,text,true,,231,158,69,69,http://localhost:8079/?token=518499913&user=-1355070315&config=3,2005,0,0
1778791361676,2005,HTTP Request,200,OK,Thread Group 1-27,text,true,,231,158,69,69,http://localhost:8079/?token=518499913&user=-1355070315&config=3,2005,0,0
1778791360850,2832,HTTP Request,200,OK,Thread Group 1-45,text,true,,231,158,69,69,http://localhost:8079/?token=518499913&user=-1355070315&config=3,2832,0,0
1778791360847,2835,HTTP Request,200,OK,Thread Group 1-49,text,true,,231,158,69,69,http://localhost:8079/?token=518499913&user=-1355070315&config=3,2835,0,0
1778791360850,2833,HTTP Request,200,OK,Thread Group 1-52,text,true,,231,158,69,69,http://localhost:8079/?token=518499913&user=-1355070315&config=3,2833,0,0
1778791360854,2830,HTTP Request,200,OK,Thread Group 1-54,text,true,,231,158,69,69,http://localhost:8079/?token=518499913&user=-1355070315&config=3,2830,0,0
1778791360851,2834,HTTP Request,200,OK,Thread Group 1-56,text,true,,231,158,69,69,http://localhost:8079/?token=518499913&user=-1355070315&config=3,2834,0,0
1778791360851,2835,HTTP Request,200,OK,Thread Group 1-58,text,true,,231,158,69,69,http://localhost:8079/?token=518499913&user=-1355070315&config=3,2835,0,0
1778791360849,2837,HTTP Request,200,OK,Thread Group 1-5,text,true,,231,158,69,69,http://localhost:8079/?token=518499913&user=-1355070315&config=3,2837,0,2
1778791360852,2835,HTTP Request,200,OK,Thread Group 1-6,text,true,,231,158,69,69,http://localhost:8079/?token=518499913&user=-1355070315&config=3,2835,0,3
1778791360864,2818,HTTP Request,200,OK,Thread Group 1-40,text,true,,231,158,69,69,http://localhost:8079/?token=518499913&user=-1355070315&config=3,2818,0,0
1778791361676,2015,HTTP Request,200,OK,Thread Group 1-36,text,true,,231,158,69,69,http://localhost:8079/?token=518499913&user=-1355070315&config=3,2015,0,0
1778791361677,2014,HTTP Request,200,OK,Thread Group 1-19,text,true,,231,158,69,69,http://localhost:8079/?token=518499913&user=-1355070315&config=3,2014,0,0
1778791361677,2014,HTTP Request,200,OK,Thread Group 1-44,text,true,,231,158,69,69,http://localhost:8079/?token=518499913&user=-1355070315&config=3,2014,0,0
1778791361677,2487,HTTP Request,200,OK,Thread Group 1-53,text,true,,231,158,69,69,http://localhost:8079/?token=518499913&user=-1355070315&config=3,2487,0,0
1778791361676,2488,HTTP Request,200,OK,Thread Group 1-23,text,true,,231,158,69,69,http://localhost:8079/?token=518499913&user=-1355070315&config=3,2488,0,0
1778791361685,2479,HTTP Request,200,OK,Thread Group 1-31,text,true,,231,158,69,69,http://localhost:8079/?token=518499913&user=-1355070315&config=3,2479,0,0
1778791361677,2487,HTTP Request,200,OK,Thread Group 1-63,text,true,,231,158,69,69,http://localhost:8079/?token=518499913&user=-1355070315&config=3,2487,0,0
1778791361675,2489,HTTP Request,200,OK,Thread Group 1-21,text,true,,231,158,69,69,http://localhost:8079/?token=518499913&user=-1355070315&config=3,2489,0,0
1778791361675,2489,HTTP Request,200,OK,Thread Group 1-17,text,true,,231,158,69,69,http://localhost:8079/?token=518499913&user=-1355070315&config=3,2489,0,0
1778791361685,2480,HTTP Request,200,OK,Thread Group 1-65,text,true,,231,158,69,69,http://localhost:8079/?token=518499913&user=-1355070315&config=3,2480,0,0
1778791362175,1990,HTTP Request,200,OK,Thread Group 1-34,text,true,,231,158,69,69,http://localhost:8079/?token=518499913&user=-1355070315&config=3,1990,0,0
1778791362175,1990,HTTP Request,200,OK,Thread Group 1-28,text,true,,231,158,69,69,http://localhost:8079/?token=518499913&user=-1355070315&config=3,1990,0,0
1778791362175,1990,HTTP Request,200,OK,Thread Group 1-11,text,true,,231,158,69,69,http://localhost:8079/?token=518499913&user=-1355070315&config=3,1990,0,0
1778791361686,2479,HTTP Request,200,OK,Thread Group 1-42,text,true,,231,158,69,69,http://localhost:8079/?token=518499913&user=-1355070315&config=3,2479,0,0
1778791362174,1991,HTTP Request,200,OK,Thread Group 1-37,text,true,,231,158,69,69,http://localhost:8079/?token=518499913&user=-1355070315&config=3,1991,0,0
1778791361686,2479,HTTP Request,200,OK,Thread Group 1-47,text,true,,231,158,69,69,http://localhost:8079/?token=518499913&user=-1355070315&config=3,2479,0,0
1778791362176,1989,HTTP Request,200,OK,Thread Group 1-51,text,true,,231,158,69,69,http://localhost:8079/?token=518499913&user=-1355070315&config=3,1989,0,0
1778791362176,1989,HTTP Request,200,OK,Thread Group 1-59,text,true,,231,158,69,69,http://localhost:8079/?token=518499913&user=-1355070315&config=3,1989,0,0
1778791361686,2479,HTTP Request,200,OK,Thread Group 1-4,text,true,,231,158,69,69,http://localhost:8079/?token=518499913&user=-1355070315&config=3,2479,0,0
1778791361686,2479,HTTP Request,200,OK,Thread Group 1-55,text,true,,231,158,69,69,http://localhost:8079/?token=518499913&user=-1355070315&config=3,2479,0,0
1778791362179,2004,HTTP Request,200,OK,Thread Group 1-38,text,true,,231,158,69,69,http://localhost:8079/?token=518499913&user=-1355070315&config=3,2004,0,0
1778791362177,2851,HTTP Request,200,OK,Thread Group 1-66,text,true,,231,158,70,70,http://localhost:8079/?token=518499913&user=-1355070315&config=3,2851,0,0
1778791362247,2783,HTTP Request,200,OK,Thread Group 1-68,text,true,,231,158,70,70,http://localhost:8079/?token=518499913&user=-1355070315&config=3,2783,0,0
1778791362177,2854,HTTP Request,200,OK,Thread Group 1-13,text,true,,231,158,70,70,http://localhost:8079/?token=518499913&user=-1355070315&config=3,2854,0,0
1778791362178,2858,HTTP Request,200,OK,Thread Group 1-15,text,true,,231,158,70,70,http://localhost:8079/?token=518499913&user=-1355070315&config=3,2858,0,0
1778791362178,2858,HTTP Request,200,OK,Thread Group 1-14,text,true,,231,158,70,70,http://localhost:8079/?token=518499913&user=-1355070315&config=3,2858,0,0
1778791362179,2858,HTTP Request,200,OK,Thread Group 1-25,text,true,,231,158,70,70,http://localhost:8079/?token=518499913&user=-1355070315&config=3,2858,0,0
1778791362937,2100,HTTP Request,200,OK,Thread Group 1-20,text,true,,231,158,70,70,http://localhost:8079/?token=518499913&user=-1355070315&config=3,2100,0,0
1778791362179,2858,HTTP Request,200,OK,Thread Group 1-26,text,true,,231,158,70,70,http://localhost:8079/?token=518499913&user=-1355070315&config=3,2858,0,0
1778791362179,2858,HTTP Request,200,OK,Thread Group 1-29,text,true,,231,158,70,70,http://localhost:8079/?token=518499913&user=-1355070315&config=3,2858,0,0
1778791362179,2858,HTTP Request,200,OK,Thread Group 1-30,text,true,,231,158,70,70,http://localhost:8079/?token=518499913&user=-1355070315&config=3,2858,0,0
1778791362938,2099,HTTP Request,200,OK,Thread Group 1-32,text,true,,231,158,70,70,http://localhost:8079/?token=518499913&user=-1355070315&config=3,2099,0,0
1778791362190,2848,HTTP Request,200,OK,Thread Group 1-33,text,true,,231,158,70,70,http://localhost:8079/?token=518499913&user=-1355070315&config=3,2848,0,0
1778791362190,2848,HTTP Request,200,OK,Thread Group 1-39,text,true,,231,158,70,70,http://localhost:8079/?token=518499913&user=-1355070315&config=3,2848,0,0
1778791362179,2859,HTTP Request,200,OK,Thread Group 1-43,text,true,,231,158,70,70,http://localhost:8079/?token=518499913&user=-1355070315&config=3,2859,0,0
1778791362938,2100,HTTP Request,200,OK,Thread Group 1-48,text,true,,231,158,70,70,http://localhost:8079/?token=518499913&user=-1355070315&config=3,2100,0,0
1778791362938,2100,HTTP Request,200,OK,Thread Group 1-57,text,true,,231,158,70,70,http://localhost:8079/?token=518499913&user=-1355070315&config=3,2100,0,0
1778791362938,2100,HTTP Request,200,OK,Thread Group 1-61,text,true,,231,158,70,70,http://localhost:8079/?token=518499913&user=-1355070315&config=3,2100,0,0
1778791362180,2859,HTTP Request,200,OK,Thread Group 1-1,text,true,,231,158,70,70,http://localhost:8079/?token=518499913&user=-1355070315&config=3,2859,0,0
1778791362938,2102,HTTP Request,200,OK,Thread Group 1-50,text,true,,231,158,70,70,http://localhost:8079/?token=518499913&user=-1355070315&config=3,2102,0,0
1778791362937,2103,HTTP Request,200,OK,Thread Group 1-22,text,true,,231,158,70,70,http://localhost:8079/?token=518499913&user=-1355070315&config=3,2103,0,0
1778791362938,2504,HTTP Request,200,OK,Thread Group 1-60,text,true,,231,158,71,71,http://localhost:8079/?token=518499913&user=-1355070315&config=3,2504,0,0
1778791362948,2496,HTTP Request,200,OK,Thread Group 1-62,text,true,,231,158,71,71,http://localhost:8079/?token=518499913&user=-1355070315&config=3,2496,0,0
1778791362937,2507,HTTP Request,200,OK,Thread Group 1-64,text,true,,231,158,71,71,http://localhost:8079/?token=518499913&user=-1355070315&config=3,2507,0,0
1778791362948,2496,HTTP Request,200,OK,Thread Group 1-41,text,true,,231,158,71,71,http://localhost:8079/?token=518499913&user=-1355070315&config=3,2496,0,0
1778791362938,2506,HTTP Request,200,OK,Thread Group 1-46,text,true,,231,158,71,71,http://localhost:8079/?token=518499913&user=-1355070315&config=3,2506,0,0
1778791362938,2506,HTTP Request,200,OK,Thread Group 1-3,text,true,,231,158,71,71,http://localhost:8079/?token=518499913&user=-1355070315&config=3,2506,0,0
1778791363679,1766,HTTP Request,200,OK,Thread Group 1-67,text,true,,231,158,71,71,http://localhost:8079/?token=518499913&user=-1355070315&config=3,1766,0,0
1778791363681,1764,HTTP Request,200,OK,Thread Group 1-10,text,true,,231,158,71,71,http://localhost:8079/?token=518499913&user=-1355070315&config=3,1764,0,0
1778791362948,2498,HTTP Request,200,OK,Thread Group 1-12,text,true,,231,158,71,71,http://localhost:8079/?token=518499913&user=-1355070315&config=3,2498,0,0
1778791362948,2499,HTTP Request,200,OK,Thread Group 1-16,text,true,,231,158,71,71,http://localhost:8079/?token=518499913&user=-1355070315&config=3,2499,0,0
1778791363681,1766,HTTP Request,200,OK,Thread Group 1-24,text,true,,231,158,71,71,http://localhost:8079/?token=518499913&user=-1355070315&config=3,1766,0,0
1778791362948,2499,HTTP Request,200,OK,Thread Group 1-18,text,true,,231,158,71,71,http://localhost:8079/?token=518499913&user=-1355070315&config=3,2499,0,0
1778791363681,1766,HTTP Request,200,OK,Thread Group 1-27,text,true,,231,158,71,71,http://localhost:8079/?token=518499913&user=-1355070315&config=3,1766,0,0
1778791363681,1766,HTTP Request,200,OK,Thread Group 1-35,text,true,,231,158,71,71,http://localhost:8079/?token=518499913&user=-1355070315&config=3,1766,0,0
1778791363683,1765,HTTP Request,200,OK,Thread Group 1-45,text,true,,231,158,71,71,http://localhost:8079/?token=518499913&user=-1355070315&config=3,1765,0,0
1778791362949,2499,HTTP Request,200,OK,Thread Group 1-2,text,true,,231,158,71,71,http://localhost:8079/?token=518499913&user=-1355070315&config=3,2499,0,0
1778791363254,2195,HTTP Request,200,OK,Thread Group 1-69,text,true,,231,158,71,71,http://localhost:8079/?token=518499913&user=-1355070315&config=3,2195,0,2
1778791363685,1862,HTTP Request,200,OK,Thread Group 1-56,text,true,,231,158,71,71,http://localhost:8079/?token=518499913&user=-1355070315&config=3,1862,0,0
1778791363691,1856,HTTP Request,200,OK,Thread Group 1-19,text,true,,231,158,71,71,http://localhost:8079/?token=518499913&user=-1355070315&config=3,1856,0,0
1778791363685,2671,HTTP Request,200,OK,Thread Group 1-54,text,true,,231,158,72,72,http://localhost:8079/?token=518499913&user=-1355070315&config=3,2671,0,0
1778791363687,2671,HTTP Request,200,OK,Thread Group 1-40,text,true,,231,158,72,72,http://localhost:8079/?token=518499913&user=-1355070315&config=3,2671,0,0
1778791363691,2668,HTTP Request,200,OK,Thread Group 1-44,text,true,,231,158,72,72,http://localhost:8079/?token=518499913&user=-1355070315&config=3,2668,0,0
1778791363683,2676,HTTP Request,200,OK,Thread Group 1-49,text,true,,231,158,72,72,http://localhost:8079/?token=518499913&user=-1355070315&config=3,2676,0,0
1778791363684,2676,HTTP Request,200,OK,Thread Group 1-52,text,true,,231,158,72,72,http://localhost:8079/?token=518499913&user=-1355070315&config=3,2676,0,0
1778791363686,2674,HTTP Request,200,OK,Thread Group 1-58,text,true,,231,158,72,72,http://localhost:8079/?token=518499913&user=-1355070315&config=3,2674,0,0
1778791363686,2674,HTTP Request,200,OK,Thread Group 1-5,text,true,,231,158,72,72,http://localhost:8079/?token=518499913&user=-1355070315&config=3,2674,0,0
1778791363687,2673,HTTP Request,200,OK,Thread Group 1-6,text,true,,231,158,72,72,http://localhost:8079/?token=518499913&user=-1355070315&config=3,2673,0,0
1778791363679,2681,HTTP Request,200,OK,Thread Group 1-7,text,true,,231,158,72,72,http://localhost:8079/?token=518499913&user=-1355070315&config=3,2681,0,8
1778791363680,2680,HTTP Request,200,OK,Thread Group 1-8,text,true,,231,158,72,72,http://localhost:8079/?token=518499913&user=-1355070315&config=3,2680,0,7
1778791363691,2670,HTTP Request,200,OK,Thread Group 1-36,text,true,,231,158,72,72,http://localhost:8079/?token=518499913&user=-1355070315&config=3,2667,0,0
1778791364165,2197,HTTP Request,200,OK,Thread Group 1-17,text,true,,231,158,72,72,http://localhost:8079/?token=518499913&user=-1355070315&config=3,2197,0,0
1778791364165,2197,HTTP Request,200,OK,Thread Group 1-21,text,true,,231,158,72,72,http://localhost:8079/?token=518499913&user=-1355070315&config=3,2197,0,0
1778791364164,2199,HTTP Request,200,OK,Thread Group 1-31,text,true,,231,158,72,72,http://localhost:8079/?token=518499913&user=-1355070315&config=3,2199,0,0
1778791364164,2199,HTTP Request,200,OK,Thread Group 1-53,text,true,,231,158,72,72,http://localhost:8079/?token=518499913&user=-1355070315&config=3,2199,0,0
1778791363680,2683,HTTP Request,200,OK,Thread Group 1-9,text,true,,231,158,72,72,http://localhost:8079/?token=518499913&user=-1355070315&config=3,2683,0,7
1778791364165,2198,HTTP Request,200,OK,Thread Group 1-63,text,true,,231,158,72,72,http://localhost:8079/?token=518499913&user=-1355070315&config=3,2198,0,0
1778791364165,2208,HTTP Request,200,OK,Thread Group 1-42,text,true,,231,158,72,72,http://localhost:8079/?token=518499913&user=-1355070315&config=3,2208,0,0
1778791364165,2208,HTTP Request,200,OK,Thread Group 1-23,text,true,,231,158,72,72,http://localhost:8079/?token=518499913&user=-1355070315&config=3,2208,0,0
1778791364165,2208,HTTP Request,200,OK,Thread Group 1-47,text,true,,231,158,72,72,http://localhost:8079/?token=518499913&user=-1355070315&config=3,2208,0,0
1778791364165,2208,HTTP Request,200,OK,Thread Group 1-55,text,true,,231,158,72,72,http://localhost:8079/?token=518499913&user=-1355070315&config=3,2208,0,0
1778791364165,2958,HTTP Request,200,OK,Thread Group 1-65,text,true,,231,158,72,72,http://localhost:8079/?token=518499913&user=-1355070315&config=3,2958,0,0
1778791364247,2879,HTTP Request,200,OK,Thread Group 1-70,text,true,,231,158,72,72,http://localhost:8079/?token=518499913&user=-1355070315&config=3,2879,0,1
1778791364165,2963,HTTP Request,200,OK,Thread Group 1-11,text,true,,231,158,72,72,http://localhost:8079/?token=518499913&user=-1355070315&config=3,2963,0,0
1778791365033,2095,HTTP Request,200,OK,Thread Group 1-13,text,true,,231,158,72,72,http://localhost:8079/?token=518499913&user=-1355070315&config=3,2095,0,0
1778791365037,2091,HTTP Request,200,OK,Thread Group 1-20,text,true,,231,158,72,72,http://localhost:8079/?token=518499913&user=-1355070315&config=3,2091,0,0
1778791365037,2092,HTTP Request,200,OK,Thread Group 1-25,text,true,,231,158,72,72,http://localhost:8079/?token=518499913&user=-1355070315&config=3,2092,0,0
1778791365037,2092,HTTP Request,200,OK,Thread Group 1-26,text,true,,231,158,72,72,http://localhost:8079/?token=518499913&user=-1355070315&config=3,2092,0,0
1778791364165,2964,HTTP Request,200,OK,Thread Group 1-34,text,true,,231,158,72,72,http://localhost:8079/?token=518499913&user=-1355070315&config=3,2964,0,0
1778791364184,2945,HTTP Request,200,OK,Thread Group 1-38,text,true,,231,158,72,72,http://localhost:8079/?token=518499913&user=-1355070315&config=3,2945,0,0
1778791365038,2091,HTTP Request,200,OK,Thread Group 1-33,text,true,,231,158,72,72,http://localhost:8079/?token=518499913&user=-1355070315&config=3,2091,0,0
1778791364165,2964,HTTP Request,200,OK,Thread Group 1-51,text,true,,231,158,72,72,http://localhost:8079/?token=518499913&user=-1355070315&config=3,2964,0,0
1778791364165,2964,HTTP Request,200,OK,Thread Group 1-28,text,true,,231,158,72,72,http://localhost:8079/?token=518499913&user=-1355070315&config=3,2964,0,0
1778791364165,2964,HTTP Request,200,OK,Thread Group 1-59,text,true,,231,158,72,72,http://localhost:8079/?token=518499913&user=-1355070315&config=3,2964,0,0
1778791364165,2964,HTTP Request,200,OK,Thread Group 1-4,text,true,,231,158,72,72,http://localhost:8079/?token=518499913&user=-1355070315&config=3,2964,0,0
1778791365038,2091,HTTP Request,200,OK,Thread Group 1-39,text,true,,231,158,72,72,http://localhost:8079/?token=518499913&user=-1355070315&config=3,2091,0,0
1778791365039,2090,HTTP Request,200,OK,Thread Group 1-1,text,true,,231,158,72,72,http://localhost:8079/?token=518499913&user=-1355070315&config=3,2090,0,0
1778791364165,2964,HTTP Request,200,OK,Thread Group 1-37,text,true,,231,158,72,72,http://localhost:8079/?token=518499913&user=-1355070315&config=3,2964,0,0
1778791365030,2106,HTTP Request,200,OK,Thread Group 1-68,text,true,,231,158,72,72,http://localhost:8079/?token=518499913&user=-1355070315&config=3,2106,0,0
1778791365038,2098,HTTP Request,200,OK,Thread Group 1-48,text,true,,231,158,72,72,http://localhost:8079/?token=518499913&user=-1355070315&config=3,2098,0,0
1778791365029,2107,HTTP Request,200,OK,Thread Group 1-66,text,true,,231,158,72,72,http://localhost:8079/?token=518499913&user=-1355070315&config=3,2107,0,0
1778791365445,2201,HTTP Request,200,OK,Thread Group 1-64,text,true,,231,158,73,73,http://localhost:8079/?token=518499913&user=-1355070315&config=3,2201,0,0
1778791365445,2201,HTTP Request,200,OK,Thread Group 1-62,text,true,,231,158,73,73,http://localhost:8079/?token=518499913&user=-1355070315&config=3,2201,0,0
1778791365036,2611,HTTP Request,200,OK,Thread Group 1-14,text,true,,231,158,73,73,http://localhost:8079/?token=518499913&user=-1355070315&config=3,2611,0,0
1778791365250,2397,HTTP Request,200,OK,Thread Group 1-71,text,true,,231,158,73,73,http://localhost:8079/?token=518499913&user=-1355070315&config=3,2397,0,5
1778791365036,2611,HTTP Request,200,OK,Thread Group 1-15,text,true,,231,158,73,73,http://localhost:8079/?token=518499913&user=-1355070315&config=3,2611,0,0
1778791365041,2606,HTTP Request,200,OK,Thread Group 1-22,text,true,,231,158,73,73,http://localhost:8079/?token=518499913&user=-1355070315&config=3,2606,0,0
1778791365037,2611,HTTP Request,200,OK,Thread Group 1-29,text,true,,231,158,73,73,http://localhost:8079/?token=518499913&user=-1355070315&config=3,2611,0,0
1778791365037,2611,HTTP Request,200,OK,Thread Group 1-30,text,true,,231,158,73,73,http://localhost:8079/?token=518499913&user=-1355070315&config=3,2611,0,0
1778791365037,2611,HTTP Request,200,OK,Thread Group 1-32,text,true,,231,158,73,73,http://localhost:8079/?token=518499913&user=-1355070315&config=3,2611,0,0
1778791365445,2204,HTTP Request,200,OK,Thread Group 1-41,text,true,,231,158,73,73,http://localhost:8079/?token=518499913&user=-1355070315&config=3,2204,0,0
1778791365038,2610,HTTP Request,200,OK,Thread Group 1-43,text,true,,231,158,73,73,http://localhost:8079/?token=518499913&user=-1355070315&config=3,2610,0,0
1778791365445,2204,HTTP Request,200,OK,Thread Group 1-46,text,true,,231,158,73,73,http://localhost:8079/?token=518499913&user=-1355070315&config=3,2204,0,0
1778791365041,2608,HTTP Request,200,OK,Thread Group 1-50,text,true,,231,158,73,73,http://localhost:8079/?token=518499913&user=-1355070315&config=3,2608,0,0
1778791365038,2611,HTTP Request,200,OK,Thread Group 1-57,text,true,,231,158,73,73,http://localhost:8079/?token=518499913&user=-1355070315&config=3,2611,0,0
1778791365443,2207,HTTP Request,200,OK,Thread Group 1-60,text,true,,231,158,73,73,http://localhost:8079/?token=518499913&user=-1355070315&config=3,2207,0,0
1778791365039,2610,HTTP Request,200,OK,Thread Group 1-61,text,true,,231,158,73,73,http://localhost:8079/?token=518499913&user=-1355070315&config=3,2610,0,0
1778791365446,2204,HTTP Request,200,OK,Thread Group 1-3,text,true,,231,158,73,73,http://localhost:8079/?token=518499913&user=-1355070315&config=3,2204,0,0
1778791365448,2212,HTTP Request,200,OK,Thread Group 1-16,text,true,,231,158,73,73,http://localhost:8079/?token=518499913&user=-1355070315&config=3,2212,0,0
1778791365447,2213,HTTP Request,200,OK,Thread Group 1-67,text,true,,231,158,73,73,http://localhost:8079/?token=518499913&user=-1355070315&config=3,2213,0,0
1778791365448,2212,HTTP Request,200,OK,Thread Group 1-18,text,true,,231,158,73,73,http://localhost:8079/?token=518499913&user=-1355070315&config=3,2212,0,0
1778791365449,2212,HTTP Request,200,OK,Thread Group 1-45,text,true,,231,158,73,73,http://localhost:8079/?token=518499913&user=-1355070315&config=3,2212,0,0
1778791365448,3052,HTTP Request,200,OK,Thread Group 1-24,text,true,,231,158,74,74,http://localhost:8079/?token=518499913&user=-1355070315&config=3,3052,0,0
1778791365447,3056,HTTP Request,200,OK,Thread Group 1-10,text,true,,231,158,74,74,http://localhost:8079/?token=518499913&user=-1355070315&config=3,3056,0,3
1778791365448,3055,HTTP Request,200,OK,Thread Group 1-12,text,true,,231,158,74,74,http://localhost:8079/?token=518499913&user=-1355070315&config=3,3055,0,0
1778791365549,2954,HTTP Request,200,OK,Thread Group 1-19,text,true,,231,158,74,74,http://localhost:8079/?token=518499913&user=-1355070315&config=3,2954,0,0
1778791365448,3057,HTTP Request,200,OK,Thread Group 1-27,text,true,,231,158,74,74,http://localhost:8079/?token=518499913&user=-1355070315&config=3,3057,0,0
1778791365448,3061,HTTP Request,200,OK,Thread Group 1-35,text,true,,231,158,74,74,http://localhost:8079/?token=518499913&user=-1355070315&config=3,3061,0,0
1778791366358,2151,HTTP Request,200,OK,Thread Group 1-54,text,true,,231,158,74,74,http://localhost:8079/?token=518499913&user=-1355070315&config=3,2151,0,0
1778791365549,2961,HTTP Request,200,OK,Thread Group 1-56,text,true,,231,158,74,74,http://localhost:8079/?token=518499913&user=-1355070315&config=3,2961,0,0
1778791365449,3061,HTTP Request,200,OK,Thread Group 1-2,text,true,,231,158,74,74,http://localhost:8079/?token=518499913&user=-1355070315&config=3,3061,0,0
1778791366361,2149,HTTP Request,200,OK,Thread Group 1-6,text,true,,231,158,74,74,http://localhost:8079/?token=518499913&user=-1355070315&config=3,2149,0,0
1778791365450,3060,HTTP Request,200,OK,Thread Group 1-69,text,true,,231,158,74,74,http://localhost:8079/?token=518499913&user=-1355070315&config=3,3060,0,0
1778791366249,2261,HTTP Request,200,OK,Thread Group 1-72,text,true,,231,158,74,74,http://localhost:8079/?token=518499913&user=-1355070315&config=3,2261,0,0
1778791366362,2148,HTTP Request,200,OK,Thread Group 1-36,text,true,,231,158,74,74,http://localhost:8079/?token=518499913&user=-1355070315&config=3,2148,0,0
1778791366360,2150,HTTP Request,200,OK,Thread Group 1-44,text,true,,231,158,74,74,http://localhost:8079/?token=518499913&user=-1355070315&config=3,2150,0,0
1778791366360,2150,HTTP Request,200,OK,Thread Group 1-49,text,true,,231,158,74,74,http://localhost:8079/?token=518499913&user=-1355070315&config=3,2150,0,0
1778791366360,2150,HTTP Request,200,OK,Thread Group 1-40,text,true,,231,158,74,74,http://localhost:8079/?token=518499913&user=-1355070315&config=3,2150,0,0
1778791366361,2150,HTTP Request,200,OK,Thread Group 1-7,text,true,,231,158,74,74,http://localhost:8079/?token=518499913&user=-1355070315&config=3,2150,0,0
1778791366363,2155,HTTP Request,200,OK,Thread Group 1-17,text,true,,231,158,74,74,http://localhost:8079/?token=518499913&user=-1355070315&config=3,2155,0,0
1778791366364,2154,HTTP Request,200,OK,Thread Group 1-9,text,true,,231,158,74,74,http://localhost:8079/?token=518499913&user=-1355070315&config=3,2154,0,0
1778791366361,2157,HTTP Request,200,OK,Thread Group 1-5,text,true,,231,158,74,74,http://localhost:8079/?token=518499913&user=-1355070315&config=3,2157,0,0
1778791366364,2154,HTTP Request,200,OK,Thread Group 1-31,text,true,,231,158,74,74,http://localhost:8079/?token=518499913&user=-1355070315&config=3,2154,0,0
1778791366364,2885,HTTP Request,200,OK,Thread Group 1-53,text,true,,231,158,75,75,http://localhost:8079/?token=518499913&user=-1355070315&config=3,2885,0,0
1778791367129,2126,HTTP Request,200,OK,Thread Group 1-70,text,true,,231,158,75,75,http://localhost:8079/?token=518499913&user=-1355070315&config=3,2126,0,0
1778791367129,2127,HTTP Request,200,OK,Thread Group 1-13,text,true,,231,158,75,75,http://localhost:8079/?token=518499913&user=-1355070315&config=3,2127,0,0
1778791367129,2127,HTTP Request,200,OK,Thread Group 1-20,text,true,,231,158,75,75,http://localhost:8079/?token=518499913&user=-1355070315&config=3,2127,0,0
1778791366365,2897,HTTP Request,200,OK,Thread Group 1-21,text,true,,231,158,75,75,http://localhost:8079/?token=518499913&user=-1355070315&config=3,2897,0,0
1778791367130,2132,HTTP Request,200,OK,Thread Group 1-38,text,true,,231,158,75,75,http://localhost:8079/?token=518499913&user=-1355070315&config=3,2132,0,0
1778791366374,2888,HTTP Request,200,OK,Thread Group 1-23,text,true,,231,158,75,75,http://localhost:8079/?token=518499913&user=-1355070315&config=3,2888,0,0
1778791366374,2888,HTTP Request,200,OK,Thread Group 1-42,text,true,,231,158,75,75,http://localhost:8079/?token=518499913&user=-1355070315&config=3,2888,0,0
1778791366361,2901,HTTP Request,200,OK,Thread Group 1-52,text,true,,231,158,75,75,http://localhost:8079/?token=518499913&user=-1355070315&config=3,2901,0,0
1778791367130,2132,HTTP Request,200,OK,Thread Group 1-25,text,true,,231,158,75,75,http://localhost:8079/?token=518499913&user=-1355070315&config=3,2132,0,0
1778791366361,2901,HTTP Request,200,OK,Thread Group 1-58,text,true,,231,158,75,75,http://localhost:8079/?token=518499913&user=-1355070315&config=3,2901,0,0
1778791366374,2888,HTTP Request,200,OK,Thread Group 1-55,text,true,,231,158,75,75,http://localhost:8079/?token=518499913&user=-1355070315&config=3,2888,0,0
1778791366364,2898,HTTP Request,200,OK,Thread Group 1-63,text,true,,231,158,75,75,http://localhost:8079/?token=518499913&user=-1355070315&config=3,2898,0,0
1778791367130,2132,HTTP Request,200,OK,Thread Group 1-51,text,true,,231,158,75,75,http://localhost:8079/?token=518499913&user=-1355070315&config=3,2132,0,0
1778791366361,2902,HTTP Request,200,OK,Thread Group 1-8,text,true,,231,158,75,75,http://localhost:8079/?token=518499913&user=-1355070315&config=3,2902,0,0
1778791366374,2888,HTTP Request,200,OK,Thread Group 1-47,text,true,,231,158,75,75,http://localhost:8079/?token=518499913&user=-1355070315&config=3,2888,0,0
1778791367130,2132,HTTP Request,200,OK,Thread Group 1-26,text,true,,231,158,75,75,http://localhost:8079/?token=518499913&user=-1355070315&config=3,2132,0,0
1778791367130,2135,HTTP Request,200,OK,Thread Group 1-33,text,true,,231,158,75,75,http://localhost:8079/?token=518499913&user=-1355070315&config=3,2135,0,0
1778791367130,2135,HTTP Request,200,OK,Thread Group 1-34,text,true,,231,158,75,75,http://localhost:8079/?token=518499913&user=-1355070315&config=3,2135,0,0
1778791367125,2140,HTTP Request,200,OK,Thread Group 1-65,text,true,,231,158,75,75,http://localhost:8079/?token=518499913&user=-1355070315&config=3,2140,0,0
1778791367131,2134,HTTP Request,200,OK,Thread Group 1-39,text,true,,231,158,75,75,http://localhost:8079/?token=518499913&user=-1355070315&config=3,2134,0,0
1778791367131,2134,HTTP Request,200,OK,Thread Group 1-1,text,true,,231,158,75,75,http://localhost:8079/?token=518499913&user=-1355070315&config=3,2134,0,0
1778791367131,2687,HTTP Request,200,OK,Thread Group 1-37,text,true,,231,158,75,75,http://localhost:8079/?token=518499913&user=-1355070315&config=3,2687,0,0
1778791367647,2173,HTTP Request,200,OK,Thread Group 1-64,text,true,,231,158,75,75,http://localhost:8079/?token=518499913&user=-1355070315&config=3,2173,0,0
1778791367137,2683,HTTP Request,200,OK,Thread Group 1-66,text,true,,231,158,75,75,http://localhost:8079/?token=518499913&user=-1355070315&config=3,2683,0,0
1778791367137,2683,HTTP Request,200,OK,Thread Group 1-68,text,true,,231,158,75,75,http://localhost:8079/?token=518499913&user=-1355070315&config=3,2683,0,0
1778791367649,2172,HTTP Request,200,OK,Thread Group 1-30,text,true,,231,158,75,75,http://localhost:8079/?token=518499913&user=-1355070315&config=3,2172,0,0
1778791367130,2691,HTTP Request,200,OK,Thread Group 1-28,text,true,,231,158,75,75,http://localhost:8079/?token=518499913&user=-1355070315&config=3,2691,0,0
1778791367137,2685,HTTP Request,200,OK,Thread Group 1-48,text,true,,231,158,75,75,http://localhost:8079/?token=518499913&user=-1355070315&config=3,2685,0,0
1778791367130,2692,HTTP Request,200,OK,Thread Group 1-59,text,true,,231,158,75,75,http://localhost:8079/?token=518499913&user=-1355070315&config=3,2692,0,0
1778791367650,2173,HTTP Request,200,OK,Thread Group 1-60,text,true,,231,158,75,75,http://localhost:8079/?token=518499913&user=-1355070315&config=3,2173,0,0
1778791367131,2692,HTTP Request,200,OK,Thread Group 1-4,text,true,,231,158,75,75,http://localhost:8079/?token=518499913&user=-1355070315&config=3,2692,0,0
1778791367129,2695,HTTP Request,200,OK,Thread Group 1-11,text,true,,231,158,75,75,http://localhost:8079/?token=518499913&user=-1355070315&config=3,2695,0,2
1778791367647,2178,HTTP Request,200,OK,Thread Group 1-62,text,true,,231,158,75,75,http://localhost:8079/?token=518499913&user=-1355070315&config=3,2178,0,0
1778791367648,2178,HTTP Request,200,OK,Thread Group 1-71,text,true,,231,158,75,75,http://localhost:8079/?token=518499913&user=-1355070315&config=3,2178,0,0
1778791367260,2566,HTTP Request,200,OK,Thread Group 1-73,text,true,,231,158,75,75,http://localhost:8079/?token=518499913&user=-1355070315&config=3,2566,0,1
1778791367648,2179,HTTP Request,200,OK,Thread Group 1-14,text,true,,231,158,75,75,http://localhost:8079/?token=518499913&user=-1355070315&config=3,2179,0,0
1778791367649,2178,HTTP Request,200,OK,Thread Group 1-32,text,true,,231,158,75,75,http://localhost:8079/?token=518499913&user=-1355070315&config=3,2178,0,0
1778791367650,2178,HTTP Request,200,OK,Thread Group 1-61,text,true,,231,158,75,75,http://localhost:8079/?token=518499913&user=-1355070315&config=3,2178,0,0
1778791367650,2194,HTTP Request,200,OK,Thread Group 1-57,text,true,,231,158,75,75,http://localhost:8079/?token=518499913&user=-1355070315&config=3,2194,0,0
1778791367649,2195,HTTP Request,200,OK,Thread Group 1-43,text,true,,231,158,75,75,http://localhost:8079/?token=518499913&user=-1355070315&config=3,2195,0,0
1778791367649,2195,HTTP Request,200,OK,Thread Group 1-41,text,true,,231,158,75,75,http://localhost:8079/?token=518499913&user=-1355070315&config=3,2195,0,0
1778791367648,2196,HTTP Request,200,OK,Thread Group 1-15,text,true,,231,158,75,75,http://localhost:8079/?token=518499913&user=-1355070315&config=3,2196,0,0
1778791367660,3132,HTTP Request,200,OK,Thread Group 1-67,text,true,,231,158,76,76,http://localhost:8079/?token=518499913&user=-1355070315&config=3,3132,0,0
1778791367660,3132,HTTP Request,200,OK,Thread Group 1-16,text,true,,231,158,76,76,http://localhost:8079/?token=518499913&user=-1355070315&config=3,3132,0,0
1778791367661,3131,HTTP Request,200,OK,Thread Group 1-18,text,true,,231,158,76,76,http://localhost:8079/?token=518499913&user=-1355070315&config=3,3131,0,0
1778791368504,2289,HTTP Request,200,OK,Thread Group 1-19,text,true,,231,158,76,76,http://localhost:8079/?token=518499913&user=-1355070315&config=3,2289,0,0
1778791367649,3144,HTTP Request,200,OK,Thread Group 1-22,text,true,,231,158,76,76,http://localhost:8079/?token=518499913&user=-1355070315&config=3,3144,0,0
1778791368501,2292,HTTP Request,200,OK,Thread Group 1-24,text,true,,231,158,76,76,http://localhost:8079/?token=518499913&user=-1355070315&config=3,2292,0,0
1778791368506,2287,HTTP Request,200,OK,Thread Group 1-27,text,true,,231,158,76,76,http://localhost:8079/?token=518499913&user=-1355070315&config=3,2287,0,0
1778791367649,3144,HTTP Request,200,OK,Thread Group 1-29,text,true,,231,158,76,76,http://localhost:8079/?token=518499913&user=-1355070315&config=3,3144,0,0
1778791368510,2283,HTTP Request,200,OK,Thread Group 1-35,text,true,,231,158,76,76,http://localhost:8079/?token=518499913&user=-1355070315&config=3,2283,0,0
1778791368510,2283,HTTP Request,200,OK,Thread Group 1-36,text,true,,231,158,76,76,http://localhost:8079/?token=518499913&user=-1355070315&config=3,2283,0,0
1778791367661,3132,HTTP Request,200,OK,Thread Group 1-45,text,true,,231,158,76,76,http://localhost:8079/?token=518499913&user=-1355070315&config=3,3132,0,0
1778791367649,3144,HTTP Request,200,OK,Thread Group 1-46,text,true,,231,158,76,76,http://localhost:8079/?token=518499913&user=-1355070315&config=3,3144,0,0
1778791367650,3143,HTTP Request,200,OK,Thread Group 1-50,text,true,,231,158,76,76,http://localhost:8079/?token=518499913&user=-1355070315&config=3,3143,0,0
1778791368510,2283,HTTP Request,200,OK,Thread Group 1-54,text,true,,231,158,76,76,http://localhost:8079/?token=518499913&user=-1355070315&config=3,2283,0,0
1778791368510,2283,HTTP Request,200,OK,Thread Group 1-56,text,true,,231,158,76,76,http://localhost:8079/?token=518499913&user=-1355070315&config=3,2283,0,0
1778791367650,3144,HTTP Request,200,OK,Thread Group 1-3,text,true,,231,158,76,76,http://localhost:8079/?token=518499913&user=-1355070315&config=3,3144,0,0
1778791368510,2284,HTTP Request,200,OK,Thread Group 1-6,text,true,,231,158,76,76,http://localhost:8079/?token=518499913&user=-1355070315&config=3,2284,0,0
1778791368510,2284,HTTP Request,200,OK,Thread Group 1-69,text,true,,231,158,76,76,http://localhost:8079/?token=518499913&user=-1355070315&config=3,2284,0,0
1778791368510,2284,HTTP Request,200,OK,Thread Group 1-72,text,true,,231,158,76,76,http://localhost:8079/?token=518499913&user=-1355070315&config=3,2284,0,0
1778791368510,2284,HTTP Request,200,OK,Thread Group 1-2,text,true,,231,158,76,76,http://localhost:8079/?token=518499913&user=-1355070315&config=3,2284,0,0
1778791368503,2289,HTTP Request,200,OK,Thread Group 1-10,text,true,,231,158,76,76,http://localhost:8079/?token=518499913&user=-1355070315&config=3,2289,0,0
1778791368265,2529,HTTP Request,200,OK,Thread Group 1-74,text,true,,231,158,76,76,http://localhost:8079/?token=518499913&user=-1355070315&config=3,2529,0,2
1778791368510,2301,HTTP Request,200,OK,Thread Group 1-49,text,true,,231,158,76,76,http://localhost:8079/?token=518499913&user=-1355070315&config=3,2301,0,0
1778791368510,2991,HTTP Request,200,OK,Thread Group 1-44,text,true,,231,158,77,77,http://localhost:8079/?token=518499913&user=-1355070315&config=3,2991,0,0
1778791368518,2983,HTTP Request,200,OK,Thread Group 1-31,text,true,,231,158,77,77,http://localhost:8079/?token=518499913&user=-1355070315&config=3,2983,0,0
1778791369250,2253,HTTP Request,200,OK,Thread Group 1-53,text,true,,231,158,77,77,http://localhost:8079/?token=518499913&user=-1355070315&config=3,2253,0,0
1778791368511,2992,HTTP Request,200,OK,Thread Group 1-40,text,true,,231,158,77,77,http://localhost:8079/?token=518499913&user=-1355070315&config=3,2992,0,0
1778791368518,2985,HTTP Request,200,OK,Thread Group 1-17,text,true,,231,158,77,77,http://localhost:8079/?token=518499913&user=-1355070315&config=3,2985,0,0
1778791368518,2985,HTTP Request,200,OK,Thread Group 1-9,text,true,,231,158,77,77,http://localhost:8079/?token=518499913&user=-1355070315&config=3,2985,0,0
1778791368511,2992,HTTP Request,200,OK,Thread Group 1-7,text,true,,231,158,77,77,http://localhost:8079/?token=518499913&user=-1355070315&config=3,2992,0,0
1778791369256,2248,HTTP Request,200,OK,Thread Group 1-20,text,true,,231,158,77,77,http://localhost:8079/?token=518499913&user=-1355070315&config=3,2248,0,0
1778791369263,2241,HTTP Request,200,OK,Thread Group 1-26,text,true,,231,158,77,77,http://localhost:8079/?token=518499913&user=-1355070315&config=3,2241,0,0
1778791369265,2239,HTTP Request,200,OK,Thread Group 1-33,text,true,,231,158,77,77,http://localhost:8079/?token=518499913&user=-1355070315&config=3,2239,0,0
1778791369262,2242,HTTP Request,200,OK,Thread Group 1-38,text,true,,231,158,77,77,http://localhost:8079/?token=518499913&user=-1355070315&config=3,2242,0,0
1778791369265,2239,HTTP Request,200,OK,Thread Group 1-39,text,true,,231,158,77,77,http://localhost:8079/?token=518499913&user=-1355070315&config=3,2239,0,0
1778791369263,2241,HTTP Request,200,OK,Thread Group 1-47,text,true,,231,158,77,77,http://localhost:8079/?token=518499913&user=-1355070315&config=3,2241,0,0
1778791369262,2242,HTTP Request,200,OK,Thread Group 1-55,text,true,,231,158,77,77,http://localhost:8079/?token=518499913&user=-1355070315&config=3,2242,0,0
1778791369262,2242,HTTP Request,200,OK,Thread Group 1-63,text,true,,231,158,77,77,http://localhost:8079/?token=518499913&user=-1355070315&config=3,2242,0,0
1778791369262,2242,HTTP Request,200,OK,Thread Group 1-42,text,true,,231,158,77,77,http://localhost:8079/?token=518499913&user=-1355070315&config=3,2242,0,0
1778791368518,2986,HTTP Request,200,OK,Thread Group 1-5,text,true,,231,158,77,77,http://localhost:8079/?token=518499913&user=-1355070315&config=3,2986,0,0
1778791368503,3002,HTTP Request,200,OK,Thread Group 1-12,text,true,,231,158,77,77,http://localhost:8079/?token=518499913&user=-1355070315&config=3,3001,0,8
1778791369262,2256,HTTP Request,200,OK,Thread Group 1-25,text,true,,231,158,77,77,http://localhost:8079/?token=518499913&user=-1355070315&config=3,2256,0,0
1778791369262,2256,HTTP Request,200,OK,Thread Group 1-21,text,true,,231,158,77,77,http://localhost:8079/?token=518499913&user=-1355070315&config=3,2256,0,0
1778791369265,2253,HTTP Request,200,OK,Thread Group 1-34,text,true,,231,158,77,77,http://localhost:8079/?token=518499913&user=-1355070315&config=3,2253,0,0
1778791369265,2253,HTTP Request,200,OK,Thread Group 1-1,text,true,,231,158,77,77,http://localhost:8079/?token=518499913&user=-1355070315&config=3,2253,0,0
1778791369263,2994,HTTP Request,200,OK,Thread Group 1-51,text,true,,231,158,78,78,http://localhost:8079/?token=518499913&user=-1355070315&config=3,2994,0,0
1778791369265,2993,HTTP Request,200,OK,Thread Group 1-65,text,true,,231,158,78,78,http://localhost:8079/?token=518499913&user=-1355070315&config=3,2993,0,0
1778791369820,2438,HTTP Request,200,OK,Thread Group 1-64,text,true,,231,158,78,78,http://localhost:8079/?token=518499913&user=-1355070315&config=3,2438,0,0
1778791369256,3002,HTTP Request,200,OK,Thread Group 1-70,text,true,,231,158,78,78,http://localhost:8079/?token=518499913&user=-1355070315&config=3,3002,0,0
1778791369822,2436,HTTP Request,200,OK,Thread Group 1-48,text,true,,231,158,78,78,http://localhost:8079/?token=518499913&user=-1355070315&config=3,2436,0,0
1778791369254,3004,HTTP Request,200,OK,Thread Group 1-75,text,true,,231,158,78,78,http://localhost:8079/?token=518499913&user=-1355070315&config=3,3004,0,9
1778791369262,2996,HTTP Request,200,OK,Thread Group 1-23,text,true,,231,158,78,78,http://localhost:8079/?token=518499913&user=-1355070315&config=3,2996,0,0
1778791369262,2996,HTTP Request,200,OK,Thread Group 1-52,text,true,,231,158,78,78,http://localhost:8079/?token=518499913&user=-1355070315&config=3,2996,0,0
1778791369262,2996,HTTP Request,200,OK,Thread Group 1-58,text,true,,231,158,78,78,http://localhost:8079/?token=518499913&user=-1355070315&config=3,2996,0,0
1778791369823,2435,HTTP Request,200,OK,Thread Group 1-60,text,true,,231,158,78,78,http://localhost:8079/?token=518499913&user=-1355070315&config=3,2435,0,0
1778791369263,2996,HTTP Request,200,OK,Thread Group 1-8,text,true,,231,158,78,78,http://localhost:8079/?token=518499913&user=-1355070315&config=3,2996,0,0
1778791369821,2438,HTTP Request,200,OK,Thread Group 1-66,text,true,,231,158,78,78,http://localhost:8079/?token=518499913&user=-1355070315&config=3,2438,0,0
1778791369821,2438,HTTP Request,200,OK,Thread Group 1-68,text,true,,231,158,78,78,http://localhost:8079/?token=518499913&user=-1355070315&config=3,2438,0,0
1778791369826,2433,HTTP Request,200,OK,Thread Group 1-73,text,true,,231,158,78,78,http://localhost:8079/?token=518499913&user=-1355070315&config=3,2433,0,0
1778791369822,2437,HTTP Request,200,OK,Thread Group 1-28,text,true,,231,158,78,78,http://localhost:8079/?token=518499913&user=-1355070315&config=3,2437,0,0
1778791369821,2438,HTTP Request,200,OK,Thread Group 1-30,text,true,,231,158,78,78,http://localhost:8079/?token=518499913&user=-1355070315&config=3,2438,0,0
1778791369820,2439,HTTP Request,200,OK,Thread Group 1-37,text,true,,231,158,78,78,http://localhost:8079/?token=518499913&user=-1355070315&config=3,2439,0,0
1778791369823,2437,HTTP Request,200,OK,Thread Group 1-4,text,true,,231,158,78,78,http://localhost:8079/?token=518499913&user=-1355070315&config=3,2437,0,0
1778791369822,2438,HTTP Request,200,OK,Thread Group 1-59,text,true,,231,158,78,78,http://localhost:8079/?token=518499913&user=-1355070315&config=3,2437,0,0
1778791369824,2436,HTTP Request,200,OK,Thread Group 1-11,text,true,,231,158,78,78,http://localhost:8079/?token=518499913&user=-1355070315&config=3,2436,0,0
1778791369828,2432,HTTP Request,200,OK,Thread Group 1-61,text,true,,231,158,78,78,http://localhost:8079/?token=518499913&user=-1355070315&config=3,2431,0,0
1778791369256,3004,HTTP Request,200,OK,Thread Group 1-13,text,true,,231,158,78,78,http://localhost:8079/?token=518499913&user=-1355070315&config=3,3004,0,7
1778791369828,2536,HTTP Request,200,OK,Thread Group 1-32,text,true,,231,158,78,78,http://localhost:8079/?token=518499913&user=-1355070315&config=3,2536,0,0
1778791369826,2538,HTTP Request,200,OK,Thread Group 1-71,text,true,,231,158,78,78,http://localhost:8079/?token=518499913&user=-1355070315&config=3,2538,0,0
1778791369825,3234,HTTP Request,200,OK,Thread Group 1-62,text,true,,231,158,78,78,http://localhost:8079/?token=518499913&user=-1355070315&config=3,3233,0,0
1778791370793,2280,HTTP Request,200,OK,Thread Group 1-72,text,true,,231,158,78,78,http://localhost:8079/?token=518499913&user=-1355070315&config=3,2280,0,0
1778791369827,3251,HTTP Request,200,OK,Thread Group 1-14,text,true,,231,158,78,78,http://localhost:8079/?token=518499913&user=-1355070315&config=3,3251,0,4
1778791369845,3234,HTTP Request,200,OK,Thread Group 1-41,text,true,,231,158,78,78,http://localhost:8079/?token=518499913&user=-1355070315&config=3,3234,0,0
1778791369844,3235,HTTP Request,200,OK,Thread Group 1-43,text,true,,231,158,78,78,http://localhost:8079/?token=518499913&user=-1355070315&config=3,3235,0,0
1778791369844,3235,HTTP Request,200,OK,Thread Group 1-57,text,true,,231,158,78,78,http://localhost:8079/?token=518499913&user=-1355070315&config=3,3235,0,0
1778791370792,2295,HTTP Request,200,OK,Thread Group 1-67,text,true,,231,158,78,78,http://localhost:8079/?token=518499913&user=-1355070315&config=3,2295,0,0
1778791370254,2834,HTTP Request,200,OK,Thread Group 1-76,text,true,,231,158,78,78,http://localhost:8079/?token=518499913&user=-1355070315&config=3,2834,0,2
1778791370792,2295,HTTP Request,200,OK,Thread Group 1-18,text,true,,231,158,78,78,http://localhost:8079/?token=518499913&user=-1355070315&config=3,2295,0,0
1778791370792,2295,HTTP Request,200,OK,Thread Group 1-19,text,true,,231,158,78,78,http://localhost:8079/?token=518499913&user=-1355070315&config=3,2295,0,0
1778791370792,2295,HTTP Request,200,OK,Thread Group 1-22,text,true,,231,158,78,78,http://localhost:8079/?token=518499913&user=-1355070315&config=3,2295,0,0
1778791370792,2295,HTTP Request,200,OK,Thread Group 1-24,text,true,,231,158,78,78,http://localhost:8079/?token=518499913&user=-1355070315&config=3,2295,0,0
1778791370792,2295,HTTP Request,200,OK,Thread Group 1-36,text,true,,231,158,78,78,http://localhost:8079/?token=518499913&user=-1355070315&config=3,2295,0,0
1778791370792,2295,HTTP Request,200,OK,Thread Group 1-27,text,true,,231,158,78,78,http://localhost:8079/?token=518499913&user=-1355070315&config=3,2295,0,0
1778791370792,2295,HTTP Request,200,OK,Thread Group 1-56,text,true,,231,158,78,78,http://localhost:8079/?token=518499913&user=-1355070315&config=3,2295,0,0
1778791370793,2294,HTTP Request,200,OK,Thread Group 1-6,text,true,,231,158,78,78,http://localhost:8079/?token=518499913&user=-1355070315&config=3,2294,0,0
1778791369845,3243,HTTP Request,200,OK,Thread Group 1-15,text,true,,231,158,78,78,http://localhost:8079/?token=518499913&user=-1355070315&config=3,3243,0,0
1778791370792,2301,HTTP Request,200,OK,Thread Group 1-54,text,true,,231,158,78,78,http://localhost:8079/?token=518499913&user=-1355070315&config=3,2301,0,0
1778791370792,2312,HTTP Request,200,OK,Thread Group 1-35,text,true,,231,158,78,78,http://localhost:8079/?token=518499913&user=-1355070315&config=3,2312,0,0
1778791370793,2311,HTTP Request,200,OK,Thread Group 1-10,text,true,,231,158,78,78,http://localhost:8079/?token=518499913&user=-1355070315&config=3,2311,0,0
1778791370792,2312,HTTP Request,200,OK,Thread Group 1-50,text,true,,231,158,78,78,http://localhost:8079/?token=518499913&user=-1355070315&config=3,2312,0,0
1778791370792,2312,HTTP Request,200,OK,Thread Group 1-46,text,true,,231,158,78,78,http://localhost:8079/?token=518499913&user=-1355070315&config=3,2312,0,0
1778791370792,3286,HTTP Request,200,OK,Thread Group 1-16,text,true,,231,158,79,79,http://localhost:8079/?token=518499913&user=-1355070315&config=3,3286,0,2
1778791371503,2576,HTTP Request,200,OK,Thread Group 1-26,text,true,,231,158,79,79,http://localhost:8079/?token=518499913&user=-1355070315&config=3,2576,0,0
1778791370792,3288,HTTP Request,200,OK,Thread Group 1-29,text,true,,231,158,79,79,http://localhost:8079/?token=518499913&user=-1355070315&config=3,3288,0,0
1778791371500,2580,HTTP Request,200,OK,Thread Group 1-31,text,true,,231,158,79,79,http://localhost:8079/?token=518499913&user=-1355070315&config=3,2580,0,0
1778791371503,2577,HTTP Request,200,OK,Thread Group 1-33,text,true,,231,158,79,79,http://localhost:8079/?token=518499913&user=-1355070315&config=3,2577,0,0
1778791371503,2578,HTTP Request,200,OK,Thread Group 1-38,text,true,,231,158,79,79,http://localhost:8079/?token=518499913&user=-1355070315&config=3,2578,0,0
1778791371503,2578,HTTP Request,200,OK,Thread Group 1-39,text,true,,231,158,79,79,http://localhost:8079/?token=518499913&user=-1355070315&config=3,2578,0,0
1778791371502,2579,HTTP Request,200,OK,Thread Group 1-40,text,true,,231,158,79,79,http://localhost:8079/?token=518499913&user=-1355070315&config=3,2579,0,0
1778791371500,2581,HTTP Request,200,OK,Thread Group 1-44,text,true,,231,158,79,79,http://localhost:8079/?token=518499913&user=-1355070315&config=3,2581,0,0
1778791370810,3271,HTTP Request,200,OK,Thread Group 1-49,text,true,,231,158,79,79,http://localhost:8079/?token=518499913&user=-1355070315&config=3,3271,0,0
1778791371503,2578,HTTP Request,200,OK,Thread Group 1-55,text,true,,231,158,79,79,http://localhost:8079/?token=518499913&user=-1355070315&config=3,2578,0,0
1778791370793,3288,HTTP Request,200,OK,Thread Group 1-2,text,true,,231,158,79,79,http://localhost:8079/?token=518499913&user=-1355070315&config=3,3288,0,0
1778791370793,3288,HTTP Request,200,OK,Thread Group 1-69,text,true,,231,158,79,79,http://localhost:8079/?token=518499913&user=-1355070315&config=3,3288,0,0
1778791370793,3288,HTTP Request,200,OK,Thread Group 1-3,text,true,,231,158,79,79,http://localhost:8079/?token=518499913&user=-1355070315&config=3,3288,0,0
1778791371502,2579,HTTP Request,200,OK,Thread Group 1-9,text,true,,231,158,79,79,http://localhost:8079/?token=518499913&user=-1355070315&config=3,2579,0,0
1778791371502,2579,HTTP Request,200,OK,Thread Group 1-7,text,true,,231,158,79,79,http://localhost:8079/?token=518499913&user=-1355070315&config=3,2579,0,0
1778791371502,2579,HTTP Request,200,OK,Thread Group 1-53,text,true,,231,158,79,79,http://localhost:8079/?token=518499913&user=-1355070315&config=3,2579,0,0
1778791371503,2576,HTTP Request,200,OK,Thread Group 1-20,text,true,,231,158,79,79,http://localhost:8079/?token=518499913&user=-1355070315&config=3,2576,0,0
1778791371256,2822,HTTP Request,200,OK,Thread Group 1-77,text,true,,231,158,79,79,http://localhost:8079/?token=518499913&user=-1355070315&config=3,2822,0,1
1778791370793,3288,HTTP Request,200,OK,Thread Group 1-74,text,true,,231,158,79,79,http://localhost:8079/?token=518499913&user=-1355070315&config=3,3288,0,0
1778791370792,3289,HTTP Request,200,OK,Thread Group 1-45,text,true,,231,158,79,79,http://localhost:8079/?token=518499913&user=-1355070315&config=3,3289,0,0
1778791371503,2578,HTTP Request,200,OK,Thread Group 1-47,text,true,,231,158,79,79,http://localhost:8079/?token=518499913&user=-1355070315&config=3,2578,0,0
1778791371503,2588,HTTP Request,200,OK,Thread Group 1-63,text,true,,231,158,79,79,http://localhost:8079/?token=518499913&user=-1355070315&config=3,2588,0,0
1778791371504,2587,HTTP Request,200,OK,Thread Group 1-12,text,true,,231,158,79,79,http://localhost:8079/?token=518499913&user=-1355070315&config=3,2587,0,0
1778791371503,2588,HTTP Request,200,OK,Thread Group 1-42,text,true,,231,158,79,79,http://localhost:8079/?token=518499913&user=-1355070315&config=3,2588,0,0
1778791371517,3273,HTTP Request,200,OK,Thread Group 1-25,text,true,,231,158,80,80,http://localhost:8079/?token=518499913&user=-1355070315&config=3,3273,0,0
1778791371503,3287,HTTP Request,200,OK,Thread Group 1-5,text,true,,231,158,80,80,http://localhost:8079/?token=518499913&user=-1355070315&config=3,3287,0,0
1778791372257,2537,HTTP Request,200,OK,Thread Group 1-70,text,true,,231,158,80,80,http://localhost:8079/?token=518499913&user=-1355070315&config=3,2537,0,0
1778791372257,2537,HTTP Request,200,OK,Thread Group 1-64,text,true,,231,158,80,80,http://localhost:8079/?token=518499913&user=-1355070315&config=3,2536,0,0
1778791372258,2536,HTTP Request,200,OK,Thread Group 1-73,text,true,,231,158,80,80,http://localhost:8079/?token=518499913&user=-1355070315&config=3,2536,0,0
1778791371517,3278,HTTP Request,200,OK,Thread Group 1-34,text,true,,231,158,80,80,http://localhost:8079/?token=518499913&user=-1355070315&config=3,3278,0,0
1778791371517,3278,HTTP Request,200,OK,Thread Group 1-21,text,true,,231,158,80,80,http://localhost:8079/?token=518499913&user=-1355070315&config=3,3278,0,0
1778791372256,2540,HTTP Request,200,OK,Thread Group 1-51,text,true,,231,158,80,80,http://localhost:8079/?token=518499913&user=-1355070315&config=3,2540,0,0
1778791372258,2538,HTTP Request,200,OK,Thread Group 1-60,text,true,,231,158,80,80,http://localhost:8079/?token=518499913&user=-1355070315&config=3,2538,0,0
1778791371517,3279,HTTP Request,200,OK,Thread Group 1-1,text,true,,231,158,80,80,http://localhost:8079/?token=518499913&user=-1355070315&config=3,3279,0,0
1778791372259,2537,HTTP Request,200,OK,Thread Group 1-11,text,true,,231,158,80,80,http://localhost:8079/?token=518499913&user=-1355070315&config=3,2537,0,0
1778791371502,3294,HTTP Request,200,OK,Thread Group 1-17,text,true,,231,158,80,80,http://localhost:8079/?token=518499913&user=-1355070315&config=3,3294,0,1
1778791372257,2539,HTTP Request,200,OK,Thread Group 1-65,text,true,,231,158,80,80,http://localhost:8079/?token=518499913&user=-1355070315&config=3,2539,0,0
1778791372257,2539,HTTP Request,200,OK,Thread Group 1-75,text,true,,231,158,80,80,http://localhost:8079/?token=518499913&user=-1355070315&config=3,2539,0,0
1778791372258,2539,HTTP Request,200,OK,Thread Group 1-30,text,true,,231,158,80,80,http://localhost:8079/?token=518499913&user=-1355070315&config=3,2539,0,0
1778791372257,2540,HTTP Request,200,OK,Thread Group 1-23,text,true,,231,158,80,80,http://localhost:8079/?token=518499913&user=-1355070315&config=3,2540,0,0
1778791372259,2538,HTTP Request,200,OK,Thread Group 1-61,text,true,,231,158,80,80,http://localhost:8079/?token=518499913&user=-1355070315&config=3,2538,0,0
1778791372259,2538,HTTP Request,200,OK,Thread Group 1-13,text,true,,231,158,80,80,http://localhost:8079/?token=518499913&user=-1355070315&config=3,2538,0,0
1778791372257,2552,HTTP Request,200,OK,Thread Group 1-52,text,true,,231,158,80,80,http://localhost:8079/?token=518499913&user=-1355070315&config=3,2552,0,0
1778791372258,2551,HTTP Request,200,OK,Thread Group 1-37,text,true,,231,158,80,80,http://localhost:8079/?token=518499913&user=-1355070315&config=3,2551,0,0
1778791372257,2552,HTTP Request,200,OK,Thread Group 1-48,text,true,,231,158,80,80,http://localhost:8079/?token=518499913&user=-1355070315&config=3,2552,0,0
1778791372258,2551,HTTP Request,200,OK,Thread Group 1-58,text,true,,231,158,80,80,http://localhost:8079/?token=518499913&user=-1355070315&config=3,2551,0,0
1778791372259,2550,HTTP Request,200,OK,Thread Group 1-4,text,true,,231,158,80,80,http://localhost:8079/?token=518499913&user=-1355070315&config=3,2550,0,0
1778791372258,3350,HTTP Request,200,OK,Thread Group 1-28,text,true,,231,158,81,81,http://localhost:8079/?token=518499913&user=-1355070315&config=3,3350,0,0
1778791373061,2549,HTTP Request,200,OK,Thread Group 1-62,text,true,,231,158,81,81,http://localhost:8079/?token=518499913&user=-1355070315&config=3,2549,0,0
1778791372258,3352,HTTP Request,200,OK,Thread Group 1-66,text,true,,231,158,81,81,http://localhost:8079/?token=518499913&user=-1355070315&config=3,3352,0,0
1778791372258,3352,HTTP Request,200,OK,Thread Group 1-68,text,true,,231,158,81,81,http://localhost:8079/?token=518499913&user=-1355070315&config=3,3352,0,0
1778791372363,3248,HTTP Request,200,OK,Thread Group 1-71,text,true,,231,158,81,81,http://localhost:8079/?token=518499913&user=-1355070315&config=3,3248,0,0
1778791373077,2534,HTTP Request,200,OK,Thread Group 1-72,text,true,,231,158,81,81,http://localhost:8079/?token=518499913&user=-1355070315&config=3,2534,0,0
1778791373077,2534,HTTP Request,200,OK,Thread Group 1-14,text,true,,231,158,81,81,http://localhost:8079/?token=518499913&user=-1355070315&config=3,2534,0,0
1778791372256,3355,HTTP Request,200,OK,Thread Group 1-78,text,true,,231,158,81,81,http://localhost:8079/?token=518499913&user=-1355070315&config=3,3355,0,2
1778791372363,3248,HTTP Request,200,OK,Thread Group 1-32,text,true,,231,158,81,81,http://localhost:8079/?token=518499913&user=-1355070315&config=3,3248,0,0
1778791372259,3352,HTTP Request,200,OK,Thread Group 1-59,text,true,,231,158,81,81,http://localhost:8079/?token=518499913&user=-1355070315&config=3,3352,0,0
1778791372258,3353,HTTP Request,200,OK,Thread Group 1-8,text,true,,231,158,81,81,http://localhost:8079/?token=518499913&user=-1355070315&config=3,3353,0,0
1778791373087,2526,HTTP Request,200,OK,Thread Group 1-19,text,true,,231,158,81,81,http://localhost:8079/?token=518499913&user=-1355070315&config=3,2526,0,0
1778791373087,2526,HTTP Request,200,OK,Thread Group 1-76,text,true,,231,158,81,81,http://localhost:8079/?token=518499913&user=-1355070315&config=3,2526,0,0
1778791373087,2526,HTTP Request,200,OK,Thread Group 1-24,text,true,,231,158,81,81,http://localhost:8079/?token=518499913&user=-1355070315&config=3,2526,0,0
1778791373087,2527,HTTP Request,200,OK,Thread Group 1-27,text,true,,231,158,81,81,http://localhost:8079/?token=518499913&user=-1355070315&config=3,2527,0,0
1778791373087,2527,HTTP Request,200,OK,Thread Group 1-36,text,true,,231,158,81,81,http://localhost:8079/?token=518499913&user=-1355070315&config=3,2527,0,0
1778791373078,2536,HTTP Request,200,OK,Thread Group 1-41,text,true,,231,158,81,81,http://localhost:8079/?token=518499913&user=-1355070315&config=3,2536,0,0
1778791373078,2536,HTTP Request,200,OK,Thread Group 1-43,text,true,,231,158,81,81,http://localhost:8079/?token=518499913&user=-1355070315&config=3,2536,0,0
1778791373078,2536,HTTP Request,200,OK,Thread Group 1-57,text,true,,231,158,81,81,http://localhost:8079/?token=518499913&user=-1355070315&config=3,2536,0,0
1778791373087,2527,HTTP Request,200,OK,Thread Group 1-56,text,true,,231,158,81,81,http://localhost:8079/?token=518499913&user=-1355070315&config=3,2527,0,0
1778791373087,2527,HTTP Request,200,OK,Thread Group 1-15,text,true,,231,158,81,81,http://localhost:8079/?token=518499913&user=-1355070315&config=3,2527,0,0
1778791373087,2533,HTTP Request,200,OK,Thread Group 1-6,text,true,,231,158,81,81,http://localhost:8079/?token=518499913&user=-1355070315&config=3,2527,0,0
1778791373087,2539,HTTP Request,200,OK,Thread Group 1-67,text,true,,231,158,81,81,http://localhost:8079/?token=518499913&user=-1355070315&config=3,2539,0,0
1778791373105,2521,HTTP Request,200,OK,Thread Group 1-50,text,true,,231,158,81,81,http://localhost:8079/?token=518499913&user=-1355070315&config=3,2521,0,0
1778791373087,2539,HTTP Request,200,OK,Thread Group 1-22,text,true,,231,158,81,81,http://localhost:8079/?token=518499913&user=-1355070315&config=3,2539,0,0
1778791373093,2533,HTTP Request,200,OK,Thread Group 1-54,text,true,,231,158,81,81,http://localhost:8079/?token=518499913&user=-1355070315&config=3,2533,0,0
1778791373105,3456,HTTP Request,200,OK,Thread Group 1-10,text,true,,231,158,82,82,http://localhost:8079/?token=518499913&user=-1355070315&config=3,3455,0,0
1778791374080,2481,HTTP Request,200,OK,Thread Group 1-31,text,true,,231,158,82,82,http://localhost:8079/?token=518499913&user=-1355070315&config=3,2480,0,0
1778791374081,2484,HTTP Request,200,OK,Thread Group 1-44,text,true,,231,158,82,82,http://localhost:8079/?token=518499913&user=-1355070315&config=3,2484,0,0
1778791373105,3460,HTTP Request,200,OK,Thread Group 1-35,text,true,,231,158,82,82,http://localhost:8079/?token=518499913&user=-1355070315&config=3,3460,0,0
1778791373105,3460,HTTP Request,200,OK,Thread Group 1-46,text,true,,231,158,82,82,http://localhost:8079/?token=518499913&user=-1355070315&config=3,3460,0,0
1778791373087,3478,HTTP Request,200,OK,Thread Group 1-18,text,true,,231,158,82,82,http://localhost:8079/?token=518499913&user=-1355070315&config=3,3478,0,1
1778791374080,2486,HTTP Request,200,OK,Thread Group 1-16,text,true,,231,158,82,82,http://localhost:8079/?token=518499913&user=-1355070315&config=3,2486,0,0
1778791373248,3319,HTTP Request,200,OK,Thread Group 1-79,text,true,,231,158,82,82,http://localhost:8079/?token=518499913&user=-1355070315&config=3,3319,0,0
1778791374081,2486,HTTP Request,200,OK,Thread Group 1-20,text,true,,231,158,82,82,http://localhost:8079/?token=518499913&user=-1355070315&config=3,2486,0,0
1778791374081,2486,HTTP Request,200,OK,Thread Group 1-47,text,true,,231,158,82,82,http://localhost:8079/?token=518499913&user=-1355070315&config=3,2486,0,0
1778791374081,2486,HTTP Request,200,OK,Thread Group 1-53,text,true,,231,158,82,82,http://localhost:8079/?token=518499913&user=-1355070315&config=3,2486,0,0
1778791374081,2487,HTTP Request,200,OK,Thread Group 1-55,text,true,,231,158,82,82,http://localhost:8079/?token=518499913&user=-1355070315&config=3,2487,0,0
1778791374081,2487,HTTP Request,200,OK,Thread Group 1-3,text,true,,231,158,82,82,http://localhost:8079/?token=518499913&user=-1355070315&config=3,2487,0,0
1778791374081,2487,HTTP Request,200,OK,Thread Group 1-69,text,true,,231,158,82,82,http://localhost:8079/?token=518499913&user=-1355070315&config=3,2487,0,0
1778791374081,2487,HTTP Request,200,OK,Thread Group 1-7,text,true,,231,158,82,82,http://localhost:8079/?token=518499913&user=-1355070315&config=3,2487,0,0
1778791374081,2487,HTTP Request,200,OK,Thread Group 1-9,text,true,,231,158,82,82,http://localhost:8079/?token=518499913&user=-1355070315&config=3,2487,0,0
1778791374081,2487,HTTP Request,200,OK,Thread Group 1-49,text,true,,231,158,82,82,http://localhost:8079/?token=518499913&user=-1355070315&config=3,2486,0,0
1778791374081,2487,HTTP Request,200,OK,Thread Group 1-74,text,true,,231,158,82,82,http://localhost:8079/?token=518499913&user=-1355070315&config=3,2487,0,0
1778791374081,2486,HTTP Request,200,OK,Thread Group 1-38,text,true,,231,158,82,82,http://localhost:8079/?token=518499913&user=-1355070315&config=3,2486,0,0
1778791374081,2486,HTTP Request,200,OK,Thread Group 1-39,text,true,,231,158,82,82,http://localhost:8079/?token=518499913&user=-1355070315&config=3,2486,0,0
1778791374081,2486,HTTP Request,200,OK,Thread Group 1-33,text,true,,231,158,82,82,http://localhost:8079/?token=518499913&user=-1355070315&config=3,2486,0,0
1778791374079,2488,HTTP Request,200,OK,Thread Group 1-26,text,true,,231,158,82,82,http://localhost:8079/?token=518499913&user=-1355070315&config=3,2488,0,0
1778791374081,2489,HTTP Request,200,OK,Thread Group 1-45,text,true,,231,158,82,82,http://localhost:8079/?token=518499913&user=-1355070315&config=3,2489,0,0
1778791374081,2489,HTTP Request,200,OK,Thread Group 1-77,text,true,,231,158,82,82,http://localhost:8079/?token=518499913&user=-1355070315&config=3,2489,0,0
1778791374081,3408,HTTP Request,200,OK,Thread Group 1-40,text,true,,231,158,83,83,http://localhost:8079/?token=518499913&user=-1355070315&config=3,3408,0,0
1778791374081,3411,HTTP Request,200,OK,Thread Group 1-2,text,true,,231,158,83,83,http://localhost:8079/?token=518499913&user=-1355070315&config=3,3411,0,0
1778791374794,2699,HTTP Request,200,OK,Thread Group 1-64,text,true,,231,158,83,83,http://localhost:8079/?token=518499913&user=-1355070315&config=3,2699,0,0
1778791374796,2697,HTTP Request,200,OK,Thread Group 1-65,text,true,,231,158,83,83,http://localhost:8079/?token=518499913&user=-1355070315&config=3,2697,0,0
1778791374794,2703,HTTP Request,200,OK,Thread Group 1-70,text,true,,231,158,83,83,http://localhost:8079/?token=518499913&user=-1355070315&config=3,2703,0,0
1778791374795,2702,HTTP Request,200,OK,Thread Group 1-73,text,true,,231,158,83,83,http://localhost:8079/?token=518499913&user=-1355070315&config=3,2702,0,0
1778791374796,2702,HTTP Request,200,OK,Thread Group 1-75,text,true,,231,158,83,83,http://localhost:8079/?token=518499913&user=-1355070315&config=3,2702,0,0
1778791374796,2702,HTTP Request,200,OK,Thread Group 1-21,text,true,,231,158,83,83,http://localhost:8079/?token=518499913&user=-1355070315&config=3,2702,0,0
1778791374791,2707,HTTP Request,200,OK,Thread Group 1-25,text,true,,231,158,83,83,http://localhost:8079/?token=518499913&user=-1355070315&config=3,2707,0,0
1778791374081,3417,HTTP Request,200,OK,Thread Group 1-29,text,true,,231,158,83,83,http://localhost:8079/?token=518499913&user=-1355070315&config=3,3417,0,0
1778791374797,2702,HTTP Request,200,OK,Thread Group 1-30,text,true,,231,158,83,83,http://localhost:8079/?token=518499913&user=-1355070315&config=3,2702,0,0
1778791374795,2704,HTTP Request,200,OK,Thread Group 1-34,text,true,,231,158,83,83,http://localhost:8079/?token=518499913&user=-1355070315&config=3,2704,0,0
1778791374091,3408,HTTP Request,200,OK,Thread Group 1-42,text,true,,231,158,83,83,http://localhost:8079/?token=518499913&user=-1355070315&config=3,3408,0,0
1778791374796,2704,HTTP Request,200,OK,Thread Group 1-51,text,true,,231,158,83,83,http://localhost:8079/?token=518499913&user=-1355070315&config=3,2704,0,0
1778791374796,2704,HTTP Request,200,OK,Thread Group 1-60,text,true,,231,158,83,83,http://localhost:8079/?token=518499913&user=-1355070315&config=3,2704,0,0
1778791374091,3409,HTTP Request,200,OK,Thread Group 1-63,text,true,,231,158,83,83,http://localhost:8079/?token=518499913&user=-1355070315&config=3,3409,0,0
1778791374796,2704,HTTP Request,200,OK,Thread Group 1-1,text,true,,231,158,83,83,http://localhost:8079/?token=518499913&user=-1355070315&config=3,2704,0,0
1778791374791,2709,HTTP Request,200,OK,Thread Group 1-5,text,true,,231,158,83,83,http://localhost:8079/?token=518499913&user=-1355070315&config=3,2709,0,0
1778791374796,2704,HTTP Request,200,OK,Thread Group 1-11,text,true,,231,158,83,83,http://localhost:8079/?token=518499913&user=-1355070315&config=3,2704,0,0
1778791374091,3409,HTTP Request,200,OK,Thread Group 1-12,text,true,,231,158,83,83,http://localhost:8079/?token=518499913&user=-1355070315&config=3,3409,0,0
1778791374797,2703,HTTP Request,200,OK,Thread Group 1-13,text,true,,231,158,83,83,http://localhost:8079/?token=518499913&user=-1355070315&config=3,2703,0,0
1778791374796,2705,HTTP Request,200,OK,Thread Group 1-17,text,true,,231,158,83,83,http://localhost:8079/?token=518499913&user=-1355070315&config=3,2705,0,0
1778791374252,3249,HTTP Request,200,OK,Thread Group 1-80,text,true,,231,158,83,83,http://localhost:8079/?token=518499913&user=-1355070315&config=3,3249,0,1
1778791374797,2709,HTTP Request,200,OK,Thread Group 1-23,text,true,,231,158,83,83,http://localhost:8079/?token=518499913&user=-1355070315&config=3,2709,0,0
1778791374809,2697,HTTP Request,200,OK,Thread Group 1-37,text,true,,231,158,83,83,http://localhost:8079/?token=518499913&user=-1355070315&config=3,2697,0,0
1778791374797,2709,HTTP Request,200,OK,Thread Group 1-61,text,true,,231,158,83,83,http://localhost:8079/?token=518499913&user=-1355070315&config=3,2709,0,0
1778791374809,2697,HTTP Request,200,OK,Thread Group 1-48,text,true,,231,158,83,83,http://localhost:8079/?token=518499913&user=-1355070315&config=3,2697,0,0
1778791374809,3553,HTTP Request,200,OK,Thread Group 1-52,text,true,,231,158,84,84,http://localhost:8079/?token=518499913&user=-1355070315&config=3,3553,0,0
1778791375611,2762,HTTP Request,200,OK,Thread Group 1-66,text,true,,231,158,84,84,http://localhost:8079/?token=518499913&user=-1355070315&config=3,2762,0,0
1778791375611,2764,HTTP Request,200,OK,Thread Group 1-62,text,true,,231,158,84,84,http://localhost:8079/?token=518499913&user=-1355070315&config=3,2764,0,0
1778791375612,2763,HTTP Request,200,OK,Thread Group 1-68,text,true,,231,158,84,84,http://localhost:8079/?token=518499913&user=-1355070315&config=3,2763,0,0
1778791375612,2764,HTTP Request,200,OK,Thread Group 1-71,text,true,,231,158,84,84,http://localhost:8079/?token=518499913&user=-1355070315&config=3,2764,0,0
1778791375612,2764,HTTP Request,200,OK,Thread Group 1-72,text,true,,231,158,84,84,http://localhost:8079/?token=518499913&user=-1355070315&config=3,2764,0,0
1778791375612,2764,HTTP Request,200,OK,Thread Group 1-14,text,true,,231,158,84,84,http://localhost:8079/?token=518499913&user=-1355070315&config=3,2764,0,0
1778791375614,2762,HTTP Request,200,OK,Thread Group 1-76,text,true,,231,158,84,84,http://localhost:8079/?token=518499913&user=-1355070315&config=3,2762,0,0
1778791375612,2765,HTTP Request,200,OK,Thread Group 1-78,text,true,,231,158,84,84,http://localhost:8079/?token=518499913&user=-1355070315&config=3,2765,0,0
1778791375614,2763,HTTP Request,200,OK,Thread Group 1-24,text,true,,231,158,84,84,http://localhost:8079/?token=518499913&user=-1355070315&config=3,2763,0,0
1778791375615,2762,HTTP Request,200,OK,Thread Group 1-27,text,true,,231,158,84,84,http://localhost:8079/?token=518499913&user=-1355070315&config=3,2762,0,0
1778791375609,2769,HTTP Request,200,OK,Thread Group 1-28,text,true,,231,158,84,84,http://localhost:8079/?token=518499913&user=-1355070315&config=3,2769,0,0
1778791375612,2766,HTTP Request,200,OK,Thread Group 1-32,text,true,,231,158,84,84,http://localhost:8079/?token=518499913&user=-1355070315&config=3,2766,0,0
1778791375615,2764,HTTP Request,200,OK,Thread Group 1-36,text,true,,231,158,84,84,http://localhost:8079/?token=518499913&user=-1355070315&config=3,2764,0,0
1778791375615,2764,HTTP Request,200,OK,Thread Group 1-41,text,true,,231,158,84,84,http://localhost:8079/?token=518499913&user=-1355070315&config=3,2764,0,0
1778791375615,2764,HTTP Request,200,OK,Thread Group 1-43,text,true,,231,158,84,84,http://localhost:8079/?token=518499913&user=-1355070315&config=3,2764,0,0
1778791375615,2765,HTTP Request,200,OK,Thread Group 1-56,text,true,,231,158,84,84,http://localhost:8079/?token=518499913&user=-1355070315&config=3,2765,0,0
1778791374809,3570,HTTP Request,200,OK,Thread Group 1-58,text,true,,231,158,84,84,http://localhost:8079/?token=518499913&user=-1355070315&config=3,3570,0,0
1778791375612,2768,HTTP Request,200,OK,Thread Group 1-59,text,true,,231,158,84,84,http://localhost:8079/?token=518499913&user=-1355070315&config=3,2768,0,0
1778791374809,3570,HTTP Request,200,OK,Thread Group 1-4,text,true,,231,158,84,84,http://localhost:8079/?token=518499913&user=-1355070315&config=3,3570,0,0
1778791375255,3124,HTTP Request,200,OK,Thread Group 1-81,text,true,,231,158,84,84,http://localhost:8079/?token=518499913&user=-1355070315&config=3,3124,0,1
1778791375612,2768,HTTP Request,200,OK,Thread Group 1-8,text,true,,231,158,84,84,http://localhost:8079/?token=518499913&user=-1355070315&config=3,2768,0,0
1778791375621,2767,HTTP Request,200,OK,Thread Group 1-57,text,true,,231,158,84,84,http://localhost:8079/?token=518499913&user=-1355070315&config=3,2767,0,0
1778791375621,2767,HTTP Request,200,OK,Thread Group 1-6,text,true,,231,158,84,84,http://localhost:8079/?token=518499913&user=-1355070315&config=3,2767,0,0
1778791375615,2773,HTTP Request,200,OK,Thread Group 1-15,text,true,,231,158,84,84,http://localhost:8079/?token=518499913&user=-1355070315&config=3,2773,0,0
1778791375627,3706,HTTP Request,200,OK,Thread Group 1-67,text,true,,231,158,85,85,http://localhost:8079/?token=518499913&user=-1355070315&config=3,3706,0,0
1778791376563,2772,HTTP Request,200,OK,Thread Group 1-10,text,true,,231,158,85,85,http://localhost:8079/?token=518499913&user=-1355070315&config=3,2772,0,0
1778791376253,3082,HTTP Request,200,OK,Thread Group 1-82,text,true,,231,158,85,85,http://localhost:8079/?token=518499913&user=-1355070315&config=3,3082,0,1
1778791375627,3709,HTTP Request,200,OK,Thread Group 1-22,text,true,,231,158,85,85,http://localhost:8079/?token=518499913&user=-1355070315&config=3,3709,0,0
1778791376566,2770,HTTP Request,200,OK,Thread Group 1-44,text,true,,231,158,85,85,http://localhost:8079/?token=518499913&user=-1355070315&config=3,2770,0,0
1778791375627,3709,HTTP Request,200,OK,Thread Group 1-50,text,true,,231,158,85,85,http://localhost:8079/?token=518499913&user=-1355070315&config=3,3709,0,0
1778791376566,2770,HTTP Request,200,OK,Thread Group 1-35,text,true,,231,158,85,85,http://localhost:8079/?token=518499913&user=-1355070315&config=3,2770,0,0
1778791376565,2771,HTTP Request,200,OK,Thread Group 1-31,text,true,,231,158,85,85,http://localhost:8079/?token=518499913&user=-1355070315&config=3,2771,0,0
1778791375627,3709,HTTP Request,200,OK,Thread Group 1-54,text,true,,231,158,85,85,http://localhost:8079/?token=518499913&user=-1355070315&config=3,3709,0,0
1778791376566,2770,HTTP Request,200,OK,Thread Group 1-18,text,true,,231,158,85,85,http://localhost:8079/?token=518499913&user=-1355070315&config=3,2770,0,0
1778791375614,3722,HTTP Request,200,OK,Thread Group 1-19,text,true,,231,158,85,85,http://localhost:8079/?token=518499913&user=-1355070315&config=3,3722,0,7
1778791376568,2768,HTTP Request,200,OK,Thread Group 1-16,text,true,,231,158,85,85,http://localhost:8079/?token=518499913&user=-1355070315&config=3,2768,0,0
1778791376572,2764,HTTP Request,200,OK,Thread Group 1-77,text,true,,231,158,85,85,http://localhost:8079/?token=518499913&user=-1355070315&config=3,2764,0,0
1778791376568,2768,HTTP Request,200,OK,Thread Group 1-79,text,true,,231,158,85,85,http://localhost:8079/?token=518499913&user=-1355070315&config=3,2768,0,0
1778791376570,2767,HTTP Request,200,OK,Thread Group 1-26,text,true,,231,158,85,85,http://localhost:8079/?token=518499913&user=-1355070315&config=3,2767,0,0
1778791376569,2768,HTTP Request,200,OK,Thread Group 1-38,text,true,,231,158,85,85,http://localhost:8079/?token=518499913&user=-1355070315&config=3,2768,0,0
1778791376569,2768,HTTP Request,200,OK,Thread Group 1-39,text,true,,231,158,85,85,http://localhost:8079/?token=518499913&user=-1355070315&config=3,2768,0,0
1778791376569,2768,HTTP Request,200,OK,Thread Group 1-47,text,true,,231,158,85,85,http://localhost:8079/?token=518499913&user=-1355070315&config=3,2768,0,0
1778791376569,2768,HTTP Request,200,OK,Thread Group 1-49,text,true,,231,158,85,85,http://localhost:8079/?token=518499913&user=-1355070315&config=3,2768,0,0
1778791376566,2771,HTTP Request,200,OK,Thread Group 1-46,text,true,,231,158,85,85,http://localhost:8079/?token=518499913&user=-1355070315&config=3,2771,0,0
1778791376569,2768,HTTP Request,200,OK,Thread Group 1-53,text,true,,231,158,85,85,http://localhost:8079/?token=518499913&user=-1355070315&config=3,2768,0,0
1778791376569,2768,HTTP Request,200,OK,Thread Group 1-55,text,true,,231,158,85,85,http://localhost:8079/?token=518499913&user=-1355070315&config=3,2768,0,0
1778791376569,2768,HTTP Request,200,OK,Thread Group 1-3,text,true,,231,158,85,85,http://localhost:8079/?token=518499913&user=-1355070315&config=3,2768,0,0
1778791376569,2768,HTTP Request,200,OK,Thread Group 1-69,text,true,,231,158,85,85,http://localhost:8079/?token=518499913&user=-1355070315&config=3,2768,0,0
1778791376569,2768,HTTP Request,200,OK,Thread Group 1-7,text,true,,231,158,85,85,http://localhost:8079/?token=518499913&user=-1355070315&config=3,2768,0,0
1778791376569,2768,HTTP Request,200,OK,Thread Group 1-9,text,true,,231,158,85,85,http://localhost:8079/?token=518499913&user=-1355070315&config=3,2768,0,0
1778791376569,2768,HTTP Request,200,OK,Thread Group 1-74,text,true,,231,158,85,85,http://localhost:8079/?token=518499913&user=-1355070315&config=3,2768,0,0
1778791376569,2779,HTTP Request,200,OK,Thread Group 1-33,text,true,,231,158,85,85,http://localhost:8079/?token=518499913&user=-1355070315&config=3,2779,0,0
1778791376572,3745,HTTP Request,200,OK,Thread Group 1-45,text,true,,231,158,86,86,http://localhost:8079/?token=518499913&user=-1355070315&config=3,3745,0,0
1778791377494,2827,HTTP Request,200,OK,Thread Group 1-64,text,true,,231,158,86,86,http://localhost:8079/?token=518499913&user=-1355070315&config=3,2827,0,0
1778791377499,2823,HTTP Request,200,OK,Thread Group 1-70,text,true,,231,158,86,86,http://localhost:8079/?token=518499913&user=-1355070315&config=3,2823,0,0
1778791377494,2828,HTTP Request,200,OK,Thread Group 1-65,text,true,,231,158,86,86,http://localhost:8079/?token=518499913&user=-1355070315&config=3,2828,0,0
1778791377499,2823,HTTP Request,200,OK,Thread Group 1-73,text,true,,231,158,86,86,http://localhost:8079/?token=518499913&user=-1355070315&config=3,2823,0,0
1778791377499,2823,HTTP Request,200,OK,Thread Group 1-75,text,true,,231,158,86,86,http://localhost:8079/?token=518499913&user=-1355070315&config=3,2823,0,0
1778791377257,3065,HTTP Request,200,OK,Thread Group 1-83,text,true,,231,158,86,86,http://localhost:8079/?token=518499913&user=-1355070315&config=3,3065,0,2
1778791377499,2824,HTTP Request,200,OK,Thread Group 1-25,text,true,,231,158,86,86,http://localhost:8079/?token=518499913&user=-1355070315&config=3,2824,0,0
1778791377491,2833,HTTP Request,200,OK,Thread Group 1-40,text,true,,231,158,86,86,http://localhost:8079/?token=518499913&user=-1355070315&config=3,2833,0,0
1778791377493,2833,HTTP Request,200,OK,Thread Group 1-2,text,true,,231,158,86,86,http://localhost:8079/?token=518499913&user=-1355070315&config=3,2833,0,0
1778791377500,2826,HTTP Request,200,OK,Thread Group 1-30,text,true,,231,158,86,86,http://localhost:8079/?token=518499913&user=-1355070315&config=3,2826,0,0
1778791377500,2826,HTTP Request,200,OK,Thread Group 1-42,text,true,,231,158,86,86,http://localhost:8079/?token=518499913&user=-1355070315&config=3,2826,0,0
1778791377507,2819,HTTP Request,200,OK,Thread Group 1-48,text,true,,231,158,86,86,http://localhost:8079/?token=518499913&user=-1355070315&config=3,2819,0,0
1778791377501,2825,HTTP Request,200,OK,Thread Group 1-51,text,true,,231,158,86,86,http://localhost:8079/?token=518499913&user=-1355070315&config=3,2825,0,0
1778791377501,2826,HTTP Request,200,OK,Thread Group 1-60,text,true,,231,158,86,86,http://localhost:8079/?token=518499913&user=-1355070315&config=3,2826,0,0
1778791377507,2820,HTTP Request,200,OK,Thread Group 1-61,text,true,,231,158,86,86,http://localhost:8079/?token=518499913&user=-1355070315&config=3,2820,0,0
1778791377501,2826,HTTP Request,200,OK,Thread Group 1-1,text,true,,231,158,86,86,http://localhost:8079/?token=518499913&user=-1355070315&config=3,2826,0,0
1778791377501,2826,HTTP Request,200,OK,Thread Group 1-11,text,true,,231,158,86,86,http://localhost:8079/?token=518499913&user=-1355070315&config=3,2826,0,0
1778791377501,2826,HTTP Request,200,OK,Thread Group 1-13,text,true,,231,158,86,86,http://localhost:8079/?token=518499913&user=-1355070315&config=3,2826,0,0
1778791377502,2825,HTTP Request,200,OK,Thread Group 1-17,text,true,,231,158,86,86,http://localhost:8079/?token=518499913&user=-1355070315&config=3,2825,0,0
1778791377502,2825,HTTP Request,200,OK,Thread Group 1-80,text,true,,231,158,86,86,http://localhost:8079/?token=518499913&user=-1355070315&config=3,2825,0,0
1778791376569,3757,HTTP Request,200,OK,Thread Group 1-20,text,true,,231,158,86,86,http://localhost:8079/?token=518499913&user=-1355070315&config=3,3757,0,1
1778791377507,2828,HTTP Request,200,OK,Thread Group 1-37,text,true,,231,158,86,86,http://localhost:8079/?token=518499913&user=-1355070315&config=3,2828,0,0
1778791377500,2835,HTTP Request,200,OK,Thread Group 1-34,text,true,,231,158,86,86,http://localhost:8079/?token=518499913&user=-1355070315&config=3,2835,0,0
1778791377501,2834,HTTP Request,200,OK,Thread Group 1-63,text,true,,231,158,86,86,http://localhost:8079/?token=518499913&user=-1355070315&config=3,2834,0,0
1778791377502,2833,HTTP Request,200,OK,Thread Group 1-12,text,true,,231,158,86,86,http://localhost:8079/?token=518499913&user=-1355070315&config=3,2833,0,0
1778791378375,2904,HTTP Request,200,OK,Thread Group 1-62,text,true,,231,158,87,87,http://localhost:8079/?token=518499913&user=-1355070315&config=3,2904,0,0
1778791378374,2905,HTTP Request,200,OK,Thread Group 1-66,text,true,,231,158,87,87,http://localhost:8079/?token=518499913&user=-1355070315&config=3,2905,0,0
1778791378375,2905,HTTP Request,200,OK,Thread Group 1-68,text,true,,231,158,87,87,http://localhost:8079/?token=518499913&user=-1355070315&config=3,2905,0,0
1778791378376,2904,HTTP Request,200,OK,Thread Group 1-71,text,true,,231,158,87,87,http://localhost:8079/?token=518499913&user=-1355070315&config=3,2904,0,0
1778791378376,2904,HTTP Request,200,OK,Thread Group 1-72,text,true,,231,158,87,87,http://localhost:8079/?token=518499913&user=-1355070315&config=3,2904,0,0
1778791378376,2905,HTTP Request,200,OK,Thread Group 1-14,text,true,,231,158,87,87,http://localhost:8079/?token=518499913&user=-1355070315&config=3,2905,0,0
1778791378377,2904,HTTP Request,200,OK,Thread Group 1-76,text,true,,231,158,87,87,http://localhost:8079/?token=518499913&user=-1355070315&config=3,2904,0,0
1778791378377,2907,HTTP Request,200,OK,Thread Group 1-78,text,true,,231,158,87,87,http://localhost:8079/?token=518499913&user=-1355070315&config=3,2907,0,0
1778791378256,3028,HTTP Request,200,OK,Thread Group 1-84,text,true,,231,158,87,87,http://localhost:8079/?token=518499913&user=-1355070315&config=3,3028,0,2
1778791378378,2906,HTTP Request,200,OK,Thread Group 1-27,text,true,,231,158,87,87,http://localhost:8079/?token=518499913&user=-1355070315&config=3,2906,0,0
1778791378378,2906,HTTP Request,200,OK,Thread Group 1-28,text,true,,231,158,87,87,http://localhost:8079/?token=518499913&user=-1355070315&config=3,2906,0,0
1778791377500,3785,HTTP Request,200,OK,Thread Group 1-29,text,true,,231,158,87,87,http://localhost:8079/?token=518499913&user=-1355070315&config=3,3785,0,0
1778791378378,2907,HTTP Request,200,OK,Thread Group 1-32,text,true,,231,158,87,87,http://localhost:8079/?token=518499913&user=-1355070315&config=3,2907,0,0
1778791378379,2906,HTTP Request,200,OK,Thread Group 1-36,text,true,,231,158,87,87,http://localhost:8079/?token=518499913&user=-1355070315&config=3,2906,0,0
1778791378379,2907,HTTP Request,200,OK,Thread Group 1-41,text,true,,231,158,87,87,http://localhost:8079/?token=518499913&user=-1355070315&config=3,2907,0,0
1778791378364,2922,HTTP Request,200,OK,Thread Group 1-52,text,true,,231,158,87,87,http://localhost:8079/?token=518499913&user=-1355070315&config=3,2922,0,0
1778791378380,2906,HTTP Request,200,OK,Thread Group 1-56,text,true,,231,158,87,87,http://localhost:8079/?token=518499913&user=-1355070315&config=3,2906,0,0
1778791378388,2898,HTTP Request,200,OK,Thread Group 1-57,text,true,,231,158,87,87,http://localhost:8079/?token=518499913&user=-1355070315&config=3,2898,0,0
1778791378380,2906,HTTP Request,200,OK,Thread Group 1-58,text,true,,231,158,87,87,http://localhost:8079/?token=518499913&user=-1355070315&config=3,2906,0,0
1778791377501,3785,HTTP Request,200,OK,Thread Group 1-5,text,true,,231,158,87,87,http://localhost:8079/?token=518499913&user=-1355070315&config=3,3785,0,0
1778791378380,2906,HTTP Request,200,OK,Thread Group 1-59,text,true,,231,158,87,87,http://localhost:8079/?token=518499913&user=-1355070315&config=3,2906,0,0
1778791378380,2906,HTTP Request,200,OK,Thread Group 1-8,text,true,,231,158,87,87,http://localhost:8079/?token=518499913&user=-1355070315&config=3,2906,0,0
1778791378388,2898,HTTP Request,200,OK,Thread Group 1-6,text,true,,231,158,87,87,http://localhost:8079/?token=518499913&user=-1355070315&config=3,2898,0,0
1778791378389,2897,HTTP Request,200,OK,Thread Group 1-15,text,true,,231,158,87,87,http://localhost:8079/?token=518499913&user=-1355070315&config=3,2897,0,0
1778791377499,3787,HTTP Request,200,OK,Thread Group 1-21,text,true,,231,158,87,87,http://localhost:8079/?token=518499913&user=-1355070315&config=3,3787,0,3
1778791378380,2907,HTTP Request,200,OK,Thread Group 1-81,text,true,,231,158,87,87,http://localhost:8079/?token=518499913&user=-1355070315&config=3,2906,0,0
1778791377507,3780,HTTP Request,200,OK,Thread Group 1-23,text,true,,231,158,87,87,http://localhost:8079/?token=518499913&user=-1355070315&config=3,3780,0,1
1778791378379,2913,HTTP Request,200,OK,Thread Group 1-43,text,true,,231,158,87,87,http://localhost:8079/?token=518499913&user=-1355070315&config=3,2913,0,0
1778791378380,2912,HTTP Request,200,OK,Thread Group 1-4,text,true,,231,158,87,87,http://localhost:8079/?token=518499913&user=-1355070315&config=3,2912,0,0
1778791378377,3739,HTTP Request,200,OK,Thread Group 1-24,text,true,,231,158,87,87,http://localhost:8079/?token=518499913&user=-1355070315&config=3,3739,0,3
1778791379334,2787,HTTP Request,200,OK,Thread Group 1-67,text,true,,231,158,87,87,http://localhost:8079/?token=518499913&user=-1355070315&config=3,2787,0,0
1778791379335,2786,HTTP Request,200,OK,Thread Group 1-10,text,true,,231,158,87,87,http://localhost:8079/?token=518499913&user=-1355070315&config=3,2786,0,0
1778791379335,2787,HTTP Request,200,OK,Thread Group 1-82,text,true,,231,158,87,87,http://localhost:8079/?token=518499913&user=-1355070315&config=3,2787,0,0
1778791379337,2785,HTTP Request,200,OK,Thread Group 1-16,text,true,,231,158,87,87,http://localhost:8079/?token=518499913&user=-1355070315&config=3,2785,0,0
1778791379337,2785,HTTP Request,200,OK,Thread Group 1-26,text,true,,231,158,87,87,http://localhost:8079/?token=518499913&user=-1355070315&config=3,2785,0,0
1778791379254,2868,HTTP Request,200,OK,Thread Group 1-85,text,true,,231,158,87,87,http://localhost:8079/?token=518499913&user=-1355070315&config=3,2868,0,0
1778791379336,2786,HTTP Request,200,OK,Thread Group 1-31,text,true,,231,158,87,87,http://localhost:8079/?token=518499913&user=-1355070315&config=3,2786,0,0
1778791379349,2774,HTTP Request,200,OK,Thread Group 1-33,text,true,,231,158,87,87,http://localhost:8079/?token=518499913&user=-1355070315&config=3,2774,0,0
1778791379336,2787,HTTP Request,200,OK,Thread Group 1-35,text,true,,231,158,87,87,http://localhost:8079/?token=518499913&user=-1355070315&config=3,2787,0,0
1778791379337,2787,HTTP Request,200,OK,Thread Group 1-38,text,true,,231,158,87,87,http://localhost:8079/?token=518499913&user=-1355070315&config=3,2787,0,0
1778791379337,2787,HTTP Request,200,OK,Thread Group 1-39,text,true,,231,158,87,87,http://localhost:8079/?token=518499913&user=-1355070315&config=3,2787,0,0
1778791379336,2789,HTTP Request,200,OK,Thread Group 1-44,text,true,,231,158,87,87,http://localhost:8079/?token=518499913&user=-1355070315&config=3,2789,0,0
1778791379337,2788,HTTP Request,200,OK,Thread Group 1-47,text,true,,231,158,87,87,http://localhost:8079/?token=518499913&user=-1355070315&config=3,2788,0,0
1778791379336,2789,HTTP Request,200,OK,Thread Group 1-50,text,true,,231,158,87,87,http://localhost:8079/?token=518499913&user=-1355070315&config=3,2789,0,0
1778791379337,2788,HTTP Request,200,OK,Thread Group 1-53,text,true,,231,158,87,87,http://localhost:8079/?token=518499913&user=-1355070315&config=3,2788,0,0
1778791379336,2789,HTTP Request,200,OK,Thread Group 1-54,text,true,,231,158,87,87,http://localhost:8079/?token=518499913&user=-1355070315&config=3,2789,0,0
1778791379337,2788,HTTP Request,200,OK,Thread Group 1-55,text,true,,231,158,87,87,http://localhost:8079/?token=518499913&user=-1355070315&config=3,2788,0,0
1778791379337,2788,HTTP Request,200,OK,Thread Group 1-69,text,true,,231,158,87,87,http://localhost:8079/?token=518499913&user=-1355070315&config=3,2788,0,0
1778791379337,2788,HTTP Request,200,OK,Thread Group 1-9,text,true,,231,158,87,87,http://localhost:8079/?token=518499913&user=-1355070315&config=3,2788,0,0
1778791379338,2787,HTTP Request,200,OK,Thread Group 1-74,text,true,,231,158,87,87,http://localhost:8079/?token=518499913&user=-1355070315&config=3,2787,0,0
1778791379336,2789,HTTP Request,200,OK,Thread Group 1-18,text,true,,231,158,87,87,http://localhost:8079/?token=518499913&user=-1355070315&config=3,2789,0,0
1778791379337,2802,HTTP Request,200,OK,Thread Group 1-46,text,true,,231,158,87,87,http://localhost:8079/?token=518499913&user=-1355070315&config=3,2802,0,0
1778791379337,2804,HTTP Request,200,OK,Thread Group 1-49,text,true,,231,158,87,87,http://localhost:8079/?token=518499913&user=-1355070315&config=3,2804,0,0
1778791379337,2805,HTTP Request,200,OK,Thread Group 1-7,text,true,,231,158,87,87,http://localhost:8079/?token=518499913&user=-1355070315&config=3,2805,0,0
1778791379337,2805,HTTP Request,200,OK,Thread Group 1-3,text,true,,231,158,87,87,http://localhost:8079/?token=518499913&user=-1355070315&config=3,2805,0,0
1778791380322,2964,HTTP Request,200,OK,Thread Group 1-73,text,true,,231,158,89,89,http://localhost:8079/?token=518499913&user=-1355070315&config=3,2964,0,0
1778791380321,2966,HTTP Request,200,OK,Thread Group 1-64,text,true,,231,158,89,89,http://localhost:8079/?token=518499913&user=-1355070315&config=3,2966,0,0
1778791379337,3951,HTTP Request,200,OK,Thread Group 1-77,text,true,,231,158,89,89,http://localhost:8079/?token=518499913&user=-1355070315&config=3,3951,0,0
1778791380322,2966,HTTP Request,200,OK,Thread Group 1-75,text,true,,231,158,89,89,http://localhost:8079/?token=518499913&user=-1355070315&config=3,2966,0,0
1778791379337,3952,HTTP Request,200,OK,Thread Group 1-79,text,true,,231,158,89,89,http://localhost:8079/?token=518499913&user=-1355070315&config=3,3952,0,0
1778791380323,2967,HTTP Request,200,OK,Thread Group 1-83,text,true,,231,158,89,89,http://localhost:8079/?token=518499913&user=-1355070315&config=3,2966,0,0
1778791380256,3035,HTTP Request,200,OK,Thread Group 1-86,text,true,,231,158,89,89,http://localhost:8079/?token=518499913&user=-1355070315&config=3,3035,0,2
1778791380326,2965,HTTP Request,200,OK,Thread Group 1-42,text,true,,231,158,89,89,http://localhost:8079/?token=518499913&user=-1355070315&config=3,2965,0,0
1778791380327,2964,HTTP Request,200,OK,Thread Group 1-60,text,true,,231,158,89,89,http://localhost:8079/?token=518499913&user=-1355070315&config=3,2964,0,0
1778791380327,2964,HTTP Request,200,OK,Thread Group 1-1,text,true,,231,158,89,89,http://localhost:8079/?token=518499913&user=-1355070315&config=3,2964,0,0
1778791380327,2964,HTTP Request,200,OK,Thread Group 1-11,text,true,,231,158,89,89,http://localhost:8079/?token=518499913&user=-1355070315&config=3,2964,0,0
1778791380327,2965,HTTP Request,200,OK,Thread Group 1-13,text,true,,231,158,89,89,http://localhost:8079/?token=518499913&user=-1355070315&config=3,2965,0,0
1778791380327,2965,HTTP Request,200,OK,Thread Group 1-17,text,true,,231,158,89,89,http://localhost:8079/?token=518499913&user=-1355070315&config=3,2965,0,0
1778791380327,2965,HTTP Request,200,OK,Thread Group 1-80,text,true,,231,158,89,89,http://localhost:8079/?token=518499913&user=-1355070315&config=3,2965,0,0
1778791379336,3956,HTTP Request,200,OK,Thread Group 1-19,text,true,,231,158,89,89,http://localhost:8079/?token=518499913&user=-1355070315&config=3,3956,0,0
1778791379336,3956,HTTP Request,200,OK,Thread Group 1-22,text,true,,231,158,89,89,http://localhost:8079/?token=518499913&user=-1355070315&config=3,3956,0,2
1778791380322,3056,HTTP Request,200,OK,Thread Group 1-70,text,true,,231,158,89,89,http://localhost:8079/?token=518499913&user=-1355070315&config=3,3056,0,0
1778791380322,3056,HTTP Request,200,OK,Thread Group 1-65,text,true,,231,158,89,89,http://localhost:8079/?token=518499913&user=-1355070315&config=3,3056,0,0
1778791381279,2098,HTTP Request,200,OK,Thread Group 1-72,text,true,,231,158,89,89,http://localhost:8079/?token=518499913&user=-1355070315&config=3,2098,0,0
1778791381281,2097,HTTP Request,200,OK,Thread Group 1-14,text,true,,231,158,89,89,http://localhost:8079/?token=518499913&user=-1355070315&config=3,2097,0,0
1778791380326,3053,HTTP Request,200,OK,Thread Group 1-30,text,true,,231,158,89,89,http://localhost:8079/?token=518499913&user=-1355070315&config=3,3053,0,0
1778791380335,3044,HTTP Request,200,OK,Thread Group 1-34,text,true,,231,158,89,89,http://localhost:8079/?token=518499913&user=-1355070315&config=3,3044,0,0
1778791380335,3045,HTTP Request,200,OK,Thread Group 1-37,text,true,,231,158,89,89,http://localhost:8079/?token=518499913&user=-1355070315&config=3,3045,0,0
1778791380325,3055,HTTP Request,200,OK,Thread Group 1-40,text,true,,231,158,89,89,http://localhost:8079/?token=518499913&user=-1355070315&config=3,3055,0,0
1778791380321,3059,HTTP Request,200,OK,Thread Group 1-45,text,true,,231,158,89,89,http://localhost:8079/?token=518499913&user=-1355070315&config=3,3059,0,0
1778791380326,3054,HTTP Request,200,OK,Thread Group 1-48,text,true,,231,158,89,89,http://localhost:8079/?token=518499913&user=-1355070315&config=3,3054,0,0
1778791380327,3054,HTTP Request,200,OK,Thread Group 1-51,text,true,,231,158,89,89,http://localhost:8079/?token=518499913&user=-1355070315&config=3,3054,0,0
1778791380327,3055,HTTP Request,200,OK,Thread Group 1-61,text,true,,231,158,89,89,http://localhost:8079/?token=518499913&user=-1355070315&config=3,3055,0,0
1778791380335,3048,HTTP Request,200,OK,Thread Group 1-63,text,true,,231,158,89,89,http://localhost:8079/?token=518499913&user=-1355070315&config=3,3048,0,0
1778791380326,3057,HTTP Request,200,OK,Thread Group 1-2,text,true,,231,158,89,89,http://localhost:8079/?token=518499913&user=-1355070315&config=3,3057,0,0
1778791380335,3048,HTTP Request,200,OK,Thread Group 1-12,text,true,,231,158,89,89,http://localhost:8079/?token=518499913&user=-1355070315&config=3,3048,0,0
1778791380329,3055,HTTP Request,200,OK,Thread Group 1-20,text,true,,231,158,89,89,http://localhost:8079/?token=518499913&user=-1355070315&config=3,3055,0,0
1778791380323,3061,HTTP Request,200,OK,Thread Group 1-25,text,true,,231,158,89,89,http://localhost:8079/?token=518499913&user=-1355070315&config=3,3061,0,7
1778791381286,3136,HTTP Request,200,OK,Thread Group 1-62,text,true,,231,158,90,90,http://localhost:8079/?token=518499913&user=-1355070315&config=3,3136,0,0
1778791381283,3144,HTTP Request,200,OK,Thread Group 1-78,text,true,,231,158,90,90,http://localhost:8079/?token=518499913&user=-1355070315&config=3,3144,0,0
1778791381283,3145,HTTP Request,200,OK,Thread Group 1-84,text,true,,231,158,90,90,http://localhost:8079/?token=518499913&user=-1355070315&config=3,3145,0,0
1778791382116,2312,HTTP Request,200,OK,Thread Group 1-24,text,true,,231,158,90,90,http://localhost:8079/?token=518499913&user=-1355070315&config=3,2312,0,0
1778791381284,3144,HTTP Request,200,OK,Thread Group 1-28,text,true,,231,158,90,90,http://localhost:8079/?token=518499913&user=-1355070315&config=3,3144,0,0
1778791381284,3144,HTTP Request,200,OK,Thread Group 1-32,text,true,,231,158,90,90,http://localhost:8079/?token=518499913&user=-1355070315&config=3,3144,0,0
1778791381284,3145,HTTP Request,200,OK,Thread Group 1-36,text,true,,231,158,90,90,http://localhost:8079/?token=518499913&user=-1355070315&config=3,3145,0,0
1778791381285,3144,HTTP Request,200,OK,Thread Group 1-41,text,true,,231,158,90,90,http://localhost:8079/?token=518499913&user=-1355070315&config=3,3144,0,0
1778791381291,3138,HTTP Request,200,OK,Thread Group 1-43,text,true,,231,158,90,90,http://localhost:8079/?token=518499913&user=-1355070315&config=3,3138,0,0
1778791381285,3144,HTTP Request,200,OK,Thread Group 1-52,text,true,,231,158,90,90,http://localhost:8079/?token=518499913&user=-1355070315&config=3,3144,0,0
1778791381285,3144,HTTP Request,200,OK,Thread Group 1-56,text,true,,231,158,90,90,http://localhost:8079/?token=518499913&user=-1355070315&config=3,3144,0,0
1778791381285,3144,HTTP Request,200,OK,Thread Group 1-5,text,true,,231,158,90,90,http://localhost:8079/?token=518499913&user=-1355070315&config=3,3144,0,0
1778791381291,3138,HTTP Request,200,OK,Thread Group 1-4,text,true,,231,158,90,90,http://localhost:8079/?token=518499913&user=-1355070315&config=3,3138,0,0
1778791381285,3144,HTTP Request,200,OK,Thread Group 1-59,text,true,,231,158,90,90,http://localhost:8079/?token=518499913&user=-1355070315&config=3,3144,0,0
1778791381285,3144,HTTP Request,200,OK,Thread Group 1-58,text,true,,231,158,90,90,http://localhost:8079/?token=518499913&user=-1355070315&config=3,3144,0,0
1778791381285,3144,HTTP Request,200,OK,Thread Group 1-57,text,true,,231,158,90,90,http://localhost:8079/?token=518499913&user=-1355070315&config=3,3144,0,0
1778791381285,3144,HTTP Request,200,OK,Thread Group 1-6,text,true,,231,158,90,90,http://localhost:8079/?token=518499913&user=-1355070315&config=3,3144,0,0
1778791381285,3145,HTTP Request,200,OK,Thread Group 1-15,text,true,,231,158,90,90,http://localhost:8079/?token=518499913&user=-1355070315&config=3,3145,0,0
1778791381286,3144,HTTP Request,200,OK,Thread Group 1-81,text,true,,231,158,90,90,http://localhost:8079/?token=518499913&user=-1355070315&config=3,3144,0,0
1778791381285,3145,HTTP Request,200,OK,Thread Group 1-21,text,true,,231,158,90,90,http://localhost:8079/?token=518499913&user=-1355070315&config=3,3145,0,0
1778791381285,3145,HTTP Request,200,OK,Thread Group 1-8,text,true,,231,158,90,90,http://localhost:8079/?token=518499913&user=-1355070315&config=3,3145,0,0
1778791381280,3146,HTTP Request,200,OK,Thread Group 1-76,text,true,,231,158,90,90,http://localhost:8079/?token=518499913&user=-1355070315&config=3,3146,0,0
1778791381279,3146,HTTP Request,200,OK,Thread Group 1-66,text,true,,231,158,90,90,http://localhost:8079/?token=518499913&user=-1355070315&config=3,3146,0,0
1778791381286,3144,HTTP Request,200,OK,Thread Group 1-23,text,true,,231,158,90,90,http://localhost:8079/?token=518499913&user=-1355070315&config=3,3144,0,0
1778791381279,3147,HTTP Request,200,OK,Thread Group 1-71,text,true,,231,158,90,90,http://localhost:8079/?token=518499913&user=-1355070315&config=3,3147,0,0
1778791381279,3147,HTTP Request,200,OK,Thread Group 1-68,text,true,,231,158,90,90,http://localhost:8079/?token=518499913&user=-1355070315&config=3,3147,0,0
1778791382120,2305,HTTP Request,200,OK,Thread Group 1-67,text,true,,231,158,90,90,http://localhost:8079/?token=518499913&user=-1355070315&config=3,2305,0,0
1778791381253,3182,HTTP Request,200,OK,Thread Group 1-87,text,true,,231,158,90,90,http://localhost:8079/?token=518499913&user=-1355070315&config=3,3182,0,3
1778791381284,3151,HTTP Request,200,OK,Thread Group 1-29,text,true,,231,158,90,90,http://localhost:8079/?token=518499913&user=-1355070315&config=3,3151,0,0
1778791382121,2314,HTTP Request,200,OK,Thread Group 1-85,text,true,,231,158,90,90,http://localhost:8079/?token=518499913&user=-1355070315&config=3,2314,0,0
1778791381283,4568,HTTP Request,200,OK,Thread Group 1-27,text,true,,231,158,91,91,http://localhost:8079/?token=518499913&user=-1355070315&config=3,4568,0,3
1778791382122,3731,HTTP Request,200,OK,Thread Group 1-31,text,true,,231,158,91,91,http://localhost:8079/?token=518499913&user=-1355070315&config=3,3731,0,0
1778791382121,3732,HTTP Request,200,OK,Thread Group 1-82,text,true,,231,158,91,91,http://localhost:8079/?token=518499913&user=-1355070315&config=3,3732,0,0
1778791382122,3732,HTTP Request,200,OK,Thread Group 1-33,text,true,,231,158,91,91,http://localhost:8079/?token=518499913&user=-1355070315&config=3,3732,0,0
1778791382122,3732,HTTP Request,200,OK,Thread Group 1-35,text,true,,231,158,91,91,http://localhost:8079/?token=518499913&user=-1355070315&config=3,3732,0,0
1778791382123,3732,HTTP Request,200,OK,Thread Group 1-38,text,true,,231,158,91,91,http://localhost:8079/?token=518499913&user=-1355070315&config=3,3732,0,0
1778791382124,3731,HTTP Request,200,OK,Thread Group 1-39,text,true,,231,158,91,91,http://localhost:8079/?token=518499913&user=-1355070315&config=3,3731,0,0
1778791382124,3732,HTTP Request,200,OK,Thread Group 1-44,text,true,,231,158,91,91,http://localhost:8079/?token=518499913&user=-1355070315&config=3,3732,0,0
1778791382124,3732,HTTP Request,200,OK,Thread Group 1-47,text,true,,231,158,91,91,http://localhost:8079/?token=518499913&user=-1355070315&config=3,3732,0,0
1778791382124,3732,HTTP Request,200,OK,Thread Group 1-53,text,true,,231,158,91,91,http://localhost:8079/?token=518499913&user=-1355070315&config=3,3732,0,0
1778791382124,3732,HTTP Request,200,OK,Thread Group 1-54,text,true,,231,158,91,91,http://localhost:8079/?token=518499913&user=-1355070315&config=3,3732,0,0
1778791382120,3738,HTTP Request,200,OK,Thread Group 1-10,text,true,,231,158,91,91,http://localhost:8079/?token=518499913&user=-1355070315&config=3,3737,0,0
1778791383287,2571,HTTP Request,200,OK,Thread Group 1-75,text,true,,231,158,91,91,http://localhost:8079/?token=518499913&user=-1355070315&config=3,2571,0,0
1778791382121,3737,HTTP Request,200,OK,Thread Group 1-16,text,true,,231,158,91,91,http://localhost:8079/?token=518499913&user=-1355070315&config=3,3737,0,0
1778791383289,2569,HTTP Request,200,OK,Thread Group 1-79,text,true,,231,158,91,91,http://localhost:8079/?token=518499913&user=-1355070315&config=3,2569,0,0
1778791383290,2568,HTTP Request,200,OK,Thread Group 1-83,text,true,,231,158,91,91,http://localhost:8079/?token=518499913&user=-1355070315&config=3,2568,0,0
1778791383290,2569,HTTP Request,200,OK,Thread Group 1-86,text,true,,231,158,91,91,http://localhost:8079/?token=518499913&user=-1355070315&config=3,2569,0,0
1778791382255,3604,HTTP Request,200,OK,Thread Group 1-88,text,true,,231,158,91,91,http://localhost:8079/?token=518499913&user=-1355070315&config=3,3604,0,2
1778791382121,3738,HTTP Request,200,OK,Thread Group 1-26,text,true,,231,158,91,91,http://localhost:8079/?token=518499913&user=-1355070315&config=3,3738,0,4
1778791382139,3720,HTTP Request,200,OK,Thread Group 1-46,text,true,,231,158,91,91,http://localhost:8079/?token=518499913&user=-1355070315&config=3,3720,0,0
1778791382141,3719,HTTP Request,200,OK,Thread Group 1-49,text,true,,231,158,91,91,http://localhost:8079/?token=518499913&user=-1355070315&config=3,3719,0,0
1778791382124,3736,HTTP Request,200,OK,Thread Group 1-50,text,true,,231,158,91,91,http://localhost:8079/?token=518499913&user=-1355070315&config=3,3736,0,0
1778791382124,3736,HTTP Request,200,OK,Thread Group 1-55,text,true,,231,158,91,91,http://localhost:8079/?token=518499913&user=-1355070315&config=3,3736,0,0
1778791382142,3718,HTTP Request,200,OK,Thread Group 1-3,text,true,,231,158,91,91,http://localhost:8079/?token=518499913&user=-1355070315&config=3,3718,0,0
1778791382141,3720,HTTP Request,200,OK,Thread Group 1-7,text,true,,231,158,91,91,http://localhost:8079/?token=518499913&user=-1355070315&config=3,3720,0,0
1778791382124,3737,HTTP Request,200,OK,Thread Group 1-9,text,true,,231,158,91,91,http://localhost:8079/?token=518499913&user=-1355070315&config=3,3737,0,0
1778791382124,3737,HTTP Request,200,OK,Thread Group 1-74,text,true,,231,158,91,91,http://localhost:8079/?token=518499913&user=-1355070315&config=3,3737,0,0
1778791383291,2570,HTTP Request,200,OK,Thread Group 1-13,text,true,,231,158,91,91,http://localhost:8079/?token=518499913&user=-1355070315&config=3,2570,0,0
1778791382125,3737,HTTP Request,200,OK,Thread Group 1-18,text,true,,231,158,91,91,http://localhost:8079/?token=518499913&user=-1355070315&config=3,3737,0,0
1778791383291,2571,HTTP Request,200,OK,Thread Group 1-80,text,true,,231,158,91,91,http://localhost:8079/?token=518499913&user=-1355070315&config=3,2571,0,0
1778791383291,2571,HTTP Request,200,OK,Thread Group 1-22,text,true,,231,158,91,91,http://localhost:8079/?token=518499913&user=-1355070315&config=3,2571,0,0
1778791383250,2612,HTTP Request,200,OK,Thread Group 1-89,text,true,,231,158,91,91,http://localhost:8079/?token=518499913&user=-1355070315&config=3,2612,0,2
1778791382124,3736,HTTP Request,200,OK,Thread Group 1-69,text,true,,231,158,91,91,http://localhost:8079/?token=518499913&user=-1355070315&config=3,3736,0,0
1778791383286,2587,HTTP Request,200,OK,Thread Group 1-73,text,true,,231,158,91,91,http://localhost:8079/?token=518499913&user=-1355070315&config=3,2586,0,0
1778791383287,2586,HTTP Request,200,OK,Thread Group 1-77,text,true,,231,158,91,91,http://localhost:8079/?token=518499913&user=-1355070315&config=3,2586,0,0
1778791383291,2582,HTTP Request,200,OK,Thread Group 1-11,text,true,,231,158,91,91,http://localhost:8079/?token=518499913&user=-1355070315&config=3,2582,0,0
1778791383291,2582,HTTP Request,200,OK,Thread Group 1-19,text,true,,231,158,91,91,http://localhost:8079/?token=518499913&user=-1355070315&config=3,2582,0,0
1778791383286,3895,HTTP Request,200,OK,Thread Group 1-64,text,true,,231,158,92,92,http://localhost:8079/?token=518499913&user=-1355070315&config=3,3895,0,0
1778791383290,3891,HTTP Request,200,OK,Thread Group 1-42,text,true,,231,158,92,92,http://localhost:8079/?token=518499913&user=-1355070315&config=3,3891,0,0
1778791383378,3805,HTTP Request,200,OK,Thread Group 1-70,text,true,,231,158,92,92,http://localhost:8079/?token=518499913&user=-1355070315&config=3,3805,0,0
1778791383383,3800,HTTP Request,200,OK,Thread Group 1-65,text,true,,231,158,92,92,http://localhost:8079/?token=518499913&user=-1355070315&config=3,3800,0,0
1778791383378,3805,HTTP Request,200,OK,Thread Group 1-72,text,true,,231,158,92,92,http://localhost:8079/?token=518499913&user=-1355070315&config=3,3805,0,0
1778791383378,3805,HTTP Request,200,OK,Thread Group 1-14,text,true,,231,158,92,92,http://localhost:8079/?token=518499913&user=-1355070315&config=3,3805,0,0
1778791383379,3804,HTTP Request,200,OK,Thread Group 1-34,text,true,,231,158,92,92,http://localhost:8079/?token=518499913&user=-1355070315&config=3,3804,0,0
1778791383378,3805,HTTP Request,200,OK,Thread Group 1-30,text,true,,231,158,92,92,http://localhost:8079/?token=518499913&user=-1355070315&config=3,3805,0,0
1778791383379,3804,HTTP Request,200,OK,Thread Group 1-37,text,true,,231,158,92,92,http://localhost:8079/?token=518499913&user=-1355070315&config=3,3804,0,0
1778791383379,3805,HTTP Request,200,OK,Thread Group 1-40,text,true,,231,158,92,92,http://localhost:8079/?token=518499913&user=-1355070315&config=3,3805,0,0
1778791383379,3806,HTTP Request,200,OK,Thread Group 1-45,text,true,,231,158,92,92,http://localhost:8079/?token=518499913&user=-1355070315&config=3,3806,0,0
1778791383379,3806,HTTP Request,200,OK,Thread Group 1-48,text,true,,231,158,92,92,http://localhost:8079/?token=518499913&user=-1355070315&config=3,3806,0,0
1778791383290,3895,HTTP Request,200,OK,Thread Group 1-60,text,true,,231,158,92,92,http://localhost:8079/?token=518499913&user=-1355070315&config=3,3895,0,0
1778791383380,3806,HTTP Request,200,OK,Thread Group 1-51,text,true,,231,158,92,92,http://localhost:8079/?token=518499913&user=-1355070315&config=3,3806,0,0
1778791383382,3804,HTTP Request,200,OK,Thread Group 1-61,text,true,,231,158,92,92,http://localhost:8079/?token=518499913&user=-1355070315&config=3,3804,0,0
1778791383290,3896,HTTP Request,200,OK,Thread Group 1-1,text,true,,231,158,92,92,http://localhost:8079/?token=518499913&user=-1355070315&config=3,3896,0,0
1778791383382,3804,HTTP Request,200,OK,Thread Group 1-63,text,true,,231,158,92,92,http://localhost:8079/?token=518499913&user=-1355070315&config=3,3804,0,0
1778791383383,3803,HTTP Request,200,OK,Thread Group 1-2,text,true,,231,158,92,92,http://localhost:8079/?token=518499913&user=-1355070315&config=3,3803,0,0
1778791383383,3803,HTTP Request,200,OK,Thread Group 1-12,text,true,,231,158,92,92,http://localhost:8079/?token=518499913&user=-1355070315&config=3,3803,0,0
1778791383291,3895,HTTP Request,200,OK,Thread Group 1-17,text,true,,231,158,92,92,http://localhost:8079/?token=518499913&user=-1355070315&config=3,3895,0,0
1778791383383,3804,HTTP Request,200,OK,Thread Group 1-20,text,true,,231,158,92,92,http://localhost:8079/?token=518499913&user=-1355070315&config=3,3804,0,0
1778791383386,3801,HTTP Request,200,OK,Thread Group 1-25,text,true,,231,158,92,92,http://localhost:8079/?token=518499913&user=-1355070315&config=3,3801,0,0
1778791384427,2771,HTTP Request,200,OK,Thread Group 1-62,text,true,,231,158,92,92,http://localhost:8079/?token=518499913&user=-1355070315&config=3,2771,0,0
1778791384430,2770,HTTP Request,200,OK,Thread Group 1-76,text,true,,231,158,92,92,http://localhost:8079/?token=518499913&user=-1355070315&config=3,2770,0,0
1778791384427,2773,HTTP Request,200,OK,Thread Group 1-78,text,true,,231,158,92,92,http://localhost:8079/?token=518499913&user=-1355070315&config=3,2773,0,0
1778791384428,2772,HTTP Request,200,OK,Thread Group 1-32,text,true,,231,158,92,92,http://localhost:8079/?token=518499913&user=-1355070315&config=3,2772,0,0
1778791384428,2772,HTTP Request,200,OK,Thread Group 1-24,text,true,,231,158,92,92,http://localhost:8079/?token=518499913&user=-1355070315&config=3,2772,0,0
1778791384430,2770,HTTP Request,200,OK,Thread Group 1-66,text,true,,231,158,92,92,http://localhost:8079/?token=518499913&user=-1355070315&config=3,2770,0,0
1778791384428,2772,HTTP Request,200,OK,Thread Group 1-84,text,true,,231,158,92,92,http://localhost:8079/?token=518499913&user=-1355070315&config=3,2772,0,0
1778791384429,2771,HTTP Request,200,OK,Thread Group 1-36,text,true,,231,158,92,92,http://localhost:8079/?token=518499913&user=-1355070315&config=3,2771,0,0
1778791384254,2947,HTTP Request,200,OK,Thread Group 1-90,text,true,,231,158,92,92,http://localhost:8079/?token=518499913&user=-1355070315&config=3,2947,0,2
1778791384429,2772,HTTP Request,200,OK,Thread Group 1-56,text,true,,231,158,92,92,http://localhost:8079/?token=518499913&user=-1355070315&config=3,2772,0,0
1778791384430,4476,HTTP Request,200,OK,Thread Group 1-67,text,true,,231,158,94,94,http://localhost:8079/?token=518499913&user=-1355070315&config=3,4476,0,0
1778791384430,4476,HTTP Request,200,OK,Thread Group 1-68,text,true,,231,158,94,94,http://localhost:8079/?token=518499913&user=-1355070315&config=3,4476,0,0
1778791384435,4472,HTTP Request,200,OK,Thread Group 1-85,text,true,,231,158,94,94,http://localhost:8079/?token=518499913&user=-1355070315&config=3,4472,0,0
1778791384430,4477,HTTP Request,200,OK,Thread Group 1-71,text,true,,231,158,94,94,http://localhost:8079/?token=518499913&user=-1355070315&config=3,4477,0,0
1778791384435,4472,HTTP Request,200,OK,Thread Group 1-87,text,true,,231,158,94,94,http://localhost:8079/?token=518499913&user=-1355070315&config=3,4472,0,0
1778791385247,3660,HTTP Request,200,OK,Thread Group 1-91,text,true,,231,158,94,94,http://localhost:8079/?token=518499913&user=-1355070315&config=3,3660,0,2
1778791385854,3053,HTTP Request,200,OK,Thread Group 1-33,text,true,,231,158,94,94,http://localhost:8079/?token=518499913&user=-1355070315&config=3,3053,0,0
1778791385856,3052,HTTP Request,200,OK,Thread Group 1-39,text,true,,231,158,94,94,http://localhost:8079/?token=518499913&user=-1355070315&config=3,3052,0,0
1778791384429,4479,HTTP Request,200,OK,Thread Group 1-41,text,true,,231,158,94,94,http://localhost:8079/?token=518499913&user=-1355070315&config=3,4479,0,0
1778791384429,4479,HTTP Request,200,OK,Thread Group 1-43,text,true,,231,158,94,94,http://localhost:8079/?token=518499913&user=-1355070315&config=3,4479,0,0
1778791384429,4479,HTTP Request,200,OK,Thread Group 1-52,text,true,,231,158,94,94,http://localhost:8079/?token=518499913&user=-1355070315&config=3,4479,0,0
1778791385856,3052,HTTP Request,200,OK,Thread Group 1-44,text,true,,231,158,94,94,http://localhost:8079/?token=518499913&user=-1355070315&config=3,3052,0,0
1778791384430,4479,HTTP Request,200,OK,Thread Group 1-58,text,true,,231,158,94,94,http://localhost:8079/?token=518499913&user=-1355070315&config=3,4479,0,0
1778791384430,4479,HTTP Request,200,OK,Thread Group 1-57,text,true,,231,158,94,94,http://localhost:8079/?token=518499913&user=-1355070315&config=3,4479,0,0
1778791384430,4479,HTTP Request,200,OK,Thread Group 1-4,text,true,,231,158,94,94,http://localhost:8079/?token=518499913&user=-1355070315&config=3,4479,0,0
1778791384430,4479,HTTP Request,200,OK,Thread Group 1-59,text,true,,231,158,94,94,http://localhost:8079/?token=518499913&user=-1355070315&config=3,4479,0,0
1778791384429,4480,HTTP Request,200,OK,Thread Group 1-5,text,true,,231,158,94,94,http://localhost:8079/?token=518499913&user=-1355070315&config=3,4480,0,0
1778791384429,4480,HTTP Request,200,OK,Thread Group 1-6,text,true,,231,158,94,94,http://localhost:8079/?token=518499913&user=-1355070315&config=3,4480,0,0
1778791384430,4479,HTTP Request,200,OK,Thread Group 1-8,text,true,,231,158,94,94,http://localhost:8079/?token=518499913&user=-1355070315&config=3,4479,0,0
1778791384430,4479,HTTP Request,200,OK,Thread Group 1-15,text,true,,231,158,94,94,http://localhost:8079/?token=518499913&user=-1355070315&config=3,4479,0,0
1778791384430,4479,HTTP Request,200,OK,Thread Group 1-81,text,true,,231,158,94,94,http://localhost:8079/?token=518499913&user=-1355070315&config=3,4479,0,0
1778791384430,4479,HTTP Request,200,OK,Thread Group 1-21,text,true,,231,158,94,94,http://localhost:8079/?token=518499913&user=-1355070315&config=3,4479,0,0
1778791384430,4480,HTTP Request,200,OK,Thread Group 1-23,text,true,,231,158,94,94,http://localhost:8079/?token=518499913&user=-1355070315&config=3,4480,0,0
1778791385852,3058,HTTP Request,200,OK,Thread Group 1-27,text,true,,231,158,94,94,http://localhost:8079/?token=518499913&user=-1355070315&config=3,3058,0,0
1778791384428,4482,HTTP Request,200,OK,Thread Group 1-28,text,true,,231,158,94,94,http://localhost:8079/?token=518499913&user=-1355070315&config=3,4482,0,3
1778791384435,4475,HTTP Request,200,OK,Thread Group 1-29,text,true,,231,158,94,94,http://localhost:8079/?token=518499913&user=-1355070315&config=3,4475,0,1
1778791385855,3052,HTTP Request,200,OK,Thread Group 1-38,text,true,,231,158,94,94,http://localhost:8079/?token=518499913&user=-1355070315&config=3,3052,0,0
1778791385858,3055,HTTP Request,200,OK,Thread Group 1-75,text,true,,231,158,94,94,http://localhost:8079/?token=518499913&user=-1355070315&config=3,3055,0,0
1778791385854,3059,HTTP Request,200,OK,Thread Group 1-82,text,true,,231,158,94,94,http://localhost:8079/?token=518499913&user=-1355070315&config=3,3059,0,0
1778791385856,3058,HTTP Request,200,OK,Thread Group 1-47,text,true,,231,158,94,94,http://localhost:8079/?token=518499913&user=-1355070315&config=3,3058,0,0
1778791385856,3058,HTTP Request,200,OK,Thread Group 1-54,text,true,,231,158,94,94,http://localhost:8079/?token=518499913&user=-1355070315&config=3,3058,0,0
1778791385856,3058,HTTP Request,200,OK,Thread Group 1-53,text,true,,231,158,94,94,http://localhost:8079/?token=518499913&user=-1355070315&config=3,3058,0,0
1778791385855,3059,HTTP Request,200,OK,Thread Group 1-35,text,true,,231,158,94,94,http://localhost:8079/?token=518499913&user=-1355070315&config=3,3059,0,0
1778791385859,3063,HTTP Request,200,OK,Thread Group 1-88,text,true,,231,158,94,94,http://localhost:8079/?token=518499913&user=-1355070315&config=3,3063,0,0
1778791385859,3063,HTTP Request,200,OK,Thread Group 1-86,text,true,,231,158,94,94,http://localhost:8079/?token=518499913&user=-1355070315&config=3,3063,0,0
1778791385859,3063,HTTP Request,200,OK,Thread Group 1-26,text,true,,231,158,94,94,http://localhost:8079/?token=518499913&user=-1355070315&config=3,3063,0,0
1778791385860,3062,HTTP Request,200,OK,Thread Group 1-55,text,true,,231,158,94,94,http://localhost:8079/?token=518499913&user=-1355070315&config=3,3062,0,0
1778791385861,4502,HTTP Request,200,OK,Thread Group 1-13,text,true,,231,158,96,96,http://localhost:8079/?token=518499913&user=-1355070315&config=3,4502,0,0
1778791385858,4509,HTTP Request,200,OK,Thread Group 1-10,text,true,,231,158,96,96,http://localhost:8079/?token=518499913&user=-1355070315&config=3,4509,0,0
1778791385858,4510,HTTP Request,200,OK,Thread Group 1-16,text,true,,231,158,96,96,http://localhost:8079/?token=518499913&user=-1355070315&config=3,4510,0,0
1778791385858,4510,HTTP Request,200,OK,Thread Group 1-79,text,true,,231,158,96,96,http://localhost:8079/?token=518499913&user=-1355070315&config=3,4510,0,0
1778791385859,4509,HTTP Request,200,OK,Thread Group 1-83,text,true,,231,158,96,96,http://localhost:8079/?token=518499913&user=-1355070315&config=3,4509,0,0
1778791385860,4509,HTTP Request,200,OK,Thread Group 1-46,text,true,,231,158,96,96,http://localhost:8079/?token=518499913&user=-1355070315&config=3,4509,0,0
1778791385860,4509,HTTP Request,200,OK,Thread Group 1-49,text,true,,231,158,96,96,http://localhost:8079/?token=518499913&user=-1355070315&config=3,4509,0,0
1778791385860,4510,HTTP Request,200,OK,Thread Group 1-50,text,true,,231,158,96,96,http://localhost:8079/?token=518499913&user=-1355070315&config=3,4510,0,0
1778791385861,4509,HTTP Request,200,OK,Thread Group 1-3,text,true,,231,158,96,96,http://localhost:8079/?token=518499913&user=-1355070315&config=3,4509,0,0
1778791385862,4508,HTTP Request,200,OK,Thread Group 1-69,text,true,,231,158,96,96,http://localhost:8079/?token=518499913&user=-1355070315&config=3,4508,0,0
1778791385861,4509,HTTP Request,200,OK,Thread Group 1-7,text,true,,231,158,96,96,http://localhost:8079/?token=518499913&user=-1355070315&config=3,4509,0,0
1778791385861,4509,HTTP Request,200,OK,Thread Group 1-9,text,true,,231,158,96,96,http://localhost:8079/?token=518499913&user=-1355070315&config=3,4509,0,0
1778791385861,4509,HTTP Request,200,OK,Thread Group 1-74,text,true,,231,158,96,96,http://localhost:8079/?token=518499913&user=-1355070315&config=3,4509,0,0
1778791385862,4508,HTTP Request,200,OK,Thread Group 1-18,text,true,,231,158,96,96,http://localhost:8079/?token=518499913&user=-1355070315&config=3,4508,0,0
1778791385862,4509,HTTP Request,200,OK,Thread Group 1-80,text,true,,231,158,96,96,http://localhost:8079/?token=518499913&user=-1355070315&config=3,4509,0,0
1778791385862,4509,HTTP Request,200,OK,Thread Group 1-22,text,true,,231,158,96,96,http://localhost:8079/?token=518499913&user=-1355070315&config=3,4509,0,0
1778791385862,4509,HTTP Request,200,OK,Thread Group 1-89,text,true,,231,158,96,96,http://localhost:8079/?token=518499913&user=-1355070315&config=3,4509,0,0
1778791387182,3189,HTTP Request,200,OK,Thread Group 1-64,text,true,,231,158,96,96,http://localhost:8079/?token=518499913&user=-1355070315&config=3,3189,0,0
1778791385873,4498,HTTP Request,200,OK,Thread Group 1-77,text,true,,231,158,96,96,http://localhost:8079/?token=518499913&user=-1355070315&config=3,4498,0,0
1778791385873,4498,HTTP Request,200,OK,Thread Group 1-73,text,true,,231,158,96,96,http://localhost:8079/?token=518499913&user=-1355070315&config=3,4498,0,0
1778791385873,4498,HTTP Request,200,OK,Thread Group 1-11,text,true,,231,158,96,96,http://localhost:8079/?token=518499913&user=-1355070315&config=3,4498,0,0
1778791385873,4498,HTTP Request,200,OK,Thread Group 1-19,text,true,,231,158,96,96,http://localhost:8079/?token=518499913&user=-1355070315&config=3,4498,0,0
1778791387183,3189,HTTP Request,200,OK,Thread Group 1-65,text,true,,231,158,96,96,http://localhost:8079/?token=518499913&user=-1355070315&config=3,3189,0,0
1778791387183,3190,HTTP Request,200,OK,Thread Group 1-72,text,true,,231,158,96,96,http://localhost:8079/?token=518499913&user=-1355070315&config=3,3190,0,0
1778791387183,3191,HTTP Request,200,OK,Thread Group 1-14,text,true,,231,158,96,96,http://localhost:8079/?token=518499913&user=-1355070315&config=3,3191,0,0
1778791385854,4520,HTTP Request,200,OK,Thread Group 1-31,text,true,,231,158,96,96,http://localhost:8079/?token=518499913&user=-1355070315&config=3,4520,0,3
1778791386250,4124,HTTP Request,200,OK,Thread Group 1-92,text,true,,231,158,96,96,http://localhost:8079/?token=518499913&user=-1355070315&config=3,4124,0,6
1778791387183,3201,HTTP Request,200,OK,Thread Group 1-34,text,true,,231,158,96,96,http://localhost:8079/?token=518499913&user=-1355070315&config=3,3201,0,0
1778791387183,3201,HTTP Request,200,OK,Thread Group 1-70,text,true,,231,158,96,96,http://localhost:8079/?token=518499913&user=-1355070315&config=3,3201,0,0
1778791387201,3183,HTTP Request,200,OK,Thread Group 1-36,text,true,,231,158,96,96,http://localhost:8079/?token=518499913&user=-1355070315&config=3,3183,0,0
1778791387185,3200,HTTP Request,200,OK,Thread Group 1-48,text,true,,231,158,96,96,http://localhost:8079/?token=518499913&user=-1355070315&config=3,3200,0,0
1778791387201,3184,HTTP Request,200,OK,Thread Group 1-56,text,true,,231,158,96,96,http://localhost:8079/?token=518499913&user=-1355070315&config=3,3184,0,0
1778791387186,4780,HTTP Request,200,OK,Thread Group 1-60,text,true,,231,158,97,97,http://localhost:8079/?token=518499913&user=-1355070315&config=3,4780,0,0
1778791387182,4784,HTTP Request,200,OK,Thread Group 1-42,text,true,,231,158,97,97,http://localhost:8079/?token=518499913&user=-1355070315&config=3,4784,0,0
1778791387200,4767,HTTP Request,200,OK,Thread Group 1-62,text,true,,231,158,97,97,http://localhost:8079/?token=518499913&user=-1355070315&config=3,4767,0,0
1778791387200,4768,HTTP Request,200,OK,Thread Group 1-66,text,true,,231,158,97,97,http://localhost:8079/?token=518499913&user=-1355070315&config=3,4768,0,0
1778791387200,4768,HTTP Request,200,OK,Thread Group 1-76,text,true,,231,158,97,97,http://localhost:8079/?token=518499913&user=-1355070315&config=3,4768,0,0
1778791387200,4769,HTTP Request,200,OK,Thread Group 1-78,text,true,,231,158,97,97,http://localhost:8079/?token=518499913&user=-1355070315&config=3,4769,0,0
1778791387201,4768,HTTP Request,200,OK,Thread Group 1-84,text,true,,231,158,97,97,http://localhost:8079/?token=518499913&user=-1355070315&config=3,4768,0,0
1778791387200,4769,HTTP Request,200,OK,Thread Group 1-24,text,true,,231,158,97,97,http://localhost:8079/?token=518499913&user=-1355070315&config=3,4769,0,0
1778791387184,4785,HTTP Request,200,OK,Thread Group 1-37,text,true,,231,158,97,97,http://localhost:8079/?token=518499913&user=-1355070315&config=3,4785,0,0
1778791387185,4784,HTTP Request,200,OK,Thread Group 1-45,text,true,,231,158,97,97,http://localhost:8079/?token=518499913&user=-1355070315&config=3,4784,0,0
1778791387186,4784,HTTP Request,200,OK,Thread Group 1-51,text,true,,231,158,97,97,http://localhost:8079/?token=518499913&user=-1355070315&config=3,4784,0,0
1778791387186,4784,HTTP Request,200,OK,Thread Group 1-61,text,true,,231,158,97,97,http://localhost:8079/?token=518499913&user=-1355070315&config=3,4784,0,0
1778791387186,4784,HTTP Request,200,OK,Thread Group 1-1,text,true,,231,158,97,97,http://localhost:8079/?token=518499913&user=-1355070315&config=3,4784,0,0
1778791387186,4784,HTTP Request,200,OK,Thread Group 1-63,text,true,,231,158,97,97,http://localhost:8079/?token=518499913&user=-1355070315&config=3,4784,0,0
1778791387186,4784,HTTP Request,200,OK,Thread Group 1-2,text,true,,231,158,97,97,http://localhost:8079/?token=518499913&user=-1355070315&config=3,4784,0,0
1778791387187,4783,HTTP Request,200,OK,Thread Group 1-17,text,true,,231,158,97,97,http://localhost:8079/?token=518499913&user=-1355070315&config=3,4783,0,0
1778791387187,4783,HTTP Request,200,OK,Thread Group 1-20,text,true,,231,158,97,97,http://localhost:8079/?token=518499913&user=-1355070315&config=3,4783,0,0
1778791387201,4770,HTTP Request,200,OK,Thread Group 1-90,text,true,,231,158,97,97,http://localhost:8079/?token=518499913&user=-1355070315&config=3,4770,0,0
1778791388906,3065,HTTP Request,200,OK,Thread Group 1-67,text,true,,231,158,97,97,http://localhost:8079/?token=518499913&user=-1355070315&config=3,3065,0,0
1778791388907,3064,HTTP Request,200,OK,Thread Group 1-71,text,true,,231,158,97,97,http://localhost:8079/?token=518499913&user=-1355070315&config=3,3064,0,0
1778791388907,3064,HTTP Request,200,OK,Thread Group 1-85,text,true,,231,158,97,97,http://localhost:8079/?token=518499913&user=-1355070315&config=3,3064,0,0
1778791388907,3064,HTTP Request,200,OK,Thread Group 1-91,text,true,,231,158,97,97,http://localhost:8079/?token=518499913&user=-1355070315&config=3,3064,0,0
1778791387252,4719,HTTP Request,200,OK,Thread Group 1-93,text,true,,231,158,97,97,http://localhost:8079/?token=518499913&user=-1355070315&config=3,4719,0,1
1778791388252,3720,HTTP Request,200,OK,Thread Group 1-94,text,true,,231,158,97,97,http://localhost:8079/?token=518499913&user=-1355070315&config=3,3720,0,2
1778791388908,3064,HTTP Request,200,OK,Thread Group 1-39,text,true,,231,158,97,97,http://localhost:8079/?token=518499913&user=-1355070315&config=3,3064,0,0
1778791388908,3064,HTTP Request,200,OK,Thread Group 1-41,text,true,,231,158,97,97,http://localhost:8079/?token=518499913&user=-1355070315&config=3,3064,0,0
1778791387184,4788,HTTP Request,200,OK,Thread Group 1-40,text,true,,231,158,97,97,http://localhost:8079/?token=518499913&user=-1355070315&config=3,4788,0,0
1778791388908,3064,HTTP Request,200,OK,Thread Group 1-44,text,true,,231,158,97,97,http://localhost:8079/?token=518499913&user=-1355070315&config=3,3064,0,0
1778791388908,3064,HTTP Request,200,OK,Thread Group 1-43,text,true,,231,158,97,97,http://localhost:8079/?token=518499913&user=-1355070315&config=3,3064,0,0
1778791388908,3065,HTTP Request,200,OK,Thread Group 1-52,text,true,,231,158,97,97,http://localhost:8079/?token=518499913&user=-1355070315&config=3,3065,0,0
1778791387186,4787,HTTP Request,200,OK,Thread Group 1-12,text,true,,231,158,97,97,http://localhost:8079/?token=518499913&user=-1355070315&config=3,4787,0,0
1778791387187,4786,HTTP Request,200,OK,Thread Group 1-25,text,true,,231,158,97,97,http://localhost:8079/?token=518499913&user=-1355070315&config=3,4786,0,0
1778791387183,4790,HTTP Request,200,OK,Thread Group 1-30,text,true,,231,158,97,97,http://localhost:8079/?token=518499913&user=-1355070315&config=3,4790,0,14
1778791387200,4773,HTTP Request,200,OK,Thread Group 1-32,text,true,,231,158,97,97,http://localhost:8079/?token=518499913&user=-1355070315&config=3,4773,0,1
1778791388909,3075,HTTP Request,200,OK,Thread Group 1-6,text,true,,231,158,97,97,http://localhost:8079/?token=518499913&user=-1355070315&config=3,3075,0,0
1778791388909,3075,HTTP Request,200,OK,Thread Group 1-15,text,true,,231,158,97,97,http://localhost:8079/?token=518499913&user=-1355070315&config=3,3075,0,0
1778791388910,3074,HTTP Request,200,OK,Thread Group 1-21,text,true,,231,158,97,97,http://localhost:8079/?token=518499913&user=-1355070315&config=3,3074,0,0
1778791388909,3082,HTTP Request,200,OK,Thread Group 1-8,text,true,,231,158,97,97,http://localhost:8079/?token=518499913&user=-1355070315&config=3,3082,0,0
1778791388910,3082,HTTP Request,200,OK,Thread Group 1-27,text,true,,231,158,97,97,http://localhost:8079/?token=518499913&user=-1355070315&config=3,3081,0,0
1778791388909,4693,HTTP Request,200,OK,Thread Group 1-58,text,true,,231,158,99,99,http://localhost:8079/?token=518499913&user=-1355070315&config=3,4693,0,0
1778791388909,4706,HTTP Request,200,OK,Thread Group 1-57,text,true,,231,158,99,99,http://localhost:8079/?token=518499913&user=-1355070315&config=3,4706,0,0
1778791388906,4710,HTTP Request,200,OK,Thread Group 1-68,text,true,,231,158,99,99,http://localhost:8079/?token=518499913&user=-1355070315&config=3,4710,0,0
1778791388913,4704,HTTP Request,200,OK,Thread Group 1-75,text,true,,231,158,99,99,http://localhost:8079/?token=518499913&user=-1355070315&config=3,4704,0,0
1778791388914,4704,HTTP Request,200,OK,Thread Group 1-35,text,true,,231,158,99,99,http://localhost:8079/?token=518499913&user=-1355070315&config=3,4704,0,0
1778791388910,4708,HTTP Request,200,OK,Thread Group 1-38,text,true,,231,158,99,99,http://localhost:8079/?token=518499913&user=-1355070315&config=3,4708,0,0
1778791388914,4704,HTTP Request,200,OK,Thread Group 1-47,text,true,,231,158,99,99,http://localhost:8079/?token=518499913&user=-1355070315&config=3,4704,0,0
1778791388914,4704,HTTP Request,200,OK,Thread Group 1-53,text,true,,231,158,99,99,http://localhost:8079/?token=518499913&user=-1355070315&config=3,4704,0,0
1778791388909,4709,HTTP Request,200,OK,Thread Group 1-59,text,true,,231,158,99,99,http://localhost:8079/?token=518499913&user=-1355070315&config=3,4709,0,0
1778791388914,4704,HTTP Request,200,OK,Thread Group 1-54,text,true,,231,158,99,99,http://localhost:8079/?token=518499913&user=-1355070315&config=3,4704,0,0
1778791388909,4709,HTTP Request,200,OK,Thread Group 1-5,text,true,,231,158,99,99,http://localhost:8079/?token=518499913&user=-1355070315&config=3,4709,0,0
1778791388909,4710,HTTP Request,200,OK,Thread Group 1-4,text,true,,231,158,99,99,http://localhost:8079/?token=518499913&user=-1355070315&config=3,4710,0,0
1778791388909,4710,HTTP Request,200,OK,Thread Group 1-81,text,true,,231,158,99,99,http://localhost:8079/?token=518499913&user=-1355070315&config=3,4710,0,0
1778791388910,4709,HTTP Request,200,OK,Thread Group 1-23,text,true,,231,158,99,99,http://localhost:8079/?token=518499913&user=-1355070315&config=3,4709,0,0
1778791388910,4709,HTTP Request,200,OK,Thread Group 1-28,text,true,,231,158,99,99,http://localhost:8079/?token=518499913&user=-1355070315&config=3,4709,0,0
1778791388910,4709,HTTP Request,200,OK,Thread Group 1-29,text,true,,231,158,99,99,http://localhost:8079/?token=518499913&user=-1355070315&config=3,4709,0,0
1778791388907,4710,HTTP Request,200,OK,Thread Group 1-87,text,true,,231,158,99,99,http://localhost:8079/?token=518499913&user=-1355070315&config=3,4710,0,0
1778791388914,4703,HTTP Request,200,OK,Thread Group 1-82,text,true,,231,158,99,99,http://localhost:8079/?token=518499913&user=-1355070315&config=3,4703,0,0
1778791390371,3249,HTTP Request,200,OK,Thread Group 1-64,text,true,,231,158,99,99,http://localhost:8079/?token=518499913&user=-1355070315&config=3,3249,0,0
1778791390368,3252,HTTP Request,200,OK,Thread Group 1-10,text,true,,231,158,99,99,http://localhost:8079/?token=518499913&user=-1355070315&config=3,3252,0,0
1778791390368,3252,HTTP Request,200,OK,Thread Group 1-16,text,true,,231,158,99,99,http://localhost:8079/?token=518499913&user=-1355070315&config=3,3252,0,0
1778791390371,3249,HTTP Request,200,OK,Thread Group 1-73,text,true,,231,158,99,99,http://localhost:8079/?token=518499913&user=-1355070315&config=3,3249,0,0
1778791390369,3252,HTTP Request,200,OK,Thread Group 1-79,text,true,,231,158,99,99,http://localhost:8079/?token=518499913&user=-1355070315&config=3,3252,0,0
1778791390371,3250,HTTP Request,200,OK,Thread Group 1-77,text,true,,231,158,99,99,http://localhost:8079/?token=518499913&user=-1355070315&config=3,3250,0,0
1778791390369,3252,HTTP Request,200,OK,Thread Group 1-83,text,true,,231,158,99,99,http://localhost:8079/?token=518499913&user=-1355070315&config=3,3252,0,0
1778791388922,4699,HTTP Request,200,OK,Thread Group 1-86,text,true,,231,158,99,99,http://localhost:8079/?token=518499913&user=-1355070315&config=3,4699,0,0
1778791388922,4699,HTTP Request,200,OK,Thread Group 1-26,text,true,,231,158,99,99,http://localhost:8079/?token=518499913&user=-1355070315&config=3,4699,0,0
1778791389250,4371,HTTP Request,200,OK,Thread Group 1-95,text,true,,231,158,99,99,http://localhost:8079/?token=518499913&user=-1355070315&config=3,4371,0,4
1778791390255,3366,HTTP Request,200,OK,Thread Group 1-96,text,true,,231,158,99,99,http://localhost:8079/?token=518499913&user=-1355070315&config=3,3366,0,4
1778791390363,3258,HTTP Request,200,OK,Thread Group 1-13,text,true,,231,158,99,99,http://localhost:8079/?token=518499913&user=-1355070315&config=3,3258,0,0
1778791388910,4711,HTTP Request,200,OK,Thread Group 1-33,text,true,,231,158,99,99,http://localhost:8079/?token=518499913&user=-1355070315&config=3,4711,0,4
1778791388922,4699,HTTP Request,200,OK,Thread Group 1-55,text,true,,231,158,99,99,http://localhost:8079/?token=518499913&user=-1355070315&config=3,4699,0,0
1778791390369,3252,HTTP Request,200,OK,Thread Group 1-46,text,true,,231,158,99,99,http://localhost:8079/?token=518499913&user=-1355070315&config=3,3252,0,0
1778791388922,4699,HTTP Request,200,OK,Thread Group 1-88,text,true,,231,158,99,99,http://localhost:8079/?token=518499913&user=-1355070315&config=3,4699,0,0
1778791390370,3263,HTTP Request,200,OK,Thread Group 1-69,text,true,,231,158,99,99,http://localhost:8079/?token=518499913&user=-1355070315&config=3,3263,0,0
1778791390370,3263,HTTP Request,200,OK,Thread Group 1-7,text,true,,231,158,99,99,http://localhost:8079/?token=518499913&user=-1355070315&config=3,3263,0,0
1778791390370,3263,HTTP Request,200,OK,Thread Group 1-9,text,true,,231,158,99,99,http://localhost:8079/?token=518499913&user=-1355070315&config=3,3263,0,0
1778791390371,3263,HTTP Request,200,OK,Thread Group 1-11,text,true,,231,158,99,99,http://localhost:8079/?token=518499913&user=-1355070315&config=3,3263,0,0
1778791390371,3307,HTTP Request,200,OK,Thread Group 1-18,text,true,,231,158,99,99,http://localhost:8079/?token=518499913&user=-1355070315&config=3,3307,0,0
1778791390373,4881,HTTP Request,200,OK,Thread Group 1-65,text,true,,231,158,100,100,http://localhost:8079/?token=518499913&user=-1355070315&config=3,4881,0,0
1778791390374,4884,HTTP Request,200,OK,Thread Group 1-14,text,true,,231,158,100,100,http://localhost:8079/?token=518499913&user=-1355070315&config=3,4884,0,0
1778791390374,4884,HTTP Request,200,OK,Thread Group 1-31,text,true,,231,158,100,100,http://localhost:8079/?token=518499913&user=-1355070315&config=3,4884,0,0
1778791390374,4884,HTTP Request,200,OK,Thread Group 1-92,text,true,,231,158,100,100,http://localhost:8079/?token=518499913&user=-1355070315&config=3,4884,0,0
1778791390371,4887,HTTP Request,200,OK,Thread Group 1-80,text,true,,231,158,100,100,http://localhost:8079/?token=518499913&user=-1355070315&config=3,4887,0,0
1778791390371,4887,HTTP Request,200,OK,Thread Group 1-74,text,true,,231,158,100,100,http://localhost:8079/?token=518499913&user=-1355070315&config=3,4887,0,0
1778791390373,4885,HTTP Request,200,OK,Thread Group 1-72,text,true,,231,158,100,100,http://localhost:8079/?token=518499913&user=-1355070315&config=3,4885,0,0
1778791390370,4888,HTTP Request,200,OK,Thread Group 1-49,text,true,,231,158,100,100,http://localhost:8079/?token=518499913&user=-1355070315&config=3,4888,0,0
1778791390370,4888,HTTP Request,200,OK,Thread Group 1-50,text,true,,231,158,100,100,http://localhost:8079/?token=518499913&user=-1355070315&config=3,4888,0,0
1778791390371,4887,HTTP Request,200,OK,Thread Group 1-22,text,true,,231,158,100,100,http://localhost:8079/?token=518499913&user=-1355070315&config=3,4887,0,0
1778791390370,4888,HTTP Request,200,OK,Thread Group 1-3,text,true,,231,158,100,100,http://localhost:8079/?token=518499913&user=-1355070315&config=3,4888,0,0
1778791391968,3291,HTTP Request,200,OK,Thread Group 1-62,text,true,,231,158,100,100,http://localhost:8079/?token=518499913&user=-1355070315&config=3,3291,0,0
1778791391247,4012,HTTP Request,200,OK,Thread Group 1-97,text,true,,231,158,100,100,http://localhost:8079/?token=518499913&user=-1355070315&config=3,4012,0,1
1778791390384,4875,HTTP Request,200,OK,Thread Group 1-70,text,true,,231,158,100,100,http://localhost:8079/?token=518499913&user=-1355070315&config=3,4875,0,0
1778791391966,3293,HTTP Request,200,OK,Thread Group 1-42,text,true,,231,158,100,100,http://localhost:8079/?token=518499913&user=-1355070315&config=3,3293,0,0
1778791390385,4875,HTTP Request,200,OK,Thread Group 1-48,text,true,,231,158,100,100,http://localhost:8079/?token=518499913&user=-1355070315&config=3,4875,0,0
1778791390385,4875,HTTP Request,200,OK,Thread Group 1-56,text,true,,231,158,100,100,http://localhost:8079/?token=518499913&user=-1355070315&config=3,4875,0,0
1778791391966,3294,HTTP Request,200,OK,Thread Group 1-60,text,true,,231,158,100,100,http://localhost:8079/?token=518499913&user=-1355070315&config=3,3294,0,0
1778791390384,4876,HTTP Request,200,OK,Thread Group 1-36,text,true,,231,158,100,100,http://localhost:8079/?token=518499913&user=-1355070315&config=3,4876,0,1
1778791390384,4876,HTTP Request,200,OK,Thread Group 1-34,text,true,,231,158,100,100,http://localhost:8079/?token=518499913&user=-1355070315&config=3,4876,0,1
1778791390372,4888,HTTP Request,200,OK,Thread Group 1-19,text,true,,231,158,100,100,http://localhost:8079/?token=518499913&user=-1355070315&config=3,4888,0,0
1778791390371,4889,HTTP Request,200,OK,Thread Group 1-89,text,true,,231,158,100,100,http://localhost:8079/?token=518499913&user=-1355070315&config=3,4889,0,0
1778791391968,3293,HTTP Request,200,OK,Thread Group 1-66,text,true,,231,158,100,100,http://localhost:8079/?token=518499913&user=-1355070315&config=3,3292,0,0
1778791391969,3292,HTTP Request,200,OK,Thread Group 1-84,text,true,,231,158,100,100,http://localhost:8079/?token=518499913&user=-1355070315&config=3,3292,0,0
1778791391969,3292,HTTP Request,200,OK,Thread Group 1-24,text,true,,231,158,100,100,http://localhost:8079/?token=518499913&user=-1355070315&config=3,3292,0,0
1778791391971,3290,HTTP Request,200,OK,Thread Group 1-85,text,true,,231,158,100,100,http://localhost:8079/?token=518499913&user=-1355070315&config=3,3290,0,0
1778791391972,3289,HTTP Request,200,OK,Thread Group 1-93,text,true,,231,158,100,100,http://localhost:8079/?token=518499913&user=-1355070315&config=3,3289,0,0
1778791391972,3290,HTTP Request,200,OK,Thread Group 1-40,text,true,,231,158,100,100,http://localhost:8079/?token=518499913&user=-1355070315&config=3,3290,0,0
1778791391970,3292,HTTP Request,200,OK,Thread Group 1-1,text,true,,231,158,100,100,http://localhost:8079/?token=518499913&user=-1355070315&config=3,3292,0,0
1778791391970,3292,HTTP Request,200,OK,Thread Group 1-2,text,true,,231,158,100,100,http://localhost:8079/?token=518499913&user=-1355070315&config=3,3292,0,0
1778791391970,3292,HTTP Request,200,OK,Thread Group 1-63,text,true,,231,158,100,100,http://localhost:8079/?token=518499913&user=-1355070315&config=3,3292,0,0
1778791391971,3292,HTTP Request,200,OK,Thread Group 1-90,text,true,,231,158,100,100,http://localhost:8079/?token=518499913&user=-1355070315&config=3,3292,0,0
1778791391970,3293,HTTP Request,200,OK,Thread Group 1-17,text,true,,231,158,100,100,http://localhost:8079/?token=518499913&user=-1355070315&config=3,3293,0,0
1778791391973,3304,HTTP Request,200,OK,Thread Group 1-12,text,true,,231,158,100,100,http://localhost:8079/?token=518499913&user=-1355070315&config=3,3304,0,0
1778791391973,3304,HTTP Request,200,OK,Thread Group 1-30,text,true,,231,158,100,100,http://localhost:8079/?token=518499913&user=-1355070315&config=3,3304,0,0
1778791391973,3304,HTTP Request,200,OK,Thread Group 1-25,text,true,,231,158,100,100,http://localhost:8079/?token=518499913&user=-1355070315&config=3,3304,0,0
1778791391972,4802,HTTP Request,200,OK,Thread Group 1-91,text,true,,231,158,100,100,http://localhost:8079/?token=518499913&user=-1355070315&config=3,4801,0,0
1778791391971,4807,HTTP Request,200,OK,Thread Group 1-67,text,true,,231,158,100,100,http://localhost:8079/?token=518499913&user=-1355070315&config=3,4807,0,0
1778791393249,3529,HTTP Request,200,OK,Thread Group 1-99,text,true,,231,158,100,100,http://localhost:8079/?token=518499913&user=-1355070315&config=3,3529,0,1
1778791391969,4809,HTTP Request,200,OK,Thread Group 1-76,text,true,,231,158,100,100,http://localhost:8079/?token=518499913&user=-1355070315&config=3,4809,0,0
1778791391971,4807,HTTP Request,200,OK,Thread Group 1-71,text,true,,231,158,100,100,http://localhost:8079/?token=518499913&user=-1355070315&config=3,4807,0,0
1778791391972,4806,HTTP Request,200,OK,Thread Group 1-94,text,true,,231,158,100,100,http://localhost:8079/?token=518499913&user=-1355070315&config=3,4806,0,0
1778791391972,4806,HTTP Request,200,OK,Thread Group 1-39,text,true,,231,158,100,100,http://localhost:8079/?token=518499913&user=-1355070315&config=3,4806,0,0
1778791391969,4809,HTTP Request,200,OK,Thread Group 1-78,text,true,,231,158,100,100,http://localhost:8079/?token=518499913&user=-1355070315&config=3,4809,0,0
1778791391984,4795,HTTP Request,200,OK,Thread Group 1-6,text,true,,231,158,100,100,http://localhost:8079/?token=518499913&user=-1355070315&config=3,4795,0,0
1778791391970,4809,HTTP Request,200,OK,Thread Group 1-61,text,true,,231,158,100,100,http://localhost:8079/?token=518499913&user=-1355070315&config=3,4809,0,0
1778791391971,4808,HTTP Request,200,OK,Thread Group 1-20,text,true,,231,158,100,100,http://localhost:8079/?token=518499913&user=-1355070315&config=3,4808,0,0
1778791391992,4787,HTTP Request,200,OK,Thread Group 1-27,text,true,,231,158,100,100,http://localhost:8079/?token=518499913&user=-1355070315&config=3,4787,0,0
1778791391984,4795,HTTP Request,200,OK,Thread Group 1-21,text,true,,231,158,100,100,http://localhost:8079/?token=518499913&user=-1355070315&config=3,4795,0,0
1778791391991,4788,HTTP Request,200,OK,Thread Group 1-8,text,true,,231,158,100,100,http://localhost:8079/?token=518499913&user=-1355070315&config=3,4788,0,0
1778791391973,4806,HTTP Request,200,OK,Thread Group 1-32,text,true,,231,158,100,100,http://localhost:8079/?token=518499913&user=-1355070315&config=3,4806,0,0
1778791391984,4795,HTTP Request,200,OK,Thread Group 1-15,text,true,,231,158,100,100,http://localhost:8079/?token=518499913&user=-1355070315&config=3,4795,0,0
1778791391969,4810,HTTP Request,200,OK,Thread Group 1-37,text,true,,231,158,100,100,http://localhost:8079/?token=518499913&user=-1355070315&config=3,4810,0,5
1778791392261,4518,HTTP Request,200,OK,Thread Group 1-98,text,true,,231,158,100,100,http://localhost:8079/?token=518499913&user=-1355070315&config=3,4518,0,1
1778791393617,3162,HTTP Request,200,OK,Thread Group 1-68,text,true,,231,158,100,100,http://localhost:8079/?token=518499913&user=-1355070315&config=3,3162,0,0
1778791393620,3159,HTTP Request,200,OK,Thread Group 1-64,text,true,,231,158,100,100,http://localhost:8079/?token=518499913&user=-1355070315&config=3,3159,0,0
1778791393618,3161,HTTP Request,200,OK,Thread Group 1-47,text,true,,231,158,100,100,http://localhost:8079/?token=518499913&user=-1355070315&config=3,3161,0,0
1778791393618,3161,HTTP Request,200,OK,Thread Group 1-59,text,true,,231,158,100,100,http://localhost:8079/?token=518499913&user=-1355070315&config=3,3161,0,0
1778791393619,3160,HTTP Request,200,OK,Thread Group 1-4,text,true,,231,158,100,100,http://localhost:8079/?token=518499913&user=-1355070315&config=3,3160,0,0
1778791393615,3164,HTTP Request,200,OK,Thread Group 1-57,text,true,,231,158,100,100,http://localhost:8079/?token=518499913&user=-1355070315&config=3,3164,0,0
1778791393618,3161,HTTP Request,200,OK,Thread Group 1-54,text,true,,231,158,100,100,http://localhost:8079/?token=518499913&user=-1355070315&config=3,3161,0,0
1778791393618,3161,HTTP Request,200,OK,Thread Group 1-53,text,true,,231,158,100,100,http://localhost:8079/?token=518499913&user=-1355070315&config=3,3161,0,0
1778791393602,3177,HTTP Request,200,OK,Thread Group 1-58,text,true,,231,158,100,100,http://localhost:8079/?token=518499913&user=-1355070315&config=3,3177,0,0
1778791391970,4809,HTTP Request,200,OK,Thread Group 1-51,text,true,,231,158,100,100,http://localhost:8079/?token=518499913&user=-1355070315&config=3,4809,0,0
1778791391973,4806,HTTP Request,200,OK,Thread Group 1-52,text,true,,231,158,100,100,http://localhost:8079/?token=518499913&user=-1355070315&config=3,4806,0,0
1778791391969,4811,HTTP Request,200,OK,Thread Group 1-45,text,true,,231,158,100,100,http://localhost:8079/?token=518499913&user=-1355070315&config=3,4810,0,0
1778791391972,4808,HTTP Request,200,OK,Thread Group 1-44,text,true,,231,158,100,100,http://localhost:8079/?token=518499913&user=-1355070315&config=3,4807,0,0
1778791391973,4807,HTTP Request,200,OK,Thread Group 1-43,text,true,,231,158,100,100,http://localhost:8079/?token=518499913&user=-1355070315&config=3,4807,0,0
1778791391972,4808,HTTP Request,200,OK,Thread Group 1-41,text,true,,231,158,100,100,http://localhost:8079/?token=518499913&user=-1355070315&config=3,4808,0,0
1778791393620,3160,HTTP Request,200,OK,Thread Group 1-10,text,true,,231,158,100,100,http://localhost:8079/?token=518499913&user=-1355070315&config=3,3160,0,0
1778791393621,3159,HTTP Request,200,OK,Thread Group 1-73,text,true,,231,158,100,100,http://localhost:8079/?token=518499913&user=-1355070315&config=3,3159,0,0
1778791393621,3159,HTTP Request,200,OK,Thread Group 1-16,text,true,,231,158,100,100,http://localhost:8079/?token=518499913&user=-1355070315&config=3,3159,0,0
1778791393620,3160,HTTP Request,200,OK,Thread Group 1-82,text,true,,231,158,100,100,http://localhost:8079/?token=518499913&user=-1355070315&config=3,3160,0,0
1778791393621,3159,HTTP Request,200,OK,Thread Group 1-83,text,true,,231,158,100,100,http://localhost:8079/?token=518499913&user=-1355070315&config=3,3159,0,0
1778791393621,3174,HTTP Request,200,OK,Thread Group 1-79,text,true,,231,158,100,100,http://localhost:8079/?token=518499913&user=-1355070315&config=3,3174,0,0
1778791393621,4858,HTTP Request,200,OK,Thread Group 1-77,text,true,,231,158,100,100,http://localhost:8079/?token=518499913&user=-1355070315&config=3,4857,0,0
1778791395260,3219,HTTP Request,200,OK,Thread Group 1-56,text,true,,231,158,100,100,http://localhost:8079/?token=518499913&user=-1355070315&config=3,3219,0,0
1778791395254,3225,HTTP Request,200,OK,Thread Group 1-65,text,true,,231,158,100,100,http://localhost:8079/?token=518499913&user=-1355070315&config=3,3225,0,0
1778791393619,4860,HTTP Request,200,OK,Thread Group 1-75,text,true,,231,158,100,100,http://localhost:8079/?token=518499913&user=-1355070315&config=3,4860,0,0
1778791395260,3219,HTTP Request,200,OK,Thread Group 1-60,text,true,,231,158,100,100,http://localhost:8079/?token=518499913&user=-1355070315&config=3,3219,0,0
1778791395258,3221,HTTP Request,200,OK,Thread Group 1-80,text,true,,231,158,100,100,http://localhost:8079/?token=518499913&user=-1355070315&config=3,3221,0,0
1778791393621,4858,HTTP Request,200,OK,Thread Group 1-86,text,true,,231,158,100,100,http://localhost:8079/?token=518499913&user=-1355070315&config=3,4858,0,0
1778791393619,4860,HTTP Request,200,OK,Thread Group 1-87,text,true,,231,158,100,100,http://localhost:8079/?token=518499913&user=-1355070315&config=3,4860,0,0
1778791395258,3221,HTTP Request,200,OK,Thread Group 1-3,text,true,,231,158,100,100,http://localhost:8079/?token=518499913&user=-1355070315&config=3,3221,0,0
1778791393621,4858,HTTP Request,200,OK,Thread Group 1-26,text,true,,231,158,100,100,http://localhost:8079/?token=518499913&user=-1355070315&config=3,4858,0,0
1778791395258,3221,HTTP Request,200,OK,Thread Group 1-31,text,true,,231,158,100,100,http://localhost:8079/?token=518499913&user=-1355070315&config=3,3221,0,0
1778791393621,4858,HTTP Request,200,OK,Thread Group 1-88,text,true,,231,158,100,100,http://localhost:8079/?token=518499913&user=-1355070315&config=3,4858,0,0
1778791395258,3221,HTTP Request,200,OK,Thread Group 1-14,text,true,,231,158,100,100,http://localhost:8079/?token=518499913&user=-1355070315&config=3,3221,0,0
1778791395258,3221,HTTP Request,200,OK,Thread Group 1-22,text,true,,231,158,100,100,http://localhost:8079/?token=518499913&user=-1355070315&config=3,3221,0,0
1778791395260,3219,HTTP Request,200,OK,Thread Group 1-89,text,true,,231,158,100,100,http://localhost:8079/?token=518499913&user=-1355070315&config=3,3219,0,0
1778791393633,4847,HTTP Request,200,OK,Thread Group 1-69,text,true,,231,158,100,100,http://localhost:8079/?token=518499913&user=-1355070315&config=3,4847,0,0
1778791393633,4847,HTTP Request,200,OK,Thread Group 1-7,text,true,,231,158,100,100,http://localhost:8079/?token=518499913&user=-1355070315&config=3,4847,0,0
1778791393634,4846,HTTP Request,200,OK,Thread Group 1-9,text,true,,231,158,100,100,http://localhost:8079/?token=518499913&user=-1355070315&config=3,4846,0,0
1778791393619,4861,HTTP Request,200,OK,Thread Group 1-5,text,true,,231,158,100,100,http://localhost:8079/?token=518499913&user=-1355070315&config=3,4861,0,0
1778791393621,4859,HTTP Request,200,OK,Thread Group 1-55,text,true,,231,158,100,100,http://localhost:8079/?token=518499913&user=-1355070315&config=3,4859,0,0
1778791393621,4859,HTTP Request,200,OK,Thread Group 1-46,text,true,,231,158,100,100,http://localhost:8079/?token=518499913&user=-1355070315&config=3,4859,0,0
1778791393621,4859,HTTP Request,200,OK,Thread Group 1-13,text,true,,231,158,100,100,http://localhost:8079/?token=518499913&user=-1355070315&config=3,4859,0,0
1778791393678,4802,HTTP Request,200,OK,Thread Group 1-18,text,true,,231,158,100,100,http://localhost:8079/?token=518499913&user=-1355070315&config=3,4802,0,0
1778791393634,4846,HTTP Request,200,OK,Thread Group 1-11,text,true,,231,158,100,100,http://localhost:8079/?token=518499913&user=-1355070315&config=3,4846,0,0
1778791393619,4861,HTTP Request,200,OK,Thread Group 1-81,text,true,,231,158,100,100,http://localhost:8079/?token=518499913&user=-1355070315&config=3,4861,0,0
1778791393619,4861,HTTP Request,200,OK,Thread Group 1-23,text,true,,231,158,100,100,http://localhost:8079/?token=518499913&user=-1355070315&config=3,4861,0,0
1778791393619,4861,HTTP Request,200,OK,Thread Group 1-28,text,true,,231,158,100,100,http://localhost:8079/?token=518499913&user=-1355070315&config=3,4861,0,0
1778791393621,4859,HTTP Request,200,OK,Thread Group 1-95,text,true,,231,158,100,100,http://localhost:8079/?token=518499913&user=-1355070315&config=3,4859,0,0
1778791393619,4861,HTTP Request,200,OK,Thread Group 1-29,text,true,,231,158,100,100,http://localhost:8079/?token=518499913&user=-1355070315&config=3,4861,0,0
1778791393618,4862,HTTP Request,200,OK,Thread Group 1-35,text,true,,231,158,100,100,http://localhost:8079/?token=518499913&user=-1355070315&config=3,4862,0,2
1778791393621,4859,HTTP Request,200,OK,Thread Group 1-33,text,true,,231,158,100,100,http://localhost:8079/?token=518499913&user=-1355070315&config=3,4859,0,0
1778791393621,4859,HTTP Request,200,OK,Thread Group 1-96,text,true,,231,158,100,100,http://localhost:8079/?token=518499913&user=-1355070315&config=3,4859,0,0
1778791393618,4862,HTTP Request,200,OK,Thread Group 1-38,text,true,,231,158,100,100,http://localhost:8079/?token=518499913&user=-1355070315&config=3,4862,0,3
1778791395258,3222,HTTP Request,200,OK,Thread Group 1-72,text,true,,231,158,100,100,http://localhost:8079/?token=518499913&user=-1355070315&config=3,3222,0,0
1778791395258,3222,HTTP Request,200,OK,Thread Group 1-49,text,true,,231,158,100,100,http://localhost:8079/?token=518499913&user=-1355070315&config=3,3222,0,0
1778791394256,4224,HTTP Request,200,OK,Thread Group 1-100,text,true,,231,158,100,100,http://localhost:8079/?token=518499913&user=-1355070315&config=3,4224,0,1
1778791395260,3220,HTTP Request,200,OK,Thread Group 1-42,text,true,,231,158,100,100,http://localhost:8079/?token=518499913&user=-1355070315&config=3,3220,0,0
1778791395258,3223,HTTP Request,200,OK,Thread Group 1-50,text,true,,231,158,100,100,http://localhost:8079/?token=518499913&user=-1355070315&config=3,3223,0,0
1778791395261,3315,HTTP Request,200,OK,Thread Group 1-85,text,true,,231,158,100,100,http://localhost:8079/?token=518499913&user=-1355070315&config=3,3314,0,0
1778791395261,3315,HTTP Request,200,OK,Thread Group 1-93,text,true,,231,158,100,100,http://localhost:8079/?token=518499913&user=-1355070315&config=3,3314,0,0
1778791395260,3316,HTTP Request,200,OK,Thread Group 1-34,text,true,,231,158,100,100,http://localhost:8079/?token=518499913&user=-1355070315&config=3,3316,0,0
1778791395260,3316,HTTP Request,200,OK,Thread Group 1-48,text,true,,231,158,100,100,http://localhost:8079/?token=518499913&user=-1355070315&config=3,3316,0,0
1778791396780,3376,HTTP Request,200,OK,Thread Group 1-64,text,true,,231,158,100,100,http://localhost:8079/?token=518499913&user=-1355070315&config=3,3376,0,0
1778791395259,4896,HTTP Request,200,OK,Thread Group 1-62,text,true,,231,158,100,100,http://localhost:8079/?token=518499913&user=-1355070315&config=3,4896,0,0
1778791396780,3377,HTTP Request,200,OK,Thread Group 1-68,text,true,,231,158,100,100,http://localhost:8079/?token=518499913&user=-1355070315&config=3,3377,0,0
1778791395261,4895,HTTP Request,200,OK,Thread Group 1-66,text,true,,231,158,100,100,http://localhost:8079/?token=518499913&user=-1355070315&config=3,4895,0,0
1778791395261,4896,HTTP Request,200,OK,Thread Group 1-24,text,true,,231,158,100,100,http://localhost:8079/?token=518499913&user=-1355070315&config=3,4896,0,0
1778791396776,3382,HTTP Request,200,OK,Thread Group 1-91,text,true,,231,158,100,100,http://localhost:8079/?token=518499913&user=-1355070315&config=3,3382,0,0
1778791395258,4899,HTTP Request,200,OK,Thread Group 1-92,text,true,,231,158,100,100,http://localhost:8079/?token=518499913&user=-1355070315&config=3,4899,0,0
1778791396780,3378,HTTP Request,200,OK,Thread Group 1-37,text,true,,231,158,100,100,http://localhost:8079/?token=518499913&user=-1355070315&config=3,3378,0,0
1778791395259,4898,HTTP Request,200,OK,Thread Group 1-97,text,true,,231,158,100,100,http://localhost:8079/?token=518499913&user=-1355070315&config=3,4898,0,0
1778791395263,4894,HTTP Request,200,OK,Thread Group 1-40,text,true,,231,158,100,100,http://localhost:8079/?token=518499913&user=-1355070315&config=3,4894,0,0
1778791396781,3377,HTTP Request,200,OK,Thread Group 1-44,text,true,,231,158,100,100,http://localhost:8079/?token=518499913&user=-1355070315&config=3,3377,0,0
1778791396780,3378,HTTP Request,200,OK,Thread Group 1-47,text,true,,231,158,100,100,http://localhost:8079/?token=518499913&user=-1355070315&config=3,3378,0,0
1778791396780,3378,HTTP Request,200,OK,Thread Group 1-59,text,true,,231,158,100,100,http://localhost:8079/?token=518499913&user=-1355070315&config=3,3378,0,0
1778791395263,4894,HTTP Request,200,OK,Thread Group 1-1,text,true,,231,158,100,100,http://localhost:8079/?token=518499913&user=-1355070315&config=3,4894,0,0
1778791395263,4894,HTTP Request,200,OK,Thread Group 1-63,text,true,,231,158,100,100,http://localhost:8079/?token=518499913&user=-1355070315&config=3,4894,0,0
1778791395263,4894,HTTP Request,200,OK,Thread Group 1-2,text,true,,231,158,100,100,http://localhost:8079/?token=518499913&user=-1355070315&config=3,4894,0,0
1778791395258,4899,HTTP Request,200,OK,Thread Group 1-74,text,true,,231,158,100,100,http://localhost:8079/?token=518499913&user=-1355070315&config=3,4899,0,0
1778791396780,3378,HTTP Request,200,OK,Thread Group 1-6,text,true,,231,158,100,100,http://localhost:8079/?token=518499913&user=-1355070315&config=3,3378,0,0
1778791395277,4881,HTTP Request,200,OK,Thread Group 1-25,text,true,,231,158,100,100,http://localhost:8079/?token=518499913&user=-1355070315&config=3,4881,0,0
1778791395263,4895,HTTP Request,200,OK,Thread Group 1-90,text,true,,231,158,100,100,http://localhost:8079/?token=518499913&user=-1355070315&config=3,4895,0,0
1778791395260,4898,HTTP Request,200,OK,Thread Group 1-19,text,true,,231,158,100,100,http://localhost:8079/?token=518499913&user=-1355070315&config=3,4898,0,0
1778791395263,4895,HTTP Request,200,OK,Thread Group 1-17,text,true,,231,158,100,100,http://localhost:8079/?token=518499913&user=-1355070315&config=3,4895,0,0
1778791395277,4881,HTTP Request,200,OK,Thread Group 1-12,text,true,,231,158,100,100,http://localhost:8079/?token=518499913&user=-1355070315&config=3,4881,0,0
1778791395260,4898,HTTP Request,200,OK,Thread Group 1-36,text,true,,231,158,100,100,http://localhost:8079/?token=518499913&user=-1355070315&config=3,4898,0,0
1778791396779,3380,HTTP Request,200,OK,Thread Group 1-76,text,true,,231,158,100,100,http://localhost:8079/?token=518499913&user=-1355070315&config=3,3380,0,0
1778791396779,3380,HTTP Request,200,OK,Thread Group 1-67,text,true,,231,158,100,100,http://localhost:8079/?token=518499913&user=-1355070315&config=3,3380,0,0
1778791395277,4881,HTTP Request,200,OK,Thread Group 1-30,text,true,,231,158,100,100,http://localhost:8079/?token=518499913&user=-1355070315&config=3,4881,0,0
1778791396780,3379,HTTP Request,200,OK,Thread Group 1-98,text,true,,231,158,100,100,http://localhost:8079/?token=518499913&user=-1355070315&config=3,3379,0,0
1778791395261,4895,HTTP Request,200,OK,Thread Group 1-84,text,true,,231,158,100,100,http://localhost:8079/?token=518499913&user=-1355070315&config=3,4895,0,0
1778791395259,4897,HTTP Request,200,OK,Thread Group 1-70,text,true,,231,158,100,100,http://localhost:8079/?token=518499913&user=-1355070315&config=3,4897,0,0
1778791396781,3378,HTTP Request,200,OK,Thread Group 1-51,text,true,,231,158,100,100,http://localhost:8079/?token=518499913&user=-1355070315&config=3,3378,0,0
1778791396780,3379,HTTP Request,200,OK,Thread Group 1-53,text,true,,231,158,100,100,http://localhost:8079/?token=518499913&user=-1355070315&config=3,3379,0,0
1778791396780,3379,HTTP Request,200,OK,Thread Group 1-61,text,true,,231,158,100,100,http://localhost:8079/?token=518499913&user=-1355070315&config=3,3379,0,0
1778791396779,3400,HTTP Request,200,OK,Thread Group 1-71,text,true,,231,158,100,100,http://localhost:8079/?token=518499913&user=-1355070315&config=3,3400,0,0
1778791396781,3398,HTTP Request,200,OK,Thread Group 1-52,text,true,,231,158,100,100,http://localhost:8079/?token=518499913&user=-1355070315&config=3,3398,0,0
1778791396781,5132,HTTP Request,200,OK,Thread Group 1-73,text,true,,231,158,100,100,http://localhost:8079/?token=518499913&user=-1355070315&config=3,5132,0,0
1778791396780,5133,HTTP Request,200,OK,Thread Group 1-78,text,true,,231,158,100,100,http://localhost:8079/?token=518499913&user=-1355070315&config=3,5133,0,0
1778791396779,5134,HTTP Request,200,OK,Thread Group 1-94,text,true,,231,158,100,100,http://localhost:8079/?token=518499913&user=-1355070315&config=3,5134,0,0
1778791396781,5132,HTTP Request,200,OK,Thread Group 1-45,text,true,,231,158,100,100,http://localhost:8079/?token=518499913&user=-1355070315&config=3,5132,0,0
1778791396781,5133,HTTP Request,200,OK,Thread Group 1-54,text,true,,231,158,100,100,http://localhost:8079/?token=518499913&user=-1355070315&config=3,5133,0,0
1778791396780,5134,HTTP Request,200,OK,Thread Group 1-57,text,true,,231,158,100,100,http://localhost:8079/?token=518499913&user=-1355070315&config=3,5134,0,0
1778791396780,5134,HTTP Request,200,OK,Thread Group 1-4,text,true,,231,158,100,100,http://localhost:8079/?token=518499913&user=-1355070315&config=3,5134,0,0
1778791396781,5133,HTTP Request,200,OK,Thread Group 1-58,text,true,,231,158,100,100,http://localhost:8079/?token=518499913&user=-1355070315&config=3,5133,0,0
1778791396780,5134,HTTP Request,200,OK,Thread Group 1-15,text,true,,231,158,100,100,http://localhost:8079/?token=518499913&user=-1355070315&config=3,5134,0,0
1778791396780,5134,HTTP Request,200,OK,Thread Group 1-21,text,true,,231,158,100,100,http://localhost:8079/?token=518499913&user=-1355070315&config=3,5134,0,0
1778791396780,5134,HTTP Request,200,OK,Thread Group 1-27,text,true,,231,158,100,100,http://localhost:8079/?token=518499913&user=-1355070315&config=3,5134,0,0
1778791396781,5133,HTTP Request,200,OK,Thread Group 1-10,text,true,,231,158,100,100,http://localhost:8079/?token=518499913&user=-1355070315&config=3,5133,0,0
1778791396781,5134,HTTP Request,200,OK,Thread Group 1-16,text,true,,231,158,100,100,http://localhost:8079/?token=518499913&user=-1355070315&config=3,5134,0,0
1778791396797,5118,HTTP Request,200,OK,Thread Group 1-79,text,true,,231,158,100,100,http://localhost:8079/?token=518499913&user=-1355070315&config=3,5118,0,0
1778791396781,5134,HTTP Request,200,OK,Thread Group 1-82,text,true,,231,158,100,100,http://localhost:8079/?token=518499913&user=-1355070315&config=3,5134,0,0
1778791396781,5134,HTTP Request,200,OK,Thread Group 1-83,text,true,,231,158,100,100,http://localhost:8079/?token=518499913&user=-1355070315&config=3,5134,0,0
1778791396780,5135,HTTP Request,200,OK,Thread Group 1-32,text,true,,231,158,100,100,http://localhost:8079/?token=518499913&user=-1355070315&config=3,5135,0,0
1778791396779,5139,HTTP Request,200,OK,Thread Group 1-39,text,true,,231,158,100,100,http://localhost:8079/?token=518499913&user=-1355070315&config=3,5139,0,2
1778791398480,3438,HTTP Request,200,OK,Thread Group 1-75,text,true,,231,158,100,100,http://localhost:8079/?token=518499913&user=-1355070315&config=3,3438,0,0
1778791398480,3438,HTTP Request,200,OK,Thread Group 1-86,text,true,,231,158,100,100,http://localhost:8079/?token=518499913&user=-1355070315&config=3,3438,0,0
1778791398480,3438,HTTP Request,200,OK,Thread Group 1-88,text,true,,231,158,100,100,http://localhost:8079/?token=518499913&user=-1355070315&config=3,3438,0,0
1778791398480,3438,HTTP Request,200,OK,Thread Group 1-26,text,true,,231,158,100,100,http://localhost:8079/?token=518499913&user=-1355070315&config=3,3438,0,0
1778791398480,3438,HTTP Request,200,OK,Thread Group 1-56,text,true,,231,158,100,100,http://localhost:8079/?token=518499913&user=-1355070315&config=3,3438,0,0
1778791396780,5138,HTTP Request,200,OK,Thread Group 1-8,text,true,,231,158,100,100,http://localhost:8079/?token=518499913&user=-1355070315&config=3,5138,0,0
1778791398480,3438,HTTP Request,200,OK,Thread Group 1-60,text,true,,231,158,100,100,http://localhost:8079/?token=518499913&user=-1355070315&config=3,3438,0,0
1778791398481,3437,HTTP Request,200,OK,Thread Group 1-55,text,true,,231,158,100,100,http://localhost:8079/?token=518499913&user=-1355070315&config=3,3437,0,0
1778791398480,3438,HTTP Request,200,OK,Thread Group 1-31,text,true,,231,158,100,100,http://localhost:8079/?token=518499913&user=-1355070315&config=3,3438,0,0
1778791398481,3437,HTTP Request,200,OK,Thread Group 1-9,text,true,,231,158,100,100,http://localhost:8079/?token=518499913&user=-1355070315&config=3,3437,0,0
1778791396780,5138,HTTP Request,200,OK,Thread Group 1-20,text,true,,231,158,100,100,http://localhost:8079/?token=518499913&user=-1355070315&config=3,5138,0,0
1778791398481,3437,HTTP Request,200,OK,Thread Group 1-11,text,true,,231,158,100,100,http://localhost:8079/?token=518499913&user=-1355070315&config=3,3437,0,0
1778791398481,3437,HTTP Request,200,OK,Thread Group 1-7,text,true,,231,158,100,100,http://localhost:8079/?token=518499913&user=-1355070315&config=3,3437,0,0
1778791398481,3437,HTTP Request,200,OK,Thread Group 1-13,text,true,,231,158,100,100,http://localhost:8079/?token=518499913&user=-1355070315&config=3,3437,0,0
1778791396779,5139,HTTP Request,200,OK,Thread Group 1-99,text,true,,231,158,100,100,http://localhost:8079/?token=518499913&user=-1355070315&config=3,5139,0,0
1778791396781,5137,HTTP Request,200,OK,Thread Group 1-41,text,true,,231,158,100,100,http://localhost:8079/?token=518499913&user=-1355070315&config=3,5137,0,0
1778791398480,3438,HTTP Request,200,OK,Thread Group 1-80,text,true,,231,158,100,100,http://localhost:8079/?token=518499913&user=-1355070315&config=3,3438,0,0
1778791396781,5137,HTTP Request,200,OK,Thread Group 1-43,text,true,,231,158,100,100,http://localhost:8079/?token=518499913&user=-1355070315&config=3,5137,0,0
1778791398481,3437,HTTP Request,200,OK,Thread Group 1-28,text,true,,231,158,100,100,http://localhost:8079/?token=518499913&user=-1355070315&config=3,3437,0,0
1778791398480,3438,HTTP Request,200,OK,Thread Group 1-14,text,true,,231,158,100,100,http://localhost:8079/?token=518499913&user=-1355070315&config=3,3438,0,0
1778791398481,3449,HTTP Request,200,OK,Thread Group 1-72,text,true,,231,158,100,100,http://localhost:8079/?token=518499913&user=-1355070315&config=3,3449,0,0
1778791398481,3449,HTTP Request,200,OK,Thread Group 1-46,text,true,,231,158,100,100,http://localhost:8079/?token=518499913&user=-1355070315&config=3,3449,0,0
1778791398481,5107,HTTP Request,200,OK,Thread Group 1-96,text,true,,231,158,100,100,http://localhost:8079/?token=518499913&user=-1355070315&config=3,5107,0,0
1778791398481,5109,HTTP Request,200,OK,Thread Group 1-77,text,true,,231,158,100,100,http://localhost:8079/?token=518499913&user=-1355070315&config=3,5109,0,0
1778791398480,5110,HTTP Request,200,OK,Thread Group 1-87,text,true,,231,158,100,100,http://localhost:8079/?token=518499913&user=-1355070315&config=3,5110,0,0
1778791398480,5110,HTTP Request,200,OK,Thread Group 1-3,text,true,,231,158,100,100,http://localhost:8079/?token=518499913&user=-1355070315&config=3,5110,0,0
1778791398481,5109,HTTP Request,200,OK,Thread Group 1-18,text,true,,231,158,100,100,http://localhost:8079/?token=518499913&user=-1355070315&config=3,5109,0,0
1778791398481,5109,HTTP Request,200,OK,Thread Group 1-5,text,true,,231,158,100,100,http://localhost:8079/?token=518499913&user=-1355070315&config=3,5109,0,0
1778791398481,5109,HTTP Request,200,OK,Thread Group 1-49,text,true,,231,158,100,100,http://localhost:8079/?token=518499913&user=-1355070315&config=3,5109,0,0
1778791398480,5111,HTTP Request,200,OK,Thread Group 1-89,text,true,,231,158,100,100,http://localhost:8079/?token=518499913&user=-1355070315&config=3,5111,0,0
1778791398480,5111,HTTP Request,200,OK,Thread Group 1-22,text,true,,231,158,100,100,http://localhost:8079/?token=518499913&user=-1355070315&config=3,5111,0,0
1778791398481,5110,HTTP Request,200,OK,Thread Group 1-35,text,true,,231,158,100,100,http://localhost:8079/?token=518499913&user=-1355070315&config=3,5110,0,0
1778791398481,5110,HTTP Request,200,OK,Thread Group 1-33,text,true,,231,158,100,100,http://localhost:8079/?token=518499913&user=-1355070315&config=3,5110,0,0
1778791398480,5111,HTTP Request,200,OK,Thread Group 1-65,text,true,,231,158,100,100,http://localhost:8079/?token=518499913&user=-1355070315&config=3,5111,0,0
1778791398481,5110,HTTP Request,200,OK,Thread Group 1-95,text,true,,231,158,100,100,http://localhost:8079/?token=518499913&user=-1355070315&config=3,5110,0,0
1778791398481,5110,HTTP Request,200,OK,Thread Group 1-100,text,true,,231,158,100,100,http://localhost:8079/?token=518499913&user=-1355070315&config=3,5110,0,0
1778791398577,5014,HTTP Request,200,OK,Thread Group 1-48,text,true,,231,158,100,100,http://localhost:8079/?token=518499913&user=-1355070315&config=3,5014,0,0
1778791398482,5109,HTTP Request,200,OK,Thread Group 1-50,text,true,,231,158,100,100,http://localhost:8079/?token=518499913&user=-1355070315&config=3,5109,0,0
1778791398481,5110,HTTP Request,200,OK,Thread Group 1-42,text,true,,231,158,100,100,http://localhost:8079/?token=518499913&user=-1355070315&config=3,5110,0,1
1778791398481,5111,HTTP Request,200,OK,Thread Group 1-69,text,true,,231,158,100,100,http://localhost:8079/?token=518499913&user=-1355070315&config=3,5110,0,0
1778791398481,5111,HTTP Request,200,OK,Thread Group 1-81,text,true,,231,158,100,100,http://localhost:8079/?token=518499913&user=-1355070315&config=3,5111,0,0
1778791398481,5111,HTTP Request,200,OK,Thread Group 1-23,text,true,,231,158,100,100,http://localhost:8079/?token=518499913&user=-1355070315&config=3,5111,0,0
1778791398481,5111,HTTP Request,200,OK,Thread Group 1-29,text,true,,231,158,100,100,http://localhost:8079/?token=518499913&user=-1355070315&config=3,5111,0,0
1778791398481,5111,HTTP Request,200,OK,Thread Group 1-38,text,true,,231,158,100,100,http://localhost:8079/?token=518499913&user=-1355070315&config=3,5111,0,0
1778791400156,3436,HTTP Request,200,OK,Thread Group 1-64,text,true,,231,158,100,100,http://localhost:8079/?token=518499913&user=-1355070315&config=3,3436,0,0
1778791400158,3434,HTTP Request,200,OK,Thread Group 1-91,text,true,,231,158,100,100,http://localhost:8079/?token=518499913&user=-1355070315&config=3,3434,0,0
1778791400158,3434,HTTP Request,200,OK,Thread Group 1-47,text,true,,231,158,100,100,http://localhost:8079/?token=518499913&user=-1355070315&config=3,3434,0,0
1778791398577,5015,HTTP Request,200,OK,Thread Group 1-93,text,true,,231,158,100,100,http://localhost:8079/?token=518499913&user=-1355070315&config=3,5015,0,0
1778791400158,3434,HTTP Request,200,OK,Thread Group 1-1,text,true,,231,158,100,100,http://localhost:8079/?token=518499913&user=-1355070315&config=3,3434,0,0
1778791400157,3438,HTTP Request,200,OK,Thread Group 1-66,text,true,,231,158,100,100,http://localhost:8079/?token=518499913&user=-1355070315&config=3,3438,0,0
1778791400157,3438,HTTP Request,200,OK,Thread Group 1-68,text,true,,231,158,100,100,http://localhost:8079/?token=518499913&user=-1355070315&config=3,3438,0,0
1778791400158,3437,HTTP Request,200,OK,Thread Group 1-24,text,true,,231,158,100,100,http://localhost:8079/?token=518499913&user=-1355070315&config=3,3437,0,0
1778791398577,5018,HTTP Request,200,OK,Thread Group 1-85,text,true,,231,158,100,100,http://localhost:8079/?token=518499913&user=-1355070315&config=3,5018,0,0
1778791400158,3437,HTTP Request,200,OK,Thread Group 1-37,text,true,,231,158,100,100,http://localhost:8079/?token=518499913&user=-1355070315&config=3,3437,0,0
1778791400158,3437,HTTP Request,200,OK,Thread Group 1-63,text,true,,231,158,100,100,http://localhost:8079/?token=518499913&user=-1355070315&config=3,3437,0,0
1778791400159,3436,HTTP Request,200,OK,Thread Group 1-17,text,true,,231,158,100,100,http://localhost:8079/?token=518499913&user=-1355070315&config=3,3436,0,0
1778791398577,5018,HTTP Request,200,OK,Thread Group 1-34,text,true,,231,158,100,100,http://localhost:8079/?token=518499913&user=-1355070315&config=3,5018,0,0
1778791400159,3436,HTTP Request,200,OK,Thread Group 1-90,text,true,,231,158,100,100,http://localhost:8079/?token=518499913&user=-1355070315&config=3,3436,0,0
1778791400158,3437,HTTP Request,200,OK,Thread Group 1-74,text,true,,231,158,100,100,http://localhost:8079/?token=518499913&user=-1355070315&config=3,3437,0,0
1778791400158,3437,HTTP Request,200,OK,Thread Group 1-6,text,true,,231,158,100,100,http://localhost:8079/?token=518499913&user=-1355070315&config=3,3437,0,0
1778791400159,3450,HTTP Request,200,OK,Thread Group 1-12,text,true,,231,158,100,100,http://localhost:8079/?token=518499913&user=-1355070315&config=3,3450,0,0
1778791400156,3453,HTTP Request,200,OK,Thread Group 1-62,text,true,,231,158,100,100,http://localhost:8079/?token=518499913&user=-1355070315&config=3,3453,0,0
1778791400158,3451,HTTP Request,200,OK,Thread Group 1-2,text,true,,231,158,100,100,http://localhost:8079/?token=518499913&user=-1355070315&config=3,3451,0,0
1778791400159,5238,HTTP Request,200,OK,Thread Group 1-19,text,true,,231,158,100,100,http://localhost:8079/?token=518499913&user=-1355070315&config=3,5237,0,0
1778791400159,5239,HTTP Request,200,OK,Thread Group 1-76,text,true,,231,158,100,100,http://localhost:8079/?token=518499913&user=-1355070315&config=3,5239,0,0
1778791400159,5240,HTTP Request,200,OK,Thread Group 1-84,text,true,,231,158,100,100,http://localhost:8079/?token=518499913&user=-1355070315&config=3,5240,0,0
1778791400158,5244,HTTP Request,200,OK,Thread Group 1-92,text,true,,231,158,100,100,http://localhost:8079/?token=518499913&user=-1355070315&config=3,5244,0,0
1778791400158,5245,HTTP Request,200,OK,Thread Group 1-97,text,true,,231,158,100,100,http://localhost:8079/?token=518499913&user=-1355070315&config=3,5245,0,0
1778791400159,5244,HTTP Request,200,OK,Thread Group 1-98,text,true,,231,158,100,100,http://localhost:8079/?token=518499913&user=-1355070315&config=3,5244,0,0
1778791400158,5245,HTTP Request,200,OK,Thread Group 1-40,text,true,,231,158,100,100,http://localhost:8079/?token=518499913&user=-1355070315&config=3,5245,0,0
1778791400159,5245,HTTP Request,200,OK,Thread Group 1-53,text,true,,231,158,100,100,http://localhost:8079/?token=518499913&user=-1355070315&config=3,5245,0,0
1778791400159,5245,HTTP Request,200,OK,Thread Group 1-25,text,true,,231,158,100,100,http://localhost:8079/?token=518499913&user=-1355070315&config=3,5245,0,0
1778791400159,5245,HTTP Request,200,OK,Thread Group 1-30,text,true,,231,158,100,100,http://localhost:8079/?token=518499913&user=-1355070315&config=3,5245,0,0
1778791400158,5246,HTTP Request,200,OK,Thread Group 1-59,text,true,,231,158,100,100,http://localhost:8079/?token=518499913&user=-1355070315&config=3,5246,0,0
1778791400179,5225,HTTP Request,200,OK,Thread Group 1-52,text,true,,231,158,100,100,http://localhost:8079/?token=518499913&user=-1355070315&config=3,5225,0,0
1778791400159,5245,HTTP Request,200,OK,Thread Group 1-67,text,true,,231,158,100,100,http://localhost:8079/?token=518499913&user=-1355070315&config=3,5245,0,0
1778791400159,5245,HTTP Request,200,OK,Thread Group 1-61,text,true,,231,158,100,100,http://localhost:8079/?token=518499913&user=-1355070315&config=3,5245,0,0
1778791400159,5245,HTTP Request,200,OK,Thread Group 1-36,text,true,,231,158,100,100,http://localhost:8079/?token=518499913&user=-1355070315&config=3,5245,0,0
1778791400159,5245,HTTP Request,200,OK,Thread Group 1-51,text,true,,231,158,100,100,http://localhost:8079/?token=518499913&user=-1355070315&config=3,5245,0,0
1778791400179,5225,HTTP Request,200,OK,Thread Group 1-71,text,true,,231,158,100,100,http://localhost:8079/?token=518499913&user=-1355070315&config=3,5225,0,0
1778791401915,3490,HTTP Request,200,OK,Thread Group 1-10,text,true,,231,158,100,100,http://localhost:8079/?token=518499913&user=-1355070315&config=3,3490,0,0
1778791401915,3490,HTTP Request,200,OK,Thread Group 1-16,text,true,,231,158,100,100,http://localhost:8079/?token=518499913&user=-1355070315&config=3,3490,0,0
1778791400158,5247,HTTP Request,200,OK,Thread Group 1-44,text,true,,231,158,100,100,http://localhost:8079/?token=518499913&user=-1355070315&config=3,5247,0,2
1778791400159,5245,HTTP Request,200,OK,Thread Group 1-70,text,true,,231,158,100,100,http://localhost:8079/?token=518499913&user=-1355070315&config=3,5245,0,0
1778791401915,3490,HTTP Request,200,OK,Thread Group 1-79,text,true,,231,158,100,100,http://localhost:8079/?token=518499913&user=-1355070315&config=3,3490,0,0
1778791401913,3492,HTTP Request,200,OK,Thread Group 1-73,text,true,,231,158,100,100,http://localhost:8079/?token=518499913&user=-1355070315&config=3,3492,0,0
1778791401918,3487,HTTP Request,200,OK,Thread Group 1-75,text,true,,231,158,100,100,http://localhost:8079/?token=518499913&user=-1355070315&config=3,3487,0,0
1778791401919,3486,HTTP Request,200,OK,Thread Group 1-14,text,true,,231,158,100,100,http://localhost:8079/?token=518499913&user=-1355070315&config=3,3486,0,0
1778791401915,3490,HTTP Request,200,OK,Thread Group 1-82,text,true,,231,158,100,100,http://localhost:8079/?token=518499913&user=-1355070315&config=3,3490,0,0
1778791401918,3487,HTTP Request,200,OK,Thread Group 1-86,text,true,,231,158,100,100,http://localhost:8079/?token=518499913&user=-1355070315&config=3,3487,0,0
1778791401918,3487,HTTP Request,200,OK,Thread Group 1-88,text,true,,231,158,100,100,http://localhost:8079/?token=518499913&user=-1355070315&config=3,3487,0,0
1778791401913,3493,HTTP Request,200,OK,Thread Group 1-78,text,true,,231,158,100,100,http://localhost:8079/?token=518499913&user=-1355070315&config=3,3493,0,0
1778791401918,3488,HTTP Request,200,OK,Thread Group 1-26,text,true,,231,158,100,100,http://localhost:8079/?token=518499913&user=-1355070315&config=3,3488,0,0
1778791401918,3488,HTTP Request,200,OK,Thread Group 1-31,text,true,,231,158,100,100,http://localhost:8079/?token=518499913&user=-1355070315&config=3,3488,0,0
1778791401918,3488,HTTP Request,200,OK,Thread Group 1-13,text,true,,231,158,100,100,http://localhost:8079/?token=518499913&user=-1355070315&config=3,3488,0,0
1778791401918,3488,HTTP Request,200,OK,Thread Group 1-55,text,true,,231,158,100,100,http://localhost:8079/?token=518499913&user=-1355070315&config=3,3488,0,0
1778791401915,3500,HTTP Request,200,OK,Thread Group 1-83,text,true,,231,158,100,100,http://localhost:8079/?token=518499913&user=-1355070315&config=3,3500,0,0
1778791401918,3497,HTTP Request,200,OK,Thread Group 1-80,text,true,,231,158,100,100,http://localhost:8079/?token=518499913&user=-1355070315&config=3,3497,0,0
1778791401918,5053,HTTP Request,200,OK,Thread Group 1-39,text,true,,231,158,100,100,http://localhost:8079/?token=518499913&user=-1355070315&config=3,5053,0,0
1778791401918,5059,HTTP Request,200,OK,Thread Group 1-56,text,true,,231,158,100,100,http://localhost:8079/?token=518499913&user=-1355070315&config=3,5059,0,0
1778791401918,5059,HTTP Request,200,OK,Thread Group 1-9,text,true,,231,158,100,100,http://localhost:8079/?token=518499913&user=-1355070315&config=3,5059,0,0
1778791401918,5059,HTTP Request,200,OK,Thread Group 1-11,text,true,,231,158,100,100,http://localhost:8079/?token=518499913&user=-1355070315&config=3,5059,0,0
1778791401914,5063,HTTP Request,200,OK,Thread Group 1-15,text,true,,231,158,100,100,http://localhost:8079/?token=518499913&user=-1355070315&config=3,5063,0,0
1778791401914,5064,HTTP Request,200,OK,Thread Group 1-21,text,true,,231,158,100,100,http://localhost:8079/?token=518499913&user=-1355070315&config=3,5064,0,0
1778791401914,5064,HTTP Request,200,OK,Thread Group 1-94,text,true,,231,158,100,100,http://localhost:8079/?token=518499913&user=-1355070315&config=3,5064,0,0
1778791401914,5064,HTTP Request,200,OK,Thread Group 1-54,text,true,,231,158,100,100,http://localhost:8079/?token=518499913&user=-1355070315&config=3,5064,0,0
1778791401914,5065,HTTP Request,200,OK,Thread Group 1-58,text,true,,231,158,100,100,http://localhost:8079/?token=518499913&user=-1355070315&config=3,5065,0,0
1778791401918,5061,HTTP Request,200,OK,Thread Group 1-8,text,true,,231,158,100,100,http://localhost:8079/?token=518499913&user=-1355070315&config=3,5061,0,0
1778791401914,5065,HTTP Request,200,OK,Thread Group 1-27,text,true,,231,158,100,100,http://localhost:8079/?token=518499913&user=-1355070315&config=3,5065,0,0
1778791401918,5062,HTTP Request,200,OK,Thread Group 1-28,text,true,,231,158,100,100,http://localhost:8079/?token=518499913&user=-1355070315&config=3,5062,0,0
1778791401915,5065,HTTP Request,200,OK,Thread Group 1-32,text,true,,231,158,100,100,http://localhost:8079/?token=518499913&user=-1355070315&config=3,5065,0,0
1778791401918,5062,HTTP Request,200,OK,Thread Group 1-99,text,true,,231,158,100,100,http://localhost:8079/?token=518499913&user=-1355070315&config=3,5062,0,0
1778791401918,5062,HTTP Request,200,OK,Thread Group 1-41,text,true,,231,158,100,100,http://localhost:8079/?token=518499913&user=-1355070315&config=3,5062,0,0
1778791401914,5066,HTTP Request,200,OK,Thread Group 1-57,text,true,,231,158,100,100,http://localhost:8079/?token=518499913&user=-1355070315&config=3,5066,0,0
1778791401914,5066,HTTP Request,200,OK,Thread Group 1-4,text,true,,231,158,100,100,http://localhost:8079/?token=518499913&user=-1355070315&config=3,5066,0,0
1778791403590,3390,HTTP Request,200,OK,Thread Group 1-18,text,true,,231,158,100,100,http://localhost:8079/?token=518499913&user=-1355070315&config=3,3390,0,0
1778791401918,5063,HTTP Request,200,OK,Thread Group 1-20,text,true,,231,158,100,100,http://localhost:8079/?token=518499913&user=-1355070315&config=3,5063,0,0
1778791403589,3392,HTTP Request,200,OK,Thread Group 1-96,text,true,,231,158,100,100,http://localhost:8079/?token=518499913&user=-1355070315&config=3,3392,0,0
1778791401930,5051,HTTP Request,200,OK,Thread Group 1-72,text,true,,231,158,100,100,http://localhost:8079/?token=518499913&user=-1355070315&config=3,5051,0,0
1778791403590,3391,HTTP Request,200,OK,Thread Group 1-3,text,true,,231,158,100,100,http://localhost:8079/?token=518499913&user=-1355070315&config=3,3391,0,0
1778791403591,3391,HTTP Request,200,OK,Thread Group 1-22,text,true,,231,158,100,100,http://localhost:8079/?token=518499913&user=-1355070315&config=3,3390,0,0
1778791403591,3391,HTTP Request,200,OK,Thread Group 1-33,text,true,,231,158,100,100,http://localhost:8079/?token=518499913&user=-1355070315&config=3,3391,0,0
1778791403591,3391,HTTP Request,200,OK,Thread Group 1-35,text,true,,231,158,100,100,http://localhost:8079/?token=518499913&user=-1355070315&config=3,3391,0,0
1778791401918,5061,HTTP Request,200,OK,Thread Group 1-7,text,true,,231,158,100,100,http://localhost:8079/?token=518499913&user=-1355070315&config=3,5061,0,0
1778791401918,5061,HTTP Request,200,OK,Thread Group 1-60,text,true,,231,158,100,100,http://localhost:8079/?token=518499913&user=-1355070315&config=3,5061,0,0
1778791403590,3396,HTTP Request,200,OK,Thread Group 1-77,text,true,,231,158,100,100,http://localhost:8079/?token=518499913&user=-1355070315&config=3,3396,0,0
1778791403590,3396,HTTP Request,200,OK,Thread Group 1-87,text,true,,231,158,100,100,http://localhost:8079/?token=518499913&user=-1355070315&config=3,3396,0,0
1778791403592,3394,HTTP Request,200,OK,Thread Group 1-91,text,true,,231,158,100,100,http://localhost:8079/?token=518499913&user=-1355070315&config=3,3394,0,0
1778791401914,5073,HTTP Request,200,OK,Thread Group 1-45,text,true,,231,158,100,100,http://localhost:8079/?token=518499913&user=-1355070315&config=3,5073,0,1
1778791401918,5069,HTTP Request,200,OK,Thread Group 1-43,text,true,,231,158,100,100,http://localhost:8079/?token=518499913&user=-1355070315&config=3,5069,0,1
1778791403590,3397,HTTP Request,200,OK,Thread Group 1-5,text,true,,231,158,100,100,http://localhost:8079/?token=518499913&user=-1355070315&config=3,3397,0,0
1778791403595,3392,HTTP Request,200,OK,Thread Group 1-6,text,true,,231,158,100,100,http://localhost:8079/?token=518499913&user=-1355070315&config=3,3392,0,0
1778791403592,3395,HTTP Request,200,OK,Thread Group 1-69,text,true,,231,158,100,100,http://localhost:8079/?token=518499913&user=-1355070315&config=3,3395,0,0
1778791403592,3395,HTTP Request,200,OK,Thread Group 1-81,text,true,,231,158,100,100,http://localhost:8079/?token=518499913&user=-1355070315&config=3,3395,0,0
1778791403591,3396,HTTP Request,200,OK,Thread Group 1-89,text,true,,231,158,100,100,http://localhost:8079/?token=518499913&user=-1355070315&config=3,3396,0,0
1778791401930,5058,HTTP Request,200,OK,Thread Group 1-46,text,true,,231,158,100,100,http://localhost:8079/?token=518499913&user=-1355070315&config=3,5058,0,1
1778791403591,3403,HTTP Request,200,OK,Thread Group 1-65,text,true,,231,158,100,100,http://localhost:8079/?token=518499913&user=-1355070315&config=3,3403,0,0
1778791403595,3399,HTTP Request,200,OK,Thread Group 1-74,text,true,,231,158,100,100,http://localhost:8079/?token=518499913&user=-1355070315&config=3,3399,0,0
1778791403591,4736,HTTP Request,200,OK,Thread Group 1-100,text,true,,231,158,100,100,http://localhost:8079/?token=518499913&user=-1355070315&config=3,4736,0,0
1778791403609,4722,HTTP Request,200,OK,Thread Group 1-62,text,true,,231,158,100,100,http://localhost:8079/?token=518499913&user=-1355070315&config=3,4722,0,0
1778791403592,4740,HTTP Request,200,OK,Thread Group 1-64,text,true,,231,158,100,100,http://localhost:8079/?token=518499913&user=-1355070315&config=3,4740,0,0
1778791403595,4741,HTTP Request,200,OK,Thread Group 1-24,text,true,,231,158,100,100,http://localhost:8079/?token=518499913&user=-1355070315&config=3,4741,0,0
1778791403595,4742,HTTP Request,200,OK,Thread Group 1-85,text,true,,231,158,100,100,http://localhost:8079/?token=518499913&user=-1355070315&config=3,4742,0,0
1778791403592,4745,HTTP Request,200,OK,Thread Group 1-93,text,true,,231,158,100,100,http://localhost:8079/?token=518499913&user=-1355070315&config=3,4745,0,0
1778791403591,4746,HTTP Request,200,OK,Thread Group 1-95,text,true,,231,158,100,100,http://localhost:8079/?token=518499913&user=-1355070315&config=3,4746,0,0
1778791403592,4746,HTTP Request,200,OK,Thread Group 1-42,text,true,,231,158,100,100,http://localhost:8079/?token=518499913&user=-1355070315&config=3,4746,0,0
1778791403592,4746,HTTP Request,200,OK,Thread Group 1-50,text,true,,231,158,100,100,http://localhost:8079/?token=518499913&user=-1355070315&config=3,4746,0,0
1778791403595,4743,HTTP Request,200,OK,Thread Group 1-63,text,true,,231,158,100,100,http://localhost:8079/?token=518499913&user=-1355070315&config=3,4743,0,0
1778791403595,4743,HTTP Request,200,OK,Thread Group 1-17,text,true,,231,158,100,100,http://localhost:8079/?token=518499913&user=-1355070315&config=3,4743,0,0
1778791403592,4746,HTTP Request,200,OK,Thread Group 1-23,text,true,,231,158,100,100,http://localhost:8079/?token=518499913&user=-1355070315&config=3,4746,0,0
1778791403592,4746,HTTP Request,200,OK,Thread Group 1-1,text,true,,231,158,100,100,http://localhost:8079/?token=518499913&user=-1355070315&config=3,4746,0,0
1778791403592,4746,HTTP Request,200,OK,Thread Group 1-29,text,true,,231,158,100,100,http://localhost:8079/?token=518499913&user=-1355070315&config=3,4746,0,0
1778791403595,4743,HTTP Request,200,OK,Thread Group 1-90,text,true,,231,158,100,100,http://localhost:8079/?token=518499913&user=-1355070315&config=3,4743,0,0
1778791403595,4744,HTTP Request,200,OK,Thread Group 1-34,text,true,,231,158,100,100,http://localhost:8079/?token=518499913&user=-1355070315&config=3,4744,0,0
1778791403592,4747,HTTP Request,200,OK,Thread Group 1-38,text,true,,231,158,100,100,http://localhost:8079/?token=518499913&user=-1355070315&config=3,4747,0,0
1778791403595,4744,HTTP Request,200,OK,Thread Group 1-68,text,true,,231,158,100,100,http://localhost:8079/?token=518499913&user=-1355070315&config=3,4744,0,0
1778791405397,2941,HTTP Request,200,OK,Thread Group 1-76,text,true,,231,158,100,100,http://localhost:8079/?token=518499913&user=-1355070315&config=3,2941,0,0
1778791403595,4744,HTTP Request,200,OK,Thread Group 1-66,text,true,,231,158,100,100,http://localhost:8079/?token=518499913&user=-1355070315&config=3,4744,0,0
1778791403590,4749,HTTP Request,200,OK,Thread Group 1-49,text,true,,231,158,100,100,http://localhost:8079/?token=518499913&user=-1355070315&config=3,4749,0,1
1778791403609,4730,HTTP Request,200,OK,Thread Group 1-12,text,true,,231,158,100,100,http://localhost:8079/?token=518499913&user=-1355070315&config=3,4730,0,0
1778791403592,4747,HTTP Request,200,OK,Thread Group 1-47,text,true,,231,158,100,100,http://localhost:8079/?token=518499913&user=-1355070315&config=3,4747,0,1
1778791405404,2934,HTTP Request,200,OK,Thread Group 1-67,text,true,,231,158,100,100,http://localhost:8079/?token=518499913&user=-1355070315&config=3,2934,0,0
1778791405404,2934,HTTP Request,200,OK,Thread Group 1-70,text,true,,231,158,100,100,http://localhost:8079/?token=518499913&user=-1355070315&config=3,2934,0,0
1778791405404,2934,HTTP Request,200,OK,Thread Group 1-71,text,true,,231,158,100,100,http://localhost:8079/?token=518499913&user=-1355070315&config=3,2934,0,0
1778791405404,2934,HTTP Request,200,OK,Thread Group 1-10,text,true,,231,158,100,100,http://localhost:8079/?token=518499913&user=-1355070315&config=3,2934,0,0
1778791405404,2934,HTTP Request,200,OK,Thread Group 1-16,text,true,,231,158,100,100,http://localhost:8079/?token=518499913&user=-1355070315&config=3,2934,0,0
1778791405401,2937,HTTP Request,200,OK,Thread Group 1-92,text,true,,231,158,100,100,http://localhost:8079/?token=518499913&user=-1355070315&config=3,2937,0,0
1778791403595,4744,HTTP Request,200,OK,Thread Group 1-37,text,true,,231,158,100,100,http://localhost:8079/?token=518499913&user=-1355070315&config=3,4744,0,0
1778791405404,2934,HTTP Request,200,OK,Thread Group 1-79,text,true,,231,158,100,100,http://localhost:8079/?token=518499913&user=-1355070315&config=3,2934,0,0
1778791405403,2936,HTTP Request,200,OK,Thread Group 1-53,text,true,,231,158,100,100,http://localhost:8079/?token=518499913&user=-1355070315&config=3,2936,0,0
1778791405402,2937,HTTP Request,200,OK,Thread Group 1-97,text,true,,231,158,100,100,http://localhost:8079/?token=518499913&user=-1355070315&config=3,2937,0,0
1778791405403,2936,HTTP Request,200,OK,Thread Group 1-61,text,true,,231,158,100,100,http://localhost:8079/?token=518499913&user=-1355070315&config=3,2936,0,0
1778791405403,2936,HTTP Request,200,OK,Thread Group 1-52,text,true,,231,158,100,100,http://localhost:8079/?token=518499913&user=-1355070315&config=3,2936,0,0
1778791403609,4730,HTTP Request,200,OK,Thread Group 1-2,text,true,,231,158,100,100,http://localhost:8079/?token=518499913&user=-1355070315&config=3,4730,0,0
1778791403592,4747,HTTP Request,200,OK,Thread Group 1-48,text,true,,231,158,100,100,http://localhost:8079/?token=518499913&user=-1355070315&config=3,4747,0,0
1778791405402,2936,HTTP Request,200,OK,Thread Group 1-98,text,true,,231,158,100,100,http://localhost:8079/?token=518499913&user=-1355070315&config=3,2936,0,0
1778791405404,2944,HTTP Request,200,OK,Thread Group 1-44,text,true,,231,158,100,100,http://localhost:8079/?token=518499913&user=-1355070315&config=3,2944,0,0
1778791406980,3133,HTTP Request,200,OK,Thread Group 1-72,text,true,,231,158,100,100,http://localhost:8079/?token=518499913&user=-1355070315&config=3,3133,0,0
1778791405404,4710,HTTP Request,200,OK,Thread Group 1-73,text,true,,231,158,100,100,http://localhost:8079/?token=518499913&user=-1355070315&config=3,4710,0,0
1778791405404,4710,HTTP Request,200,OK,Thread Group 1-75,text,true,,231,158,100,100,http://localhost:8079/?token=518499913&user=-1355070315&config=3,4710,0,0
1778791405404,4710,HTTP Request,200,OK,Thread Group 1-14,text,true,,231,158,100,100,http://localhost:8079/?token=518499913&user=-1355070315&config=3,4710,0,0
1778791405405,4709,HTTP Request,200,OK,Thread Group 1-78,text,true,,231,158,100,100,http://localhost:8079/?token=518499913&user=-1355070315&config=3,4709,0,0
1778791405404,4714,HTTP Request,200,OK,Thread Group 1-82,text,true,,231,158,100,100,http://localhost:8079/?token=518499913&user=-1355070315&config=3,4714,0,0
1778791405414,4704,HTTP Request,200,OK,Thread Group 1-83,text,true,,231,158,100,100,http://localhost:8079/?token=518499913&user=-1355070315&config=3,4704,0,0
1778791405405,4714,HTTP Request,200,OK,Thread Group 1-86,text,true,,231,158,100,100,http://localhost:8079/?token=518499913&user=-1355070315&config=3,4714,0,0
1778791405400,4719,HTTP Request,200,OK,Thread Group 1-84,text,true,,231,158,100,100,http://localhost:8079/?token=518499913&user=-1355070315&config=3,4719,0,0
1778791405405,4714,HTTP Request,200,OK,Thread Group 1-88,text,true,,231,158,100,100,http://localhost:8079/?token=518499913&user=-1355070315&config=3,4714,0,0
1778791405405,4714,HTTP Request,200,OK,Thread Group 1-26,text,true,,231,158,100,100,http://localhost:8079/?token=518499913&user=-1355070315&config=3,4714,0,0
1778791405405,4714,HTTP Request,200,OK,Thread Group 1-31,text,true,,231,158,100,100,http://localhost:8079/?token=518499913&user=-1355070315&config=3,4714,0,0
1778791406977,3142,HTTP Request,200,OK,Thread Group 1-94,text,true,,231,158,100,100,http://localhost:8079/?token=518499913&user=-1355070315&config=3,3142,0,0
1778791405402,4717,HTTP Request,200,OK,Thread Group 1-40,text,true,,231,158,100,100,http://localhost:8079/?token=518499913&user=-1355070315&config=3,4717,0,0
1778791406970,3149,HTTP Request,200,OK,Thread Group 1-39,text,true,,231,158,100,100,http://localhost:8079/?token=518499913&user=-1355070315&config=3,3149,0,0
1778791405404,4716,HTTP Request,200,OK,Thread Group 1-51,text,true,,231,158,100,100,http://localhost:8079/?token=518499913&user=-1355070315&config=3,4716,0,1
1778791405405,4715,HTTP Request,200,OK,Thread Group 1-55,text,true,,231,158,100,100,http://localhost:8079/?token=518499913&user=-1355070315&config=3,4715,0,0
1778791406976,3144,HTTP Request,200,OK,Thread Group 1-56,text,true,,231,158,100,100,http://localhost:8079/?token=518499913&user=-1355070315&config=3,3144,0,0
1778791405403,4717,HTTP Request,200,OK,Thread Group 1-59,text,true,,231,158,100,100,http://localhost:8079/?token=518499913&user=-1355070315&config=3,4717,0,0
1778791406976,3144,HTTP Request,200,OK,Thread Group 1-9,text,true,,231,158,100,100,http://localhost:8079/?token=518499913&user=-1355070315&config=3,3144,0,0
1778791406976,3144,HTTP Request,200,OK,Thread Group 1-11,text,true,,231,158,100,100,http://localhost:8079/?token=518499913&user=-1355070315&config=3,3144,0,0
1778791405405,4716,HTTP Request,200,OK,Thread Group 1-13,text,true,,231,158,100,100,http://localhost:8079/?token=518499913&user=-1355070315&config=3,4716,0,0
1778791406976,3145,HTTP Request,200,OK,Thread Group 1-15,text,true,,231,158,100,100,http://localhost:8079/?token=518499913&user=-1355070315&config=3,3145,0,0
1778791405414,4707,HTTP Request,200,OK,Thread Group 1-80,text,true,,231,158,100,100,http://localhost:8079/?token=518499913&user=-1355070315&config=3,4707,0,0
1778791405397,4724,HTTP Request,200,OK,Thread Group 1-19,text,true,,231,158,100,100,http://localhost:8079/?token=518499913&user=-1355070315&config=3,4724,0,0
1778791406977,3144,HTTP Request,200,OK,Thread Group 1-21,text,true,,231,158,100,100,http://localhost:8079/?token=518499913&user=-1355070315&config=3,3144,0,0
1778791405403,4718,HTTP Request,200,OK,Thread Group 1-25,text,true,,231,158,100,100,http://localhost:8079/?token=518499913&user=-1355070315&config=3,4718,0,0
1778791405403,4719,HTTP Request,200,OK,Thread Group 1-30,text,true,,231,158,100,100,http://localhost:8079/?token=518499913&user=-1355070315&config=3,4719,0,0
1778791406979,3142,HTTP Request,200,OK,Thread Group 1-28,text,true,,231,158,100,100,http://localhost:8079/?token=518499913&user=-1355070315&config=3,3142,0,0
1778791406979,3143,HTTP Request,200,OK,Thread Group 1-32,text,true,,231,158,100,100,http://localhost:8079/?token=518499913&user=-1355070315&config=3,3143,0,0
1778791406980,3142,HTTP Request,200,OK,Thread Group 1-96,text,true,,231,158,100,100,http://localhost:8079/?token=518499913&user=-1355070315&config=3,3142,0,0
1778791405403,4719,HTTP Request,200,OK,Thread Group 1-36,text,true,,231,158,100,100,http://localhost:8079/?token=518499913&user=-1355070315&config=3,4719,0,0
1778791406979,3143,HTTP Request,200,OK,Thread Group 1-41,text,true,,231,158,100,100,http://localhost:8079/?token=518499913&user=-1355070315&config=3,3143,0,0
1778791406980,3145,HTTP Request,200,OK,Thread Group 1-3,text,true,,231,158,100,100,http://localhost:8079/?token=518499913&user=-1355070315&config=3,3145,0,0
1778791406978,3147,HTTP Request,200,OK,Thread Group 1-27,text,true,,231,158,100,100,http://localhost:8079/?token=518499913&user=-1355070315&config=3,3147,0,0
1778791406981,3144,HTTP Request,200,OK,Thread Group 1-33,text,true,,231,158,100,100,http://localhost:8079/?token=518499913&user=-1355070315&config=3,3144,0,0
1778791406981,3144,HTTP Request,200,OK,Thread Group 1-22,text,true,,231,158,100,100,http://localhost:8079/?token=518499913&user=-1355070315&config=3,3144,0,0
1778791406977,3148,HTTP Request,200,OK,Thread Group 1-54,text,true,,231,158,100,100,http://localhost:8079/?token=518499913&user=-1355070315&config=3,3148,0,0
1778791406980,4813,HTTP Request,200,OK,Thread Group 1-18,text,true,,231,158,100,100,http://localhost:8079/?token=518499913&user=-1355070315&config=3,4813,0,0
1778791406979,4815,HTTP Request,200,OK,Thread Group 1-57,text,true,,231,158,100,100,http://localhost:8079/?token=518499913&user=-1355070315&config=3,4815,0,0
1778791406978,4816,HTTP Request,200,OK,Thread Group 1-8,text,true,,231,158,100,100,http://localhost:8079/?token=518499913&user=-1355070315&config=3,4816,0,0
1778791406980,4815,HTTP Request,200,OK,Thread Group 1-20,text,true,,231,158,100,100,http://localhost:8079/?token=518499913&user=-1355070315&config=3,4815,0,0
1778791406979,4816,HTTP Request,200,OK,Thread Group 1-99,text,true,,231,158,100,100,http://localhost:8079/?token=518499913&user=-1355070315&config=3,4816,0,0
1778791406981,4814,HTTP Request,200,OK,Thread Group 1-35,text,true,,231,158,100,100,http://localhost:8079/?token=518499913&user=-1355070315&config=3,4814,0,0
1778791406985,4812,HTTP Request,200,OK,Thread Group 1-77,text,true,,231,158,100,100,http://localhost:8079/?token=518499913&user=-1355070315&config=3,4812,0,0
1778791406985,4812,HTTP Request,200,OK,Thread Group 1-87,text,true,,231,158,100,100,http://localhost:8079/?token=518499913&user=-1355070315&config=3,4812,0,0
1778791406985,4812,HTTP Request,200,OK,Thread Group 1-91,text,true,,231,158,100,100,http://localhost:8079/?token=518499913&user=-1355070315&config=3,4812,0,0
1778791406986,4811,HTTP Request,200,OK,Thread Group 1-45,text,true,,231,158,100,100,http://localhost:8079/?token=518499913&user=-1355070315&config=3,4811,0,0
1778791406986,4811,HTTP Request,200,OK,Thread Group 1-43,text,true,,231,158,100,100,http://localhost:8079/?token=518499913&user=-1355070315&config=3,4811,0,0
1778791406979,4819,HTTP Request,200,OK,Thread Group 1-4,text,true,,231,158,100,100,http://localhost:8079/?token=518499913&user=-1355070315&config=3,4819,0,0
1778791406986,4812,HTTP Request,200,OK,Thread Group 1-69,text,true,,231,158,100,100,http://localhost:8079/?token=518499913&user=-1355070315&config=3,4812,0,0
1778791406985,4813,HTTP Request,200,OK,Thread Group 1-60,text,true,,231,158,100,100,http://localhost:8079/?token=518499913&user=-1355070315&config=3,4813,0,0
1778791406993,4805,HTTP Request,200,OK,Thread Group 1-74,text,true,,231,158,100,100,http://localhost:8079/?token=518499913&user=-1355070315&config=3,4805,0,0
1778791406984,4814,HTTP Request,200,OK,Thread Group 1-7,text,true,,231,158,100,100,http://localhost:8079/?token=518499913&user=-1355070315&config=3,4814,0,0
1778791406986,4812,HTTP Request,200,OK,Thread Group 1-81,text,true,,231,158,100,100,http://localhost:8079/?token=518499913&user=-1355070315&config=3,4812,0,0
1778791406987,4811,HTTP Request,200,OK,Thread Group 1-89,text,true,,231,158,100,100,http://localhost:8079/?token=518499913&user=-1355070315&config=3,4811,0,0
1778791406987,4811,HTTP Request,200,OK,Thread Group 1-46,text,true,,231,158,100,100,http://localhost:8079/?token=518499913&user=-1355070315&config=3,4811,0,0
1778791406986,4812,HTTP Request,200,OK,Thread Group 1-6,text,true,,231,158,100,100,http://localhost:8079/?token=518499913&user=-1355070315&config=3,4812,0,0
1778791406986,4812,HTTP Request,200,OK,Thread Group 1-5,text,true,,231,158,100,100,http://localhost:8079/?token=518499913&user=-1355070315&config=3,4812,0,0
1778791408331,3468,HTTP Request,200,OK,Thread Group 1-62,text,true,,231,158,100,100,http://localhost:8079/?token=518499913&user=-1355070315&config=3,3468,0,0
1778791408332,3467,HTTP Request,200,OK,Thread Group 1-64,text,true,,231,158,100,100,http://localhost:8079/?token=518499913&user=-1355070315&config=3,3467,0,0
1778791406993,4806,HTTP Request,200,OK,Thread Group 1-65,text,true,,231,158,100,100,http://localhost:8079/?token=518499913&user=-1355070315&config=3,4806,0,0
1778791408338,3461,HTTP Request,200,OK,Thread Group 1-66,text,true,,231,158,100,100,http://localhost:8079/?token=518499913&user=-1355070315&config=3,3461,0,0
1778791406984,4815,HTTP Request,200,OK,Thread Group 1-58,text,true,,231,158,100,100,http://localhost:8079/?token=518499913&user=-1355070315&config=3,4815,0,0
1778791408338,3461,HTTP Request,200,OK,Thread Group 1-67,text,true,,231,158,100,100,http://localhost:8079/?token=518499913&user=-1355070315&config=3,3461,0,0
1778791408338,3461,HTTP Request,200,OK,Thread Group 1-68,text,true,,231,158,100,100,http://localhost:8079/?token=518499913&user=-1355070315&config=3,3461,0,0
1778791408338,3461,HTTP Request,200,OK,Thread Group 1-70,text,true,,231,158,100,100,http://localhost:8079/?token=518499913&user=-1355070315&config=3,3461,0,0
1778791408338,3461,HTTP Request,200,OK,Thread Group 1-76,text,true,,231,158,100,100,http://localhost:8079/?token=518499913&user=-1355070315&config=3,3461,0,0
1778791408339,3461,HTTP Request,200,OK,Thread Group 1-98,text,true,,231,158,100,100,http://localhost:8079/?token=518499913&user=-1355070315&config=3,3461,0,0
1778791408327,3473,HTTP Request,200,OK,Thread Group 1-100,text,true,,231,158,100,100,http://localhost:8079/?token=518499913&user=-1355070315&config=3,3473,0,0
1778791408338,3462,HTTP Request,200,OK,Thread Group 1-49,text,true,,231,158,100,100,http://localhost:8079/?token=518499913&user=-1355070315&config=3,3462,0,0
1778791408338,3475,HTTP Request,200,OK,Thread Group 1-29,text,true,,231,158,100,100,http://localhost:8079/?token=518499913&user=-1355070315&config=3,3475,0,0
1778791408338,3475,HTTP Request,200,OK,Thread Group 1-34,text,true,,231,158,100,100,http://localhost:8079/?token=518499913&user=-1355070315&config=3,3475,0,0
1778791408338,3475,HTTP Request,200,OK,Thread Group 1-92,text,true,,231,158,100,100,http://localhost:8079/?token=518499913&user=-1355070315&config=3,3475,0,0
1778791408338,3475,HTTP Request,200,OK,Thread Group 1-71,text,true,,231,158,100,100,http://localhost:8079/?token=518499913&user=-1355070315&config=3,3475,0,0
1778791408335,3478,HTTP Request,200,OK,Thread Group 1-24,text,true,,231,158,100,100,http://localhost:8079/?token=518499913&user=-1355070315&config=3,3478,0,0
1778791408338,5029,HTTP Request,200,OK,Thread Group 1-10,text,true,,231,158,100,100,http://localhost:8079/?token=518499913&user=-1355070315&config=3,5029,0,0
1778791408338,5030,HTTP Request,200,OK,Thread Group 1-16,text,true,,231,158,100,100,http://localhost:8079/?token=518499913&user=-1355070315&config=3,5030,0,0
1778791408338,5030,HTTP Request,200,OK,Thread Group 1-79,text,true,,231,158,100,100,http://localhost:8079/?token=518499913&user=-1355070315&config=3,5030,0,0
1778791408337,5031,HTTP Request,200,OK,Thread Group 1-95,text,true,,231,158,100,100,http://localhost:8079/?token=518499913&user=-1355070315&config=3,5031,0,0
1778791408339,5029,HTTP Request,200,OK,Thread Group 1-97,text,true,,231,158,100,100,http://localhost:8079/?token=518499913&user=-1355070315&config=3,5029,0,0
1778791408336,5032,HTTP Request,200,OK,Thread Group 1-93,text,true,,231,158,100,100,http://localhost:8079/?token=518499913&user=-1355070315&config=3,5032,0,0
1778791408339,5030,HTTP Request,200,OK,Thread Group 1-37,text,true,,231,158,100,100,http://localhost:8079/?token=518499913&user=-1355070315&config=3,5030,0,0
1778791408339,5030,HTTP Request,200,OK,Thread Group 1-48,text,true,,231,158,100,100,http://localhost:8079/?token=518499913&user=-1355070315&config=3,5030,0,0
1778791408338,5031,HTTP Request,200,OK,Thread Group 1-47,text,true,,231,158,100,100,http://localhost:8079/?token=518499913&user=-1355070315&config=3,5031,0,0
1778791408338,5031,HTTP Request,200,OK,Thread Group 1-63,text,true,,231,158,100,100,http://localhost:8079/?token=518499913&user=-1355070315&config=3,5031,0,0
1778791408337,5032,HTTP Request,200,OK,Thread Group 1-42,text,true,,231,158,100,100,http://localhost:8079/?token=518499913&user=-1355070315&config=3,5032,0,0
1778791408338,5031,HTTP Request,200,OK,Thread Group 1-38,text,true,,231,158,100,100,http://localhost:8079/?token=518499913&user=-1355070315&config=3,5031,0,0
1778791410118,3252,HTTP Request,200,OK,Thread Group 1-83,text,true,,231,158,100,100,http://localhost:8079/?token=518499913&user=-1355070315&config=3,3252,0,0
1778791410119,3251,HTTP Request,200,OK,Thread Group 1-84,text,true,,231,158,100,100,http://localhost:8079/?token=518499913&user=-1355070315&config=3,3251,0,0
1778791410119,3251,HTTP Request,200,OK,Thread Group 1-86,text,true,,231,158,100,100,http://localhost:8079/?token=518499913&user=-1355070315&config=3,3251,0,0
1778791408338,5031,HTTP Request,200,OK,Thread Group 1-23,text,true,,231,158,100,100,http://localhost:8079/?token=518499913&user=-1355070315&config=3,5031,0,0
1778791408336,5034,HTTP Request,200,OK,Thread Group 1-85,text,true,,231,158,100,100,http://localhost:8079/?token=518499913&user=-1355070315&config=3,5034,0,0
1778791408337,5033,HTTP Request,200,OK,Thread Group 1-50,text,true,,231,158,100,100,http://localhost:8079/?token=518499913&user=-1355070315&config=3,5033,0,1
1778791408339,5031,HTTP Request,200,OK,Thread Group 1-53,text,true,,231,158,100,100,http://localhost:8079/?token=518499913&user=-1355070315&config=3,5031,0,0
1778791408339,5031,HTTP Request,200,OK,Thread Group 1-52,text,true,,231,158,100,100,http://localhost:8079/?token=518499913&user=-1355070315&config=3,5031,0,0
1778791408348,5021,HTTP Request,200,OK,Thread Group 1-44,text,true,,231,158,100,100,http://localhost:8079/?token=518499913&user=-1355070315&config=3,5021,0,0
1778791408338,5032,HTTP Request,200,OK,Thread Group 1-1,text,true,,231,158,100,100,http://localhost:8079/?token=518499913&user=-1355070315&config=3,5032,0,0
1778791408337,5033,HTTP Request,200,OK,Thread Group 1-17,text,true,,231,158,100,100,http://localhost:8079/?token=518499913&user=-1355070315&config=3,5033,0,0
1778791408338,5032,HTTP Request,200,OK,Thread Group 1-90,text,true,,231,158,100,100,http://localhost:8079/?token=518499913&user=-1355070315&config=3,5032,0,0
1778791408338,5031,HTTP Request,200,OK,Thread Group 1-12,text,true,,231,158,100,100,http://localhost:8079/?token=518499913&user=-1355070315&config=3,5031,0,0
1778791408339,5030,HTTP Request,200,OK,Thread Group 1-2,text,true,,231,158,100,100,http://localhost:8079/?token=518499913&user=-1355070315&config=3,5030,0,0
1778791408339,5030,HTTP Request,200,OK,Thread Group 1-61,text,true,,231,158,100,100,http://localhost:8079/?token=518499913&user=-1355070315&config=3,5030,0,0
1778791410115,3270,HTTP Request,200,OK,Thread Group 1-78,text,true,,231,158,100,100,http://localhost:8079/?token=518499913&user=-1355070315&config=3,3270,0,0
1778791410120,3265,HTTP Request,200,OK,Thread Group 1-9,text,true,,231,158,100,100,http://localhost:8079/?token=518499913&user=-1355070315&config=3,3265,0,0
1778791410119,3266,HTTP Request,200,OK,Thread Group 1-94,text,true,,231,158,100,100,http://localhost:8079/?token=518499913&user=-1355070315&config=3,3266,0,0
1778791410118,3267,HTTP Request,200,OK,Thread Group 1-82,text,true,,231,158,100,100,http://localhost:8079/?token=518499913&user=-1355070315&config=3,3267,0,0
1778791410119,3266,HTTP Request,200,OK,Thread Group 1-88,text,true,,231,158,100,100,http://localhost:8079/?token=518499913&user=-1355070315&config=3,3266,0,0
1778791410122,5123,HTTP Request,200,OK,Thread Group 1-73,text,true,,231,158,100,100,http://localhost:8079/?token=518499913&user=-1355070315&config=3,5123,0,0
1778791410123,5125,HTTP Request,200,OK,Thread Group 1-75,text,true,,231,158,100,100,http://localhost:8079/?token=518499913&user=-1355070315&config=3,5125,0,0
1778791410123,5125,HTTP Request,200,OK,Thread Group 1-72,text,true,,231,158,100,100,http://localhost:8079/?token=518499913&user=-1355070315&config=3,5125,0,0
1778791410119,5129,HTTP Request,200,OK,Thread Group 1-26,text,true,,231,158,100,100,http://localhost:8079/?token=518499913&user=-1355070315&config=3,5129,0,0
1778791410119,5129,HTTP Request,200,OK,Thread Group 1-31,text,true,,231,158,100,100,http://localhost:8079/?token=518499913&user=-1355070315&config=3,5129,0,0
1778791410123,5125,HTTP Request,200,OK,Thread Group 1-14,text,true,,231,158,100,100,http://localhost:8079/?token=518499913&user=-1355070315&config=3,5125,0,0
1778791410121,5127,HTTP Request,200,OK,Thread Group 1-80,text,true,,231,158,100,100,http://localhost:8079/?token=518499913&user=-1355070315&config=3,5127,0,0
1778791410125,5123,HTTP Request,200,OK,Thread Group 1-3,text,true,,231,158,100,100,http://localhost:8079/?token=518499913&user=-1355070315&config=3,5123,0,0
1778791410120,5128,HTTP Request,200,OK,Thread Group 1-11,text,true,,231,158,100,100,http://localhost:8079/?token=518499913&user=-1355070315&config=3,5128,0,0
1778791410121,5127,HTTP Request,200,OK,Thread Group 1-13,text,true,,231,158,100,100,http://localhost:8079/?token=518499913&user=-1355070315&config=3,5127,0,0
1778791410120,5128,HTTP Request,200,OK,Thread Group 1-51,text,true,,231,158,100,100,http://localhost:8079/?token=518499913&user=-1355070315&config=3,5128,0,0
1778791410121,5127,HTTP Request,200,OK,Thread Group 1-15,text,true,,231,158,100,100,http://localhost:8079/?token=518499913&user=-1355070315&config=3,5127,0,0
1778791410121,5128,HTTP Request,200,OK,Thread Group 1-19,text,true,,231,158,100,100,http://localhost:8079/?token=518499913&user=-1355070315&config=3,5128,0,0
1778791410121,5128,HTTP Request,200,OK,Thread Group 1-21,text,true,,231,158,100,100,http://localhost:8079/?token=518499913&user=-1355070315&config=3,5128,0,0
1778791410125,5124,HTTP Request,200,OK,Thread Group 1-22,text,true,,231,158,100,100,http://localhost:8079/?token=518499913&user=-1355070315&config=3,5124,0,0
1778791410125,5124,HTTP Request,200,OK,Thread Group 1-27,text,true,,231,158,100,100,http://localhost:8079/?token=518499913&user=-1355070315&config=3,5124,0,0
1778791410122,5127,HTTP Request,200,OK,Thread Group 1-28,text,true,,231,158,100,100,http://localhost:8079/?token=518499913&user=-1355070315&config=3,5127,0,0
1778791410122,5127,HTTP Request,200,OK,Thread Group 1-32,text,true,,231,158,100,100,http://localhost:8079/?token=518499913&user=-1355070315&config=3,5127,0,0
1778791410125,5124,HTTP Request,200,OK,Thread Group 1-33,text,true,,231,158,100,100,http://localhost:8079/?token=518499913&user=-1355070315&config=3,5124,0,0
1778791410122,5127,HTTP Request,200,OK,Thread Group 1-96,text,true,,231,158,100,100,http://localhost:8079/?token=518499913&user=-1355070315&config=3,5127,0,0
1778791410122,5127,HTTP Request,200,OK,Thread Group 1-36,text,true,,231,158,100,100,http://localhost:8079/?token=518499913&user=-1355070315&config=3,5127,0,0
1778791410122,5127,HTTP Request,200,OK,Thread Group 1-41,text,true,,231,158,100,100,http://localhost:8079/?token=518499913&user=-1355070315&config=3,5127,0,0
1778791411797,3452,HTTP Request,200,OK,Thread Group 1-91,text,true,,231,158,100,100,http://localhost:8079/?token=518499913&user=-1355070315&config=3,3452,0,0
1778791410119,5130,HTTP Request,200,OK,Thread Group 1-40,text,true,,231,158,100,100,http://localhost:8079/?token=518499913&user=-1355070315&config=3,5130,0,0
1778791410120,5129,HTTP Request,200,OK,Thread Group 1-39,text,true,,231,158,100,100,http://localhost:8079/?token=518499913&user=-1355070315&config=3,5129,0,0
1778791411797,3452,HTTP Request,200,OK,Thread Group 1-45,text,true,,231,158,100,100,http://localhost:8079/?token=518499913&user=-1355070315&config=3,3452,0,0
1778791411800,3449,HTTP Request,200,OK,Thread Group 1-49,text,true,,231,158,100,100,http://localhost:8079/?token=518499913&user=-1355070315&config=3,3449,0,0
1778791410120,5129,HTTP Request,200,OK,Thread Group 1-59,text,true,,231,158,100,100,http://localhost:8079/?token=518499913&user=-1355070315&config=3,5129,0,0
1778791411798,3451,HTTP Request,200,OK,Thread Group 1-6,text,true,,231,158,100,100,http://localhost:8079/?token=518499913&user=-1355070315&config=3,3451,0,0
1778791410120,5128,HTTP Request,200,OK,Thread Group 1-56,text,true,,231,158,100,100,http://localhost:8079/?token=518499913&user=-1355070315&config=3,5128,0,0
1778791410122,5127,HTTP Request,200,OK,Thread Group 1-30,text,true,,231,158,100,100,http://localhost:8079/?token=518499913&user=-1355070315&config=3,5127,0,0
1778791410121,5128,HTTP Request,200,OK,Thread Group 1-25,text,true,,231,158,100,100,http://localhost:8079/?token=518499913&user=-1355070315&config=3,5128,0,0
1778791411793,3456,HTTP Request,200,OK,Thread Group 1-18,text,true,,231,158,100,100,http://localhost:8079/?token=518499913&user=-1355070315&config=3,3456,0,0
1778791411799,3451,HTTP Request,200,OK,Thread Group 1-62,text,true,,231,158,100,100,http://localhost:8079/?token=518499913&user=-1355070315&config=3,3451,0,0
1778791411799,3451,HTTP Request,200,OK,Thread Group 1-67,text,true,,231,158,100,100,http://localhost:8079/?token=518499913&user=-1355070315&config=3,3451,0,0
1778791411799,3451,HTTP Request,200,OK,Thread Group 1-65,text,true,,231,158,100,100,http://localhost:8079/?token=518499913&user=-1355070315&config=3,3451,0,0
1778791411799,3451,HTTP Request,200,OK,Thread Group 1-70,text,true,,231,158,100,100,http://localhost:8079/?token=518499913&user=-1355070315&config=3,3451,0,0
1778791411799,3451,HTTP Request,200,OK,Thread Group 1-76,text,true,,231,158,100,100,http://localhost:8079/?token=518499913&user=-1355070315&config=3,3451,0,0
1778791411800,3450,HTTP Request,200,OK,Thread Group 1-100,text,true,,231,158,100,100,http://localhost:8079/?token=518499913&user=-1355070315&config=3,3450,0,0
1778791411800,3450,HTTP Request,200,OK,Thread Group 1-98,text,true,,231,158,100,100,http://localhost:8079/?token=518499913&user=-1355070315&config=3,3450,0,0
1778791410120,5130,HTTP Request,200,OK,Thread Group 1-55,text,true,,231,158,100,100,http://localhost:8079/?token=518499913&user=-1355070315&config=3,5130,0,3
1778791410125,5125,HTTP Request,200,OK,Thread Group 1-54,text,true,,231,158,100,100,http://localhost:8079/?token=518499913&user=-1355070315&config=3,5125,0,1
1778791411798,3452,HTTP Request,200,OK,Thread Group 1-69,text,true,,231,158,100,100,http://localhost:8079/?token=518499913&user=-1355070315&config=3,3452,0,0
1778791411795,3560,HTTP Request,200,OK,Thread Group 1-8,text,true,,231,158,100,100,http://localhost:8079/?token=518499913&user=-1355070315&config=3,3560,0,0
1778791411795,3560,HTTP Request,200,OK,Thread Group 1-99,text,true,,231,158,100,100,http://localhost:8079/?token=518499913&user=-1355070315&config=3,3560,0,0
1778791411799,5017,HTTP Request,200,OK,Thread Group 1-58,text,true,,231,158,100,100,http://localhost:8079/?token=518499913&user=-1355070315&config=3,5017,0,0
1778791411799,5017,HTTP Request,200,OK,Thread Group 1-66,text,true,,231,158,100,100,http://localhost:8079/?token=518499913&user=-1355070315&config=3,5017,0,0
1778791411797,5021,HTTP Request,200,OK,Thread Group 1-77,text,true,,231,158,100,100,http://localhost:8079/?token=518499913&user=-1355070315&config=3,5021,0,0
1778791411799,5019,HTTP Request,200,OK,Thread Group 1-68,text,true,,231,158,100,100,http://localhost:8079/?token=518499913&user=-1355070315&config=3,5019,0,0
1778791411798,5020,HTTP Request,200,OK,Thread Group 1-43,text,true,,231,158,100,100,http://localhost:8079/?token=518499913&user=-1355070315&config=3,5020,0,0
1778791411797,5021,HTTP Request,200,OK,Thread Group 1-87,text,true,,231,158,100,100,http://localhost:8079/?token=518499913&user=-1355070315&config=3,5021,0,0
1778791411798,5020,HTTP Request,200,OK,Thread Group 1-4,text,true,,231,158,100,100,http://localhost:8079/?token=518499913&user=-1355070315&config=3,5020,0,0
1778791411798,5021,HTTP Request,200,OK,Thread Group 1-81,text,true,,231,158,100,100,http://localhost:8079/?token=518499913&user=-1355070315&config=3,5021,0,0
1778791411795,5024,HTTP Request,200,OK,Thread Group 1-20,text,true,,231,158,100,100,http://localhost:8079/?token=518499913&user=-1355070315&config=3,5024,0,0
1778791411798,5021,HTTP Request,200,OK,Thread Group 1-89,text,true,,231,158,100,100,http://localhost:8079/?token=518499913&user=-1355070315&config=3,5021,0,0
1778791411798,5021,HTTP Request,200,OK,Thread Group 1-46,text,true,,231,158,100,100,http://localhost:8079/?token=518499913&user=-1355070315&config=3,5021,0,0
1778791411799,5021,HTTP Request,200,OK,Thread Group 1-64,text,true,,231,158,100,100,http://localhost:8079/?token=518499913&user=-1355070315&config=3,5021,0,0
1778791413368,3452,HTTP Request,200,OK,Thread Group 1-10,text,true,,231,158,100,100,http://localhost:8079/?token=518499913&user=-1355070315&config=3,3452,0,0
1778791411814,5006,HTTP Request,200,OK,Thread Group 1-71,text,true,,231,158,100,100,http://localhost:8079/?token=518499913&user=-1355070315&config=3,5006,0,0
1778791413369,3451,HTTP Request,200,OK,Thread Group 1-16,text,true,,231,158,100,100,http://localhost:8079/?token=518499913&user=-1355070315&config=3,3451,0,0
1778791413369,3452,HTTP Request,200,OK,Thread Group 1-79,text,true,,231,158,100,100,http://localhost:8079/?token=518499913&user=-1355070315&config=3,3452,0,0
1778791411798,5023,HTTP Request,200,OK,Thread Group 1-7,text,true,,231,158,100,100,http://localhost:8079/?token=518499913&user=-1355070315&config=3,5023,0,0
1778791411798,5023,HTTP Request,200,OK,Thread Group 1-74,text,true,,231,158,100,100,http://localhost:8079/?token=518499913&user=-1355070315&config=3,5023,0,0
1778791413370,3451,HTTP Request,200,OK,Thread Group 1-83,text,true,,231,158,100,100,http://localhost:8079/?token=518499913&user=-1355070315&config=3,3451,0,0
1778791411814,5007,HTTP Request,200,OK,Thread Group 1-24,text,true,,231,158,100,100,http://localhost:8079/?token=518499913&user=-1355070315&config=3,5007,0,0
1778791413370,3451,HTTP Request,200,OK,Thread Group 1-86,text,true,,231,158,100,100,http://localhost:8079/?token=518499913&user=-1355070315&config=3,3451,0,0
1778791411814,5007,HTTP Request,200,OK,Thread Group 1-29,text,true,,231,158,100,100,http://localhost:8079/?token=518499913&user=-1355070315&config=3,5007,0,0
1778791411814,5007,HTTP Request,200,OK,Thread Group 1-34,text,true,,231,158,100,100,http://localhost:8079/?token=518499913&user=-1355070315&config=3,5007,0,0
1778791411795,5026,HTTP Request,200,OK,Thread Group 1-35,text,true,,231,158,100,100,http://localhost:8079/?token=518499913&user=-1355070315&config=3,5026,0,0
1778791413369,3452,HTTP Request,200,OK,Thread Group 1-93,text,true,,231,158,100,100,http://localhost:8079/?token=518499913&user=-1355070315&config=3,3452,0,0
1778791411814,5007,HTTP Request,200,OK,Thread Group 1-92,text,true,,231,158,100,100,http://localhost:8079/?token=518499913&user=-1355070315&config=3,5007,0,0
1778791413369,3452,HTTP Request,200,OK,Thread Group 1-95,text,true,,231,158,100,100,http://localhost:8079/?token=518499913&user=-1355070315&config=3,3452,0,0
1778791413369,3452,HTTP Request,200,OK,Thread Group 1-97,text,true,,231,158,100,100,http://localhost:8079/?token=518499913&user=-1355070315&config=3,3452,0,0
1778791413369,3452,HTTP Request,200,OK,Thread Group 1-37,text,true,,231,158,100,100,http://localhost:8079/?token=518499913&user=-1355070315&config=3,3452,0,0
1778791413370,3451,HTTP Request,200,OK,Thread Group 1-44,text,true,,231,158,100,100,http://localhost:8079/?token=518499913&user=-1355070315&config=3,3451,0,0
1778791413370,3451,HTTP Request,200,OK,Thread Group 1-53,text,true,,231,158,100,100,http://localhost:8079/?token=518499913&user=-1355070315&config=3,3451,0,0
1778791413370,3451,HTTP Request,200,OK,Thread Group 1-52,text,true,,231,158,100,100,http://localhost:8079/?token=518499913&user=-1355070315&config=3,3451,0,0
1778791413369,3452,HTTP Request,200,OK,Thread Group 1-47,text,true,,231,158,100,100,http://localhost:8079/?token=518499913&user=-1355070315&config=3,3452,0,0
1778791413369,3452,HTTP Request,200,OK,Thread Group 1-48,text,true,,231,158,100,100,http://localhost:8079/?token=518499913&user=-1355070315&config=3,3452,0,0
1778791411795,5026,HTTP Request,200,OK,Thread Group 1-57,text,true,,231,158,100,100,http://localhost:8079/?token=518499913&user=-1355070315&config=3,5026,0,1
1778791411799,5022,HTTP Request,200,OK,Thread Group 1-5,text,true,,231,158,100,100,http://localhost:8079/?token=518499913&user=-1355070315&config=3,5022,0,0
1778791411798,5023,HTTP Request,200,OK,Thread Group 1-60,text,true,,231,158,100,100,http://localhost:8079/?token=518499913&user=-1355070315&config=3,5023,0,0
1778791413370,3451,HTTP Request,200,OK,Thread Group 1-63,text,true,,231,158,100,100,http://localhost:8079/?token=518499913&user=-1355070315&config=3,3451,0,0
1778791413370,3465,HTTP Request,200,OK,Thread Group 1-84,text,true,,231,158,100,100,http://localhost:8079/?token=518499913&user=-1355070315&config=3,3465,0,0
1778791415248,3376,HTTP Request,200,OK,Thread Group 1-75,text,true,,231,158,100,100,http://localhost:8079/?token=518499913&user=-1355070315&config=3,3376,0,0
1778791415247,3377,HTTP Request,200,OK,Thread Group 1-73,text,true,,231,158,100,100,http://localhost:8079/?token=518499913&user=-1355070315&config=3,3377,0,0
1778791415248,3377,HTTP Request,200,OK,Thread Group 1-14,text,true,,231,158,100,100,http://localhost:8079/?token=518499913&user=-1355070315&config=3,3377,0,0
1778791413385,5240,HTTP Request,200,OK,Thread Group 1-78,text,true,,231,158,100,100,http://localhost:8079/?token=518499913&user=-1355070315&config=3,5240,0,0
1778791413385,5240,HTTP Request,200,OK,Thread Group 1-82,text,true,,231,158,100,100,http://localhost:8079/?token=518499913&user=-1355070315&config=3,5240,0,0
1778791413370,5255,HTTP Request,200,OK,Thread Group 1-85,text,true,,231,158,100,100,http://localhost:8079/?token=518499913&user=-1355070315&config=3,5255,0,0
1778791415248,3378,HTTP Request,200,OK,Thread Group 1-26,text,true,,231,158,100,100,http://localhost:8079/?token=518499913&user=-1355070315&config=3,3378,0,0
1778791413385,5241,HTTP Request,200,OK,Thread Group 1-88,text,true,,231,158,100,100,http://localhost:8079/?token=518499913&user=-1355070315&config=3,5241,0,0
1778791415249,3377,HTTP Request,200,OK,Thread Group 1-91,text,true,,231,158,100,100,http://localhost:8079/?token=518499913&user=-1355070315&config=3,3377,0,0
1778791415248,3378,HTTP Request,200,OK,Thread Group 1-31,text,true,,231,158,100,100,http://localhost:8079/?token=518499913&user=-1355070315&config=3,3378,0,0
1778791413385,5241,HTTP Request,200,OK,Thread Group 1-94,text,true,,231,158,100,100,http://localhost:8079/?token=518499913&user=-1355070315&config=3,5241,0,0
1778791413370,5256,HTTP Request,200,OK,Thread Group 1-42,text,true,,231,158,100,100,http://localhost:8079/?token=518499913&user=-1355070315&config=3,5256,0,0
1778791415249,3377,HTTP Request,200,OK,Thread Group 1-49,text,true,,231,158,100,100,http://localhost:8079/?token=518499913&user=-1355070315&config=3,3377,0,0
1778791415249,3377,HTTP Request,200,OK,Thread Group 1-45,text,true,,231,158,100,100,http://localhost:8079/?token=518499913&user=-1355070315&config=3,3377,0,0
1778791413370,5256,HTTP Request,200,OK,Thread Group 1-50,text,true,,231,158,100,100,http://localhost:8079/?token=518499913&user=-1355070315&config=3,5256,0,0
1778791413370,5256,HTTP Request,200,OK,Thread Group 1-61,text,true,,231,158,100,100,http://localhost:8079/?token=518499913&user=-1355070315&config=3,5256,0,0
1778791413370,5256,HTTP Request,200,OK,Thread Group 1-1,text,true,,231,158,100,100,http://localhost:8079/?token=518499913&user=-1355070315&config=3,5256,0,0
1778791413370,5256,HTTP Request,200,OK,Thread Group 1-2,text,true,,231,158,100,100,http://localhost:8079/?token=518499913&user=-1355070315&config=3,5256,0,0
1778791415248,3378,HTTP Request,200,OK,Thread Group 1-13,text,true,,231,158,100,100,http://localhost:8079/?token=518499913&user=-1355070315&config=3,3378,0,0
1778791413370,5256,HTTP Request,200,OK,Thread Group 1-12,text,true,,231,158,100,100,http://localhost:8079/?token=518499913&user=-1355070315&config=3,5256,0,0
1778791413370,5256,HTTP Request,200,OK,Thread Group 1-38,text,true,,231,158,100,100,http://localhost:8079/?token=518499913&user=-1355070315&config=3,5256,0,0
1778791415249,3377,HTTP Request,200,OK,Thread Group 1-32,text,true,,231,158,100,100,http://localhost:8079/?token=518499913&user=-1355070315&config=3,3377,0,0
1778791415248,3379,HTTP Request,200,OK,Thread Group 1-72,text,true,,231,158,100,100,http://localhost:8079/?token=518499913&user=-1355070315&config=3,3376,0,0
1778791413370,5257,HTTP Request,200,OK,Thread Group 1-90,text,true,,231,158,100,100,http://localhost:8079/?token=518499913&user=-1355070315&config=3,5256,0,0
1778791413370,5257,HTTP Request,200,OK,Thread Group 1-23,text,true,,231,158,100,100,http://localhost:8079/?token=518499913&user=-1355070315&config=3,5257,0,0
1778791413385,5242,HTTP Request,200,OK,Thread Group 1-9,text,true,,231,158,100,100,http://localhost:8079/?token=518499913&user=-1355070315&config=3,5242,0,0
1778791413370,5257,HTTP Request,200,OK,Thread Group 1-17,text,true,,231,158,100,100,http://localhost:8079/?token=518499913&user=-1355070315&config=3,5257,0,0
1778791415249,3386,HTTP Request,200,OK,Thread Group 1-6,text,true,,231,158,100,100,http://localhost:8079/?token=518499913&user=-1355070315&config=3,3386,0,0
1778791415248,3387,HTTP Request,200,OK,Thread Group 1-80,text,true,,231,158,100,100,http://localhost:8079/?token=518499913&user=-1355070315&config=3,3387,0,0
1778791415249,3386,HTTP Request,200,OK,Thread Group 1-28,text,true,,231,158,100,100,http://localhost:8079/?token=518499913&user=-1355070315&config=3,3386,0,0
1778791415249,3386,HTTP Request,200,OK,Thread Group 1-36,text,true,,231,158,100,100,http://localhost:8079/?token=518499913&user=-1355070315&config=3,3386,0,0
1778791415249,3386,HTTP Request,200,OK,Thread Group 1-96,text,true,,231,158,100,100,http://localhost:8079/?token=518499913&user=-1355070315&config=3,3386,0,0
1778791415249,4824,HTTP Request,200,OK,Thread Group 1-33,text,true,,231,158,100,100,http://localhost:8079/?token=518499913&user=-1355070315&config=3,4824,0,0
1778791415249,4827,HTTP Request,200,OK,Thread Group 1-40,text,true,,231,158,100,100,http://localhost:8079/?token=518499913&user=-1355070315&config=3,4827,0,0
1778791415249,4827,HTTP Request,200,OK,Thread Group 1-39,text,true,,231,158,100,100,http://localhost:8079/?token=518499913&user=-1355070315&config=3,4827,0,0
1778791415248,4828,HTTP Request,200,OK,Thread Group 1-3,text,true,,231,158,100,100,http://localhost:8079/?token=518499913&user=-1355070315&config=3,4828,0,0
1778791415248,4828,HTTP Request,200,OK,Thread Group 1-51,text,true,,231,158,100,100,http://localhost:8079/?token=518499913&user=-1355070315&config=3,4828,0,0
1778791415248,4829,HTTP Request,200,OK,Thread Group 1-11,text,true,,231,158,100,100,http://localhost:8079/?token=518499913&user=-1355070315&config=3,4829,0,0
1778791415249,4828,HTTP Request,200,OK,Thread Group 1-15,text,true,,231,158,100,100,http://localhost:8079/?token=518499913&user=-1355070315&config=3,4828,0,0
1778791415249,4829,HTTP Request,200,OK,Thread Group 1-19,text,true,,231,158,100,100,http://localhost:8079/?token=518499913&user=-1355070315&config=3,4829,0,0
1778791415249,4829,HTTP Request,200,OK,Thread Group 1-21,text,true,,231,158,100,100,http://localhost:8079/?token=518499913&user=-1355070315&config=3,4829,0,0
1778791415249,4829,HTTP Request,200,OK,Thread Group 1-27,text,true,,231,158,100,100,http://localhost:8079/?token=518499913&user=-1355070315&config=3,4829,0,0
1778791415249,4829,HTTP Request,200,OK,Thread Group 1-22,text,true,,231,158,100,100,http://localhost:8079/?token=518499913&user=-1355070315&config=3,4829,0,0
1778791415250,4830,HTTP Request,200,OK,Thread Group 1-65,text,true,,231,158,100,100,http://localhost:8079/?token=518499913&user=-1355070315&config=3,4830,0,0
1778791415250,4830,HTTP Request,200,OK,Thread Group 1-62,text,true,,231,158,100,100,http://localhost:8079/?token=518499913&user=-1355070315&config=3,4830,0,0
1778791416817,3264,HTTP Request,200,OK,Thread Group 1-66,text,true,,231,158,100,100,http://localhost:8079/?token=518499913&user=-1355070315&config=3,3264,0,0
1778791416818,3263,HTTP Request,200,OK,Thread Group 1-68,text,true,,231,158,100,100,http://localhost:8079/?token=518499913&user=-1355070315&config=3,3263,0,0
1778791415250,4832,HTTP Request,200,OK,Thread Group 1-67,text,true,,231,158,100,100,http://localhost:8079/?token=518499913&user=-1355070315&config=3,4832,0,0
1778791415250,4832,HTTP Request,200,OK,Thread Group 1-70,text,true,,231,158,100,100,http://localhost:8079/?token=518499913&user=-1355070315&config=3,4832,0,0
1778791415250,4832,HTTP Request,200,OK,Thread Group 1-98,text,true,,231,158,100,100,http://localhost:8079/?token=518499913&user=-1355070315&config=3,4832,0,0
1778791415250,4833,HTTP Request,200,OK,Thread Group 1-54,text,true,,231,158,100,100,http://localhost:8079/?token=518499913&user=-1355070315&config=3,4833,0,0
1778791415250,4833,HTTP Request,200,OK,Thread Group 1-55,text,true,,231,158,100,100,http://localhost:8079/?token=518499913&user=-1355070315&config=3,4833,0,0
1778791415249,4834,HTTP Request,200,OK,Thread Group 1-56,text,true,,231,158,100,100,http://localhost:8079/?token=518499913&user=-1355070315&config=3,4834,0,2
1778791415249,4834,HTTP Request,200,OK,Thread Group 1-59,text,true,,231,158,100,100,http://localhost:8079/?token=518499913&user=-1355070315&config=3,4834,0,2
1778791415250,4833,HTTP Request,200,OK,Thread Group 1-69,text,true,,231,158,100,100,http://localhost:8079/?token=518499913&user=-1355070315&config=3,4833,0,0
1778791415355,4728,HTTP Request,200,OK,Thread Group 1-8,text,true,,231,158,100,100,http://localhost:8079/?token=518499913&user=-1355070315&config=3,4728,0,0
1778791415250,4833,HTTP Request,200,OK,Thread Group 1-18,text,true,,231,158,100,100,http://localhost:8079/?token=518499913&user=-1355070315&config=3,4833,0,0
1778791415250,4834,HTTP Request,200,OK,Thread Group 1-25,text,true,,231,158,100,100,http://localhost:8079/?token=518499913&user=-1355070315&config=3,4834,0,0
1778791416819,3265,HTTP Request,200,OK,Thread Group 1-89,text,true,,231,158,100,100,http://localhost:8079/?token=518499913&user=-1355070315&config=3,3265,0,0
1778791415250,4834,HTTP Request,200,OK,Thread Group 1-30,text,true,,231,158,100,100,http://localhost:8079/?token=518499913&user=-1355070315&config=3,4834,0,0
1778791415355,4729,HTTP Request,200,OK,Thread Group 1-99,text,true,,231,158,100,100,http://localhost:8079/?token=518499913&user=-1355070315&config=3,4729,0,0
1778791415249,4835,HTTP Request,200,OK,Thread Group 1-41,text,true,,231,158,100,100,http://localhost:8079/?token=518499913&user=-1355070315&config=3,4835,0,0
1778791416819,3265,HTTP Request,200,OK,Thread Group 1-46,text,true,,231,158,100,100,http://localhost:8079/?token=518499913&user=-1355070315&config=3,3265,0,0
1778791415250,4832,HTTP Request,200,OK,Thread Group 1-100,text,true,,231,158,100,100,http://localhost:8079/?token=518499913&user=-1355070315&config=3,4832,0,0
1778791416820,3262,HTTP Request,200,OK,Thread Group 1-10,text,true,,231,158,100,100,http://localhost:8079/?token=518499913&user=-1355070315&config=3,3262,0,0
1778791416820,3272,HTTP Request,200,OK,Thread Group 1-64,text,true,,231,158,100,100,http://localhost:8079/?token=518499913&user=-1355070315&config=3,3272,0,0
1778791416821,3272,HTTP Request,200,OK,Thread Group 1-79,text,true,,231,158,100,100,http://localhost:8079/?token=518499913&user=-1355070315&config=3,3272,0,0
1778791416821,3272,HTTP Request,200,OK,Thread Group 1-86,text,true,,231,158,100,100,http://localhost:8079/?token=518499913&user=-1355070315&config=3,3272,0,0
1778791416821,3273,HTTP Request,200,OK,Thread Group 1-93,text,true,,231,158,100,100,http://localhost:8079/?token=518499913&user=-1355070315&config=3,3273,0,0
1778791416821,3273,HTTP Request,200,OK,Thread Group 1-53,text,true,,231,158,100,100,http://localhost:8079/?token=518499913&user=-1355070315&config=3,3273,0,0
1778791416818,3264,HTTP Request,200,OK,Thread Group 1-87,text,true,,231,158,100,100,http://localhost:8079/?token=518499913&user=-1355070315&config=3,3264,0,0
1778791416821,3261,HTTP Request,200,OK,Thread Group 1-83,text,true,,231,158,100,100,http://localhost:8079/?token=518499913&user=-1355070315&config=3,3261,0,0
1778791416818,3264,HTTP Request,200,OK,Thread Group 1-77,text,true,,231,158,100,100,http://localhost:8079/?token=518499913&user=-1355070315&config=3,3264,0,0
1778791416820,3262,HTTP Request,200,OK,Thread Group 1-16,text,true,,231,158,100,100,http://localhost:8079/?token=518499913&user=-1355070315&config=3,3262,0,0
1778791415250,4832,HTTP Request,200,OK,Thread Group 1-76,text,true,,231,158,100,100,http://localhost:8079/?token=518499913&user=-1355070315&config=3,4832,0,0
1778791416821,3275,HTTP Request,200,OK,Thread Group 1-37,text,true,,231,158,100,100,http://localhost:8079/?token=518499913&user=-1355070315&config=3,3275,0,0
1778791416821,3275,HTTP Request,200,OK,Thread Group 1-7,text,true,,231,158,100,100,http://localhost:8079/?token=518499913&user=-1355070315&config=3,3275,0,0
1778791416821,4708,HTTP Request,200,OK,Thread Group 1-24,text,true,,231,158,100,100,http://localhost:8079/?token=518499913&user=-1355070315&config=3,4708,0,0
1778791416821,4708,HTTP Request,200,OK,Thread Group 1-92,text,true,,231,158,100,100,http://localhost:8079/?token=518499913&user=-1355070315&config=3,4708,0,0
1778791416818,4712,HTTP Request,200,OK,Thread Group 1-43,text,true,,231,158,100,100,http://localhost:8079/?token=518499913&user=-1355070315&config=3,4712,0,0
1778791416821,4709,HTTP Request,200,OK,Thread Group 1-44,text,true,,231,158,100,100,http://localhost:8079/?token=518499913&user=-1355070315&config=3,4709,0,0
1778791416821,4709,HTTP Request,200,OK,Thread Group 1-48,text,true,,231,158,100,100,http://localhost:8079/?token=518499913&user=-1355070315&config=3,4709,0,0
1778791416821,4709,HTTP Request,200,OK,Thread Group 1-47,text,true,,231,158,100,100,http://localhost:8079/?token=518499913&user=-1355070315&config=3,4709,0,0
1778791416821,4709,HTTP Request,200,OK,Thread Group 1-52,text,true,,231,158,100,100,http://localhost:8079/?token=518499913&user=-1355070315&config=3,4709,0,0
1778791416821,4709,HTTP Request,200,OK,Thread Group 1-57,text,true,,231,158,100,100,http://localhost:8079/?token=518499913&user=-1355070315&config=3,4709,0,0
1778791416822,4708,HTTP Request,200,OK,Thread Group 1-63,text,true,,231,158,100,100,http://localhost:8079/?token=518499913&user=-1355070315&config=3,4708,0,0
1778791416822,4708,HTTP Request,200,OK,Thread Group 1-5,text,true,,231,158,100,100,http://localhost:8079/?token=518499913&user=-1355070315&config=3,4708,0,0
1778791416821,4710,HTTP Request,200,OK,Thread Group 1-74,text,true,,231,158,100,100,http://localhost:8079/?token=518499913&user=-1355070315&config=3,4710,0,0
1778791416819,4712,HTTP Request,200,OK,Thread Group 1-81,text,true,,231,158,100,100,http://localhost:8079/?token=518499913&user=-1355070315&config=3,4712,0,0
1778791416821,4710,HTTP Request,200,OK,Thread Group 1-29,text,true,,231,158,100,100,http://localhost:8079/?token=518499913&user=-1355070315&config=3,4710,0,0
1778791416821,4710,HTTP Request,200,OK,Thread Group 1-35,text,true,,231,158,100,100,http://localhost:8079/?token=518499913&user=-1355070315&config=3,4710,0,0
1778791416819,4712,HTTP Request,200,OK,Thread Group 1-20,text,true,,231,158,100,100,http://localhost:8079/?token=518499913&user=-1355070315&config=3,4712,0,0
1778791416821,4710,HTTP Request,200,OK,Thread Group 1-34,text,true,,231,158,100,100,http://localhost:8079/?token=518499913&user=-1355070315&config=3,4710,0,0
1778791418625,2906,HTTP Request,200,OK,Thread Group 1-78,text,true,,231,158,100,100,http://localhost:8079/?token=518499913&user=-1355070315&config=3,2906,0,0
1778791418625,2906,HTTP Request,200,OK,Thread Group 1-82,text,true,,231,158,100,100,http://localhost:8079/?token=518499913&user=-1355070315&config=3,2906,0,0
1778791416836,4695,HTTP Request,200,OK,Thread Group 1-84,text,true,,231,158,100,100,http://localhost:8079/?token=518499913&user=-1355070315&config=3,4695,0,0
1778791416821,4710,HTTP Request,200,OK,Thread Group 1-95,text,true,,231,158,100,100,http://localhost:8079/?token=518499913&user=-1355070315&config=3,4710,0,0
1778791416821,4710,HTTP Request,200,OK,Thread Group 1-97,text,true,,231,158,100,100,http://localhost:8079/?token=518499913&user=-1355070315&config=3,4710,0,0
1778791418625,2906,HTTP Request,200,OK,Thread Group 1-85,text,true,,231,158,100,100,http://localhost:8079/?token=518499913&user=-1355070315&config=3,2906,0,0
1778791416822,4709,HTTP Request,200,OK,Thread Group 1-60,text,true,,231,158,100,100,http://localhost:8079/?token=518499913&user=-1355070315&config=3,4709,0,3
1778791416820,4709,HTTP Request,200,OK,Thread Group 1-71,text,true,,231,158,100,100,http://localhost:8079/?token=518499913&user=-1355070315&config=3,4708,0,0
1778791416817,4715,HTTP Request,200,OK,Thread Group 1-58,text,true,,231,158,100,100,http://localhost:8079/?token=518499913&user=-1355070315&config=3,4714,0,8
1778791416819,4713,HTTP Request,200,OK,Thread Group 1-4,text,true,,231,158,100,100,http://localhost:8079/?token=518499913&user=-1355070315&config=3,4713,0,0
1778791418625,2907,HTTP Request,200,OK,Thread Group 1-73,text,true,,231,158,100,100,http://localhost:8079/?token=518499913&user=-1355070315&config=3,2907,0,0
1778791418625,2907,HTTP Request,200,OK,Thread Group 1-14,text,true,,231,158,100,100,http://localhost:8079/?token=518499913&user=-1355070315&config=3,2907,0,0
1778791418626,2906,HTTP Request,200,OK,Thread Group 1-88,text,true,,231,158,100,100,http://localhost:8079/?token=518499913&user=-1355070315&config=3,2906,0,0
1778791418626,2906,HTTP Request,200,OK,Thread Group 1-91,text,true,,231,158,100,100,http://localhost:8079/?token=518499913&user=-1355070315&config=3,2906,0,0
1778791418626,2906,HTTP Request,200,OK,Thread Group 1-26,text,true,,231,158,100,100,http://localhost:8079/?token=518499913&user=-1355070315&config=3,2906,0,0
1778791418626,2906,HTTP Request,200,OK,Thread Group 1-31,text,true,,231,158,100,100,http://localhost:8079/?token=518499913&user=-1355070315&config=3,2906,0,0
1778791418626,2906,HTTP Request,200,OK,Thread Group 1-42,text,true,,231,158,100,100,http://localhost:8079/?token=518499913&user=-1355070315&config=3,2906,0,0
1778791418626,2923,HTTP Request,200,OK,Thread Group 1-50,text,true,,231,158,100,100,http://localhost:8079/?token=518499913&user=-1355070315&config=3,2923,0,0
1778791418626,2923,HTTP Request,200,OK,Thread Group 1-49,text,true,,231,158,100,100,http://localhost:8079/?token=518499913&user=-1355070315&config=3,2923,0,0
1778791418626,4445,HTTP Request,200,OK,Thread Group 1-94,text,true,,231,158,100,100,http://localhost:8079/?token=518499913&user=-1355070315&config=3,4445,0,0
1778791418627,4448,HTTP Request,200,OK,Thread Group 1-72,text,true,,231,158,100,100,http://localhost:8079/?token=518499913&user=-1355070315&config=3,4448,0,0
1778791418625,4450,HTTP Request,200,OK,Thread Group 1-75,text,true,,231,158,100,100,http://localhost:8079/?token=518499913&user=-1355070315&config=3,4450,0,0
1778791418626,4449,HTTP Request,200,OK,Thread Group 1-12,text,true,,231,158,100,100,http://localhost:8079/?token=518499913&user=-1355070315&config=3,4449,0,0
1778791418627,4448,HTTP Request,200,OK,Thread Group 1-9,text,true,,231,158,100,100,http://localhost:8079/?token=518499913&user=-1355070315&config=3,4448,0,0
1778791418626,4449,HTTP Request,200,OK,Thread Group 1-13,text,true,,231,158,100,100,http://localhost:8079/?token=518499913&user=-1355070315&config=3,4449,0,0
1778791418627,4448,HTTP Request,200,OK,Thread Group 1-17,text,true,,231,158,100,100,http://localhost:8079/?token=518499913&user=-1355070315&config=3,4448,0,0
1778791418627,4448,HTTP Request,200,OK,Thread Group 1-23,text,true,,231,158,100,100,http://localhost:8079/?token=518499913&user=-1355070315&config=3,4448,0,0
1778791418627,4448,HTTP Request,200,OK,Thread Group 1-90,text,true,,231,158,100,100,http://localhost:8079/?token=518499913&user=-1355070315&config=3,4448,0,0
1778791418626,4449,HTTP Request,200,OK,Thread Group 1-38,text,true,,231,158,100,100,http://localhost:8079/?token=518499913&user=-1355070315&config=3,4449,0,0
1778791418626,4449,HTTP Request,200,OK,Thread Group 1-32,text,true,,231,158,100,100,http://localhost:8079/?token=518499913&user=-1355070315&config=3,4449,0,0
1778791420076,3002,HTTP Request,200,OK,Thread Group 1-40,text,true,,231,158,100,100,http://localhost:8079/?token=518499913&user=-1355070315&config=3,3002,0,0
1778791420076,3002,HTTP Request,200,OK,Thread Group 1-39,text,true,,231,158,100,100,http://localhost:8079/?token=518499913&user=-1355070315&config=3,3002,0,0
1778791420076,3002,HTTP Request,200,OK,Thread Group 1-51,text,true,,231,158,100,100,http://localhost:8079/?token=518499913&user=-1355070315&config=3,3002,0,0
1778791418626,4452,HTTP Request,200,OK,Thread Group 1-45,text,true,,231,158,100,100,http://localhost:8079/?token=518499913&user=-1355070315&config=3,4452,0,0
1778791420081,2997,HTTP Request,200,OK,Thread Group 1-68,text,true,,231,158,100,100,http://localhost:8079/?token=518499913&user=-1355070315&config=3,2997,0,0
1778791420083,2995,HTTP Request,200,OK,Thread Group 1-56,text,true,,231,158,100,100,http://localhost:8079/?token=518499913&user=-1355070315&config=3,2995,0,0
1778791418626,4452,HTTP Request,200,OK,Thread Group 1-1,text,true,,231,158,100,100,http://localhost:8079/?token=518499913&user=-1355070315&config=3,4452,0,1
1778791418626,4452,HTTP Request,200,OK,Thread Group 1-2,text,true,,231,158,100,100,http://localhost:8079/?token=518499913&user=-1355070315&config=3,4452,0,1
1778791418635,4443,HTTP Request,200,OK,Thread Group 1-6,text,true,,231,158,100,100,http://localhost:8079/?token=518499913&user=-1355070315&config=3,4443,0,0
1778791420077,3001,HTTP Request,200,OK,Thread Group 1-15,text,true,,231,158,100,100,http://localhost:8079/?token=518499913&user=-1355070315&config=3,3001,0,0
1778791420077,3002,HTTP Request,200,OK,Thread Group 1-11,text,true,,231,158,100,100,http://localhost:8079/?token=518499913&user=-1355070315&config=3,3002,0,0
1778791418635,4444,HTTP Request,200,OK,Thread Group 1-80,text,true,,231,158,100,100,http://localhost:8079/?token=518499913&user=-1355070315&config=3,4444,0,0
1778791420078,3001,HTTP Request,200,OK,Thread Group 1-19,text,true,,231,158,100,100,http://localhost:8079/?token=518499913&user=-1355070315&config=3,3001,0,0
1778791418626,4453,HTTP Request,200,OK,Thread Group 1-61,text,true,,231,158,100,100,http://localhost:8079/?token=518499913&user=-1355070315&config=3,4452,0,1
1778791420078,3001,HTTP Request,200,OK,Thread Group 1-22,text,true,,231,158,100,100,http://localhost:8079/?token=518499913&user=-1355070315&config=3,3001,0,0
1778791420078,3001,HTTP Request,200,OK,Thread Group 1-21,text,true,,231,158,100,100,http://localhost:8079/?token=518499913&user=-1355070315&config=3,3001,0,0
1778791418635,4444,HTTP Request,200,OK,Thread Group 1-28,text,true,,231,158,100,100,http://localhost:8079/?token=518499913&user=-1355070315&config=3,4444,0,0
1778791420078,3001,HTTP Request,200,OK,Thread Group 1-27,text,true,,231,158,100,100,http://localhost:8079/?token=518499913&user=-1355070315&config=3,3001,0,0
1778791420074,3005,HTTP Request,200,OK,Thread Group 1-33,text,true,,231,158,100,100,http://localhost:8079/?token=518499913&user=-1355070315&config=3,3005,0,0
1778791418635,4444,HTTP Request,200,OK,Thread Group 1-36,text,true,,231,158,100,100,http://localhost:8079/?token=518499913&user=-1355070315&config=3,4444,0,0
1778791420084,2995,HTTP Request,200,OK,Thread Group 1-41,text,true,,231,158,100,100,http://localhost:8079/?token=518499913&user=-1355070315&config=3,2995,0,0
1778791418635,4444,HTTP Request,200,OK,Thread Group 1-96,text,true,,231,158,100,100,http://localhost:8079/?token=518499913&user=-1355070315&config=3,4444,0,0
1778791420083,3009,HTTP Request,200,OK,Thread Group 1-54,text,true,,231,158,100,100,http://localhost:8079/?token=518499913&user=-1355070315&config=3,3008,0,0
1778791420083,3009,HTTP Request,200,OK,Thread Group 1-18,text,true,,231,158,100,100,http://localhost:8079/?token=518499913&user=-1355070315&config=3,3008,0,0
1778791420082,4588,HTTP Request,200,OK,Thread Group 1-98,text,true,,231,158,100,100,http://localhost:8079/?token=518499913&user=-1355070315&config=3,4587,0,0
1778791420082,4590,HTTP Request,200,OK,Thread Group 1-67,text,true,,231,158,100,100,http://localhost:8079/?token=518499913&user=-1355070315&config=3,4590,0,0
1778791420081,4591,HTTP Request,200,OK,Thread Group 1-66,text,true,,231,158,100,100,http://localhost:8079/?token=518499913&user=-1355070315&config=3,4591,0,0
1778791420096,4576,HTTP Request,200,OK,Thread Group 1-76,text,true,,231,158,100,100,http://localhost:8079/?token=518499913&user=-1355070315&config=3,4576,0,0
1778791420082,4590,HTTP Request,200,OK,Thread Group 1-70,text,true,,231,158,100,100,http://localhost:8079/?token=518499913&user=-1355070315&config=3,4590,0,0
1778791420091,4581,HTTP Request,200,OK,Thread Group 1-10,text,true,,231,158,100,100,http://localhost:8079/?token=518499913&user=-1355070315&config=3,4581,0,0
1778791420096,4576,HTTP Request,200,OK,Thread Group 1-16,text,true,,231,158,100,100,http://localhost:8079/?token=518499913&user=-1355070315&config=3,4576,0,0
1778791420096,4577,HTTP Request,200,OK,Thread Group 1-77,text,true,,231,158,100,100,http://localhost:8079/?token=518499913&user=-1355070315&config=3,4577,0,0
1778791420093,4580,HTTP Request,200,OK,Thread Group 1-79,text,true,,231,158,100,100,http://localhost:8079/?token=518499913&user=-1355070315&config=3,4580,0,0
1778791420076,4597,HTTP Request,200,OK,Thread Group 1-3,text,true,,231,158,100,100,http://localhost:8079/?token=518499913&user=-1355070315&config=3,4597,0,6
1778791421531,3142,HTTP Request,200,OK,Thread Group 1-82,text,true,,231,158,100,100,http://localhost:8079/?token=518499913&user=-1355070315&config=3,3142,0,0
1778791420096,4577,HTTP Request,200,OK,Thread Group 1-83,text,true,,231,158,100,100,http://localhost:8079/?token=518499913&user=-1355070315&config=3,4577,0,0
1778791420093,4580,HTTP Request,200,OK,Thread Group 1-86,text,true,,231,158,100,100,http://localhost:8079/?token=518499913&user=-1355070315&config=3,4580,0,0
1778791420094,4579,HTTP Request,200,OK,Thread Group 1-93,text,true,,231,158,100,100,http://localhost:8079/?token=518499913&user=-1355070315&config=3,4579,0,0
1778791420080,4593,HTTP Request,200,OK,Thread Group 1-62,text,true,,231,158,100,100,http://localhost:8079/?token=518499913&user=-1355070315&config=3,4593,0,5
1778791420080,4593,HTTP Request,200,OK,Thread Group 1-65,text,true,,231,158,100,100,http://localhost:8079/?token=518499913&user=-1355070315&config=3,4593,0,4
1778791420086,4587,HTTP Request,200,OK,Thread Group 1-100,text,true,,231,158,100,100,http://localhost:8079/?token=518499913&user=-1355070315&config=3,4587,0,0
1778791420096,4577,HTTP Request,200,OK,Thread Group 1-37,text,true,,231,158,100,100,http://localhost:8079/?token=518499913&user=-1355070315&config=3,4577,0,0
1778791421530,3143,HTTP Request,200,OK,Thread Group 1-47,text,true,,231,158,100,100,http://localhost:8079/?token=518499913&user=-1355070315&config=3,3143,0,0
1778791421531,3142,HTTP Request,200,OK,Thread Group 1-74,text,true,,231,158,100,100,http://localhost:8079/?token=518499913&user=-1355070315&config=3,3142,0,0
1778791421531,3142,HTTP Request,200,OK,Thread Group 1-81,text,true,,231,158,100,100,http://localhost:8079/?token=518499913&user=-1355070315&config=3,3142,0,0
1778791420094,4579,HTTP Request,200,OK,Thread Group 1-53,text,true,,231,158,100,100,http://localhost:8079/?token=518499913&user=-1355070315&config=3,4579,0,0
1778791420083,4590,HTTP Request,200,OK,Thread Group 1-55,text,true,,231,158,100,100,http://localhost:8079/?token=518499913&user=-1355070315&config=3,4590,0,0
1778791420083,4590,HTTP Request,200,OK,Thread Group 1-59,text,true,,231,158,100,100,http://localhost:8079/?token=518499913&user=-1355070315&config=3,4590,0,0
1778791420092,4581,HTTP Request,200,OK,Thread Group 1-64,text,true,,231,158,100,100,http://localhost:8079/?token=518499913&user=-1355070315&config=3,4581,0,4
1778791420083,4590,HTTP Request,200,OK,Thread Group 1-69,text,true,,231,158,100,100,http://localhost:8079/?token=518499913&user=-1355070315&config=3,4590,0,0
1778791420096,4577,HTTP Request,200,OK,Thread Group 1-7,text,true,,231,158,100,100,http://localhost:8079/?token=518499913&user=-1355070315&config=3,4577,0,0
1778791420083,4590,HTTP Request,200,OK,Thread Group 1-8,text,true,,231,158,100,100,http://localhost:8079/?token=518499913&user=-1355070315&config=3,4590,0,0
1778791420084,4590,HTTP Request,200,OK,Thread Group 1-89,text,true,,231,158,100,100,http://localhost:8079/?token=518499913&user=-1355070315&config=3,4590,0,0
1778791420084,4590,HTTP Request,200,OK,Thread Group 1-25,text,true,,231,158,100,100,http://localhost:8079/?token=518499913&user=-1355070315&config=3,4590,0,0
1778791420084,4590,HTTP Request,200,OK,Thread Group 1-99,text,true,,231,158,100,100,http://localhost:8079/?token=518499913&user=-1355070315&config=3,4590,0,0
1778791420084,4590,HTTP Request,200,OK,Thread Group 1-30,text,true,,231,158,100,100,http://localhost:8079/?token=518499913&user=-1355070315&config=3,4590,0,0
1778791420084,4590,HTTP Request,200,OK,Thread Group 1-46,text,true,,231,158,100,100,http://localhost:8079/?token=518499913&user=-1355070315&config=3,4590,0,0
1778791421529,3145,HTTP Request,200,OK,Thread Group 1-24,text,true,,231,158,100,100,http://localhost:8079/?token=518499913&user=-1355070315&config=3,3145,0,0
1778791420094,4580,HTTP Request,200,OK,Thread Group 1-87,text,true,,231,158,100,100,http://localhost:8079/?token=518499913&user=-1355070315&config=3,4580,0,0
1778791421529,3145,HTTP Request,200,OK,Thread Group 1-92,text,true,,231,158,100,100,http://localhost:8079/?token=518499913&user=-1355070315&config=3,3145,0,0
1778791421530,3144,HTTP Request,200,OK,Thread Group 1-48,text,true,,231,158,100,100,http://localhost:8079/?token=518499913&user=-1355070315&config=3,3144,0,0
1778791421530,3144,HTTP Request,200,OK,Thread Group 1-52,text,true,,231,158,100,100,http://localhost:8079/?token=518499913&user=-1355070315&config=3,3144,0,0
1778791421530,3262,HTTP Request,200,OK,Thread Group 1-43,text,true,,231,158,100,100,http://localhost:8079/?token=518499913&user=-1355070315&config=3,3262,0,0
1778791421530,3262,HTTP Request,200,OK,Thread Group 1-57,text,true,,231,158,100,100,http://localhost:8079/?token=518499913&user=-1355070315&config=3,3262,0,0
1778791421531,3261,HTTP Request,200,OK,Thread Group 1-95,text,true,,231,158,100,100,http://localhost:8079/?token=518499913&user=-1355070315&config=3,3261,0,0
1778791421531,3261,HTTP Request,200,OK,Thread Group 1-20,text,true,,231,158,100,100,http://localhost:8079/?token=518499913&user=-1355070315&config=3,3261,0,0
1778791421531,4660,HTTP Request,200,OK,Thread Group 1-84,text,true,,231,158,100,100,http://localhost:8079/?token=518499913&user=-1355070315&config=3,4660,0,0
1778791421532,4659,HTTP Request,200,OK,Thread Group 1-14,text,true,,231,158,100,100,http://localhost:8079/?token=518499913&user=-1355070315&config=3,4659,0,0
1778791421532,4659,HTTP Request,200,OK,Thread Group 1-88,text,true,,231,158,100,100,http://localhost:8079/?token=518499913&user=-1355070315&config=3,4659,0,0
1778791421532,4660,HTTP Request,200,OK,Thread Group 1-26,text,true,,231,158,100,100,http://localhost:8079/?token=518499913&user=-1355070315&config=3,4660,0,0
1778791421532,4660,HTTP Request,200,OK,Thread Group 1-91,text,true,,231,158,100,100,http://localhost:8079/?token=518499913&user=-1355070315&config=3,4660,0,0
1778791421530,4663,HTTP Request,200,OK,Thread Group 1-44,text,true,,231,158,100,100,http://localhost:8079/?token=518499913&user=-1355070315&config=3,4661,0,0
1778791421532,4668,HTTP Request,200,OK,Thread Group 1-73,text,true,,231,158,100,100,http://localhost:8079/?token=518499913&user=-1355070315&config=3,4668,0,0
1778791421532,4668,HTTP Request,200,OK,Thread Group 1-71,text,true,,231,158,100,100,http://localhost:8079/?token=518499913&user=-1355070315&config=3,4668,0,0
1778791421532,4668,HTTP Request,200,OK,Thread Group 1-85,text,true,,231,158,100,100,http://localhost:8079/?token=518499913&user=-1355070315&config=3,4668,0,0
1778791421532,4669,HTTP Request,200,OK,Thread Group 1-31,text,true,,231,158,100,100,http://localhost:8079/?token=518499913&user=-1355070315&config=3,4668,0,0
1778791421532,4669,HTTP Request,200,OK,Thread Group 1-42,text,true,,231,158,100,100,http://localhost:8079/?token=518499913&user=-1355070315&config=3,4669,0,0
1778791421550,4651,HTTP Request,200,OK,Thread Group 1-49,text,true,,231,158,100,100,http://localhost:8079/?token=518499913&user=-1355070315&config=3,4651,0,0
1778791421550,4651,HTTP Request,200,OK,Thread Group 1-50,text,true,,231,158,100,100,http://localhost:8079/?token=518499913&user=-1355070315&config=3,4651,0,0
1778791421532,4669,HTTP Request,200,OK,Thread Group 1-58,text,true,,231,158,100,100,http://localhost:8079/?token=518499913&user=-1355070315&config=3,4669,0,0
1778791421532,4669,HTTP Request,200,OK,Thread Group 1-29,text,true,,231,158,100,100,http://localhost:8079/?token=518499913&user=-1355070315&config=3,4669,0,0
1778791421531,4670,HTTP Request,200,OK,Thread Group 1-34,text,true,,231,158,100,100,http://localhost:8079/?token=518499913&user=-1355070315&config=3,4670,0,0
1778791421531,4671,HTTP Request,200,OK,Thread Group 1-35,text,true,,231,158,100,100,http://localhost:8079/?token=518499913&user=-1355070315&config=3,4671,0,0
1778791421531,4683,HTTP Request,200,OK,Thread Group 1-5,text,true,,231,158,100,100,http://localhost:8079/?token=518499913&user=-1355070315&config=3,4683,0,1
1778791421530,4684,HTTP Request,200,OK,Thread Group 1-63,text,true,,231,158,100,100,http://localhost:8079/?token=518499913&user=-1355070315&config=3,4684,0,2
1778791423075,3139,HTTP Request,200,OK,Thread Group 1-72,text,true,,231,158,100,100,http://localhost:8079/?token=518499913&user=-1355070315&config=3,3139,0,0
1778791421532,4682,HTTP Request,200,OK,Thread Group 1-4,text,true,,231,158,100,100,http://localhost:8079/?token=518499913&user=-1355070315&config=3,4682,0,0
1778791423075,3139,HTTP Request,200,OK,Thread Group 1-75,text,true,,231,158,100,100,http://localhost:8079/?token=518499913&user=-1355070315&config=3,3139,0,0
1778791421532,4683,HTTP Request,200,OK,Thread Group 1-78,text,true,,231,158,100,100,http://localhost:8079/?token=518499913&user=-1355070315&config=3,4683,0,0
1778791423072,3144,HTTP Request,200,OK,Thread Group 1-94,text,true,,231,158,100,100,http://localhost:8079/?token=518499913&user=-1355070315&config=3,3144,0,0
1778791421531,4685,HTTP Request,200,OK,Thread Group 1-97,text,true,,231,158,100,100,http://localhost:8079/?token=518499913&user=-1355070315&config=3,4685,0,0
1778791423078,3138,HTTP Request,200,OK,Thread Group 1-56,text,true,,231,158,100,100,http://localhost:8079/?token=518499913&user=-1355070315&config=3,3138,0,0
1778791421532,4684,HTTP Request,200,OK,Thread Group 1-60,text,true,,231,158,100,100,http://localhost:8079/?token=518499913&user=-1355070315&config=3,4684,0,0
1778791423079,3137,HTTP Request,200,OK,Thread Group 1-61,text,true,,231,158,100,100,http://localhost:8079/?token=518499913&user=-1355070315&config=3,3137,0,0
1778791423075,3142,HTTP Request,200,OK,Thread Group 1-9,text,true,,231,158,100,100,http://localhost:8079/?token=518499913&user=-1355070315&config=3,3142,0,0
1778791423075,3142,HTTP Request,200,OK,Thread Group 1-12,text,true,,231,158,100,100,http://localhost:8079/?token=518499913&user=-1355070315&config=3,3142,0,0
1778791423075,3142,HTTP Request,200,OK,Thread Group 1-13,text,true,,231,158,100,100,http://localhost:8079/?token=518499913&user=-1355070315&config=3,3142,0,0
1778791423075,3143,HTTP Request,200,OK,Thread Group 1-17,text,true,,231,158,100,100,http://localhost:8079/?token=518499913&user=-1355070315&config=3,3143,0,0
1778791423075,3143,HTTP Request,200,OK,Thread Group 1-23,text,true,,231,158,100,100,http://localhost:8079/?token=518499913&user=-1355070315&config=3,3143,0,0
1778791423075,3143,HTTP Request,200,OK,Thread Group 1-90,text,true,,231,158,100,100,http://localhost:8079/?token=518499913&user=-1355070315&config=3,3143,0,0
1778791423075,3143,HTTP Request,200,OK,Thread Group 1-32,text,true,,231,158,100,100,http://localhost:8079/?token=518499913&user=-1355070315&config=3,3143,0,0
1778791423075,3143,HTTP Request,200,OK,Thread Group 1-38,text,true,,231,158,100,100,http://localhost:8079/?token=518499913&user=-1355070315&config=3,3143,0,0
1778791423078,5088,HTTP Request,200,OK,Thread Group 1-45,text,true,,231,158,100,100,http://localhost:8079/?token=518499913&user=-1355070315&config=3,5088,0,0
1778791423078,5089,HTTP Request,200,OK,Thread Group 1-40,text,true,,231,158,100,100,http://localhost:8079/?token=518499913&user=-1355070315&config=3,5089,0,0
1778791423078,5089,HTTP Request,200,OK,Thread Group 1-39,text,true,,231,158,100,100,http://localhost:8079/?token=518499913&user=-1355070315&config=3,5089,0,0
1778791423078,5090,HTTP Request,200,OK,Thread Group 1-51,text,true,,231,158,100,100,http://localhost:8079/?token=518499913&user=-1355070315&config=3,5090,0,0
1778791423078,5090,HTTP Request,200,OK,Thread Group 1-1,text,true,,231,158,100,100,http://localhost:8079/?token=518499913&user=-1355070315&config=3,5090,0,0
1778791423078,5090,HTTP Request,200,OK,Thread Group 1-2,text,true,,231,158,100,100,http://localhost:8079/?token=518499913&user=-1355070315&config=3,5090,0,0
1778791423079,5089,HTTP Request,200,OK,Thread Group 1-11,text,true,,231,158,100,100,http://localhost:8079/?token=518499913&user=-1355070315&config=3,5089,0,0
1778791423079,5089,HTTP Request,200,OK,Thread Group 1-15,text,true,,231,158,100,100,http://localhost:8079/?token=518499913&user=-1355070315&config=3,5089,0,0
1778791423092,5077,HTTP Request,200,OK,Thread Group 1-18,text,true,,231,158,100,100,http://localhost:8079/?token=518499913&user=-1355070315&config=3,5077,0,0
1778791423079,5092,HTTP Request,200,OK,Thread Group 1-21,text,true,,231,158,100,100,http://localhost:8079/?token=518499913&user=-1355070315&config=3,5092,0,0
1778791423079,5093,HTTP Request,200,OK,Thread Group 1-27,text,true,,231,158,100,100,http://localhost:8079/?token=518499913&user=-1355070315&config=3,5093,0,0
1778791424672,3502,HTTP Request,200,OK,Thread Group 1-10,text,true,,231,158,100,100,http://localhost:8079/?token=518499913&user=-1355070315&config=3,3502,0,0
1778791424672,3503,HTTP Request,200,OK,Thread Group 1-16,text,true,,231,158,100,100,http://localhost:8079/?token=518499913&user=-1355070315&config=3,3503,0,0
1778791424673,3502,HTTP Request,200,OK,Thread Group 1-79,text,true,,231,158,100,100,http://localhost:8079/?token=518499913&user=-1355070315&config=3,3502,0,0
1778791424673,3502,HTTP Request,200,OK,Thread Group 1-82,text,true,,231,158,100,100,http://localhost:8079/?token=518499913&user=-1355070315&config=3,3502,0,0
1778791424673,3502,HTTP Request,200,OK,Thread Group 1-83,text,true,,231,158,100,100,http://localhost:8079/?token=518499913&user=-1355070315&config=3,3502,0,0
1778791424673,3503,HTTP Request,200,OK,Thread Group 1-86,text,true,,231,158,100,100,http://localhost:8079/?token=518499913&user=-1355070315&config=3,3503,0,0
1778791424673,3503,HTTP Request,200,OK,Thread Group 1-93,text,true,,231,158,100,100,http://localhost:8079/?token=518499913&user=-1355070315&config=3,3503,0,0
1778791424673,3503,HTTP Request,200,OK,Thread Group 1-37,text,true,,231,158,100,100,http://localhost:8079/?token=518499913&user=-1355070315&config=3,3503,0,0
1778791424671,3505,HTTP Request,200,OK,Thread Group 1-98,text,true,,231,158,100,100,http://localhost:8079/?token=518499913&user=-1355070315&config=3,3505,0,0
1778791424673,3504,HTTP Request,200,OK,Thread Group 1-47,text,true,,231,158,100,100,http://localhost:8079/?token=518499913&user=-1355070315&config=3,3504,0,0
1778791423092,5085,HTTP Request,200,OK,Thread Group 1-54,text,true,,231,158,100,100,http://localhost:8079/?token=518499913&user=-1355070315&config=3,5085,0,0
1778791424673,3504,HTTP Request,200,OK,Thread Group 1-3,text,true,,231,158,100,100,http://localhost:8079/?token=518499913&user=-1355070315&config=3,3504,0,0
1778791423078,5099,HTTP Request,200,OK,Thread Group 1-6,text,true,,231,158,100,100,http://localhost:8079/?token=518499913&user=-1355070315&config=3,5099,0,1
1778791423078,5099,HTTP Request,200,OK,Thread Group 1-68,text,true,,231,158,100,100,http://localhost:8079/?token=518499913&user=-1355070315&config=3,5099,0,1
1778791423079,5098,HTTP Request,200,OK,Thread Group 1-80,text,true,,231,158,100,100,http://localhost:8079/?token=518499913&user=-1355070315&config=3,5098,0,0
1778791423079,5099,HTTP Request,200,OK,Thread Group 1-19,text,true,,231,158,100,100,http://localhost:8079/?token=518499913&user=-1355070315&config=3,5099,0,0
1778791423079,5099,HTTP Request,200,OK,Thread Group 1-22,text,true,,231,158,100,100,http://localhost:8079/?token=518499913&user=-1355070315&config=3,5099,0,0
1778791423079,5099,HTTP Request,200,OK,Thread Group 1-28,text,true,,231,158,100,100,http://localhost:8079/?token=518499913&user=-1355070315&config=3,5099,0,0
1778791423079,5099,HTTP Request,200,OK,Thread Group 1-33,text,true,,231,158,100,100,http://localhost:8079/?token=518499913&user=-1355070315&config=3,5099,0,0
1778791423079,5099,HTTP Request,200,OK,Thread Group 1-96,text,true,,231,158,100,100,http://localhost:8079/?token=518499913&user=-1355070315&config=3,5099,0,0
1778791423079,5099,HTTP Request,200,OK,Thread Group 1-36,text,true,,231,158,100,100,http://localhost:8079/?token=518499913&user=-1355070315&config=3,5099,0,0
1778791423079,5100,HTTP Request,200,OK,Thread Group 1-41,text,true,,231,158,100,100,http://localhost:8079/?token=518499913&user=-1355070315&config=3,5099,0,0
1778791424673,3512,HTTP Request,200,OK,Thread Group 1-77,text,true,,231,158,100,100,http://localhost:8079/?token=518499913&user=-1355070315&config=3,3512,0,0
1778791424673,3512,HTTP Request,200,OK,Thread Group 1-100,text,true,,231,158,100,100,http://localhost:8079/?token=518499913&user=-1355070315&config=3,3512,0,0
1778791424674,3511,HTTP Request,200,OK,Thread Group 1-52,text,true,,231,158,100,100,http://localhost:8079/?token=518499913&user=-1355070315&config=3,3511,0,0
1778791424673,3512,HTTP Request,200,OK,Thread Group 1-53,text,true,,231,158,100,100,http://localhost:8079/?token=518499913&user=-1355070315&config=3,3512,0,0
1778791424672,3513,HTTP Request,200,OK,Thread Group 1-76,text,true,,231,158,100,100,http://localhost:8079/?token=518499913&user=-1355070315&config=3,3513,0,0
1778791424673,5088,HTTP Request,200,OK,Thread Group 1-62,text,true,,231,158,100,100,http://localhost:8079/?token=518499913&user=-1355070315&config=3,5088,0,0
1778791424674,5091,HTTP Request,200,OK,Thread Group 1-87,text,true,,231,158,100,100,http://localhost:8079/?token=518499913&user=-1355070315&config=3,5091,0,0
1778791424674,5091,HTTP Request,200,OK,Thread Group 1-24,text,true,,231,158,100,100,http://localhost:8079/?token=518499913&user=-1355070315&config=3,5091,0,0
1778791424673,5092,HTTP Request,200,OK,Thread Group 1-65,text,true,,231,158,100,100,http://localhost:8079/?token=518499913&user=-1355070315&config=3,5092,0,0
1778791424673,5092,HTTP Request,200,OK,Thread Group 1-81,text,true,,231,158,100,100,http://localhost:8079/?token=518499913&user=-1355070315&config=3,5092,0,0
1778791424673,5092,HTTP Request,200,OK,Thread Group 1-59,text,true,,231,158,100,100,http://localhost:8079/?token=518499913&user=-1355070315&config=3,5092,0,0
1778791424674,5091,HTTP Request,200,OK,Thread Group 1-89,text,true,,231,158,100,100,http://localhost:8079/?token=518499913&user=-1355070315&config=3,5091,0,0
1778791424674,5091,HTTP Request,200,OK,Thread Group 1-25,text,true,,231,158,100,100,http://localhost:8079/?token=518499913&user=-1355070315&config=3,5091,0,0
1778791424674,5091,HTTP Request,200,OK,Thread Group 1-46,text,true,,231,158,100,100,http://localhost:8079/?token=518499913&user=-1355070315&config=3,5091,0,0
1778791424674,5091,HTTP Request,200,OK,Thread Group 1-30,text,true,,231,158,100,100,http://localhost:8079/?token=518499913&user=-1355070315&config=3,5091,0,0
1778791424673,5092,HTTP Request,200,OK,Thread Group 1-64,text,true,,231,158,100,100,http://localhost:8079/?token=518499913&user=-1355070315&config=3,5092,0,0
1778791424674,5092,HTTP Request,200,OK,Thread Group 1-92,text,true,,231,158,100,100,http://localhost:8079/?token=518499913&user=-1355070315&config=3,5092,0,0
1778791424674,5092,HTTP Request,200,OK,Thread Group 1-48,text,true,,231,158,100,100,http://localhost:8079/?token=518499913&user=-1355070315&config=3,5092,0,0
1778791424673,5093,HTTP Request,200,OK,Thread Group 1-55,text,true,,231,158,100,100,http://localhost:8079/?token=518499913&user=-1355070315&config=3,5093,0,0
1778791424792,4974,HTTP Request,200,OK,Thread Group 1-57,text,true,,231,158,100,100,http://localhost:8079/?token=518499913&user=-1355070315&config=3,4974,0,0
1778791424673,5093,HTTP Request,200,OK,Thread Group 1-74,text,true,,231,158,100,100,http://localhost:8079/?token=518499913&user=-1355070315&config=3,5093,0,0
1778791424674,5092,HTTP Request,200,OK,Thread Group 1-99,text,true,,231,158,100,100,http://localhost:8079/?token=518499913&user=-1355070315&config=3,5092,0,0
1778791424672,5095,HTTP Request,200,OK,Thread Group 1-67,text,true,,231,158,100,100,http://localhost:8079/?token=518499913&user=-1355070315&config=3,5095,0,2
1778791424792,4975,HTTP Request,200,OK,Thread Group 1-95,text,true,,231,158,100,100,http://localhost:8079/?token=518499913&user=-1355070315&config=3,4975,0,0
1778791424792,4975,HTTP Request,200,OK,Thread Group 1-43,text,true,,231,158,100,100,http://localhost:8079/?token=518499913&user=-1355070315&config=3,4975,0,0
1778791424674,5093,HTTP Request,200,OK,Thread Group 1-8,text,true,,231,158,100,100,http://localhost:8079/?token=518499913&user=-1355070315&config=3,5093,0,0
1778791424792,4975,HTTP Request,200,OK,Thread Group 1-20,text,true,,231,158,100,100,http://localhost:8079/?token=518499913&user=-1355070315&config=3,4975,0,0
1778791426192,3577,HTTP Request,200,OK,Thread Group 1-14,text,true,,231,158,100,100,http://localhost:8079/?token=518499913&user=-1355070315&config=3,3577,0,0
1778791426193,3576,HTTP Request,200,OK,Thread Group 1-26,text,true,,231,158,100,100,http://localhost:8079/?token=518499913&user=-1355070315&config=3,3576,0,0
1778791426193,3576,HTTP Request,200,OK,Thread Group 1-91,text,true,,231,158,100,100,http://localhost:8079/?token=518499913&user=-1355070315&config=3,3576,0,0
1778791424672,5096,HTTP Request,200,OK,Thread Group 1-66,text,true,,231,158,100,100,http://localhost:8079/?token=518499913&user=-1355070315&config=3,5096,0,2
1778791424672,5096,HTTP Request,200,OK,Thread Group 1-70,text,true,,231,158,100,100,http://localhost:8079/?token=518499913&user=-1355070315&config=3,5096,0,2
1778791426192,3577,HTTP Request,200,OK,Thread Group 1-84,text,true,,231,158,100,100,http://localhost:8079/?token=518499913&user=-1355070315&config=3,3577,0,0
1778791426192,3577,HTTP Request,200,OK,Thread Group 1-88,text,true,,231,158,100,100,http://localhost:8079/?token=518499913&user=-1355070315&config=3,3577,0,0
1778791426202,3567,HTTP Request,200,OK,Thread Group 1-42,text,true,,231,158,100,100,http://localhost:8079/?token=518499913&user=-1355070315&config=3,3567,0,0
1778791426194,3575,HTTP Request,200,OK,Thread Group 1-44,text,true,,231,158,100,100,http://localhost:8079/?token=518499913&user=-1355070315&config=3,3575,0,0
1778791426202,3567,HTTP Request,200,OK,Thread Group 1-31,text,true,,231,158,100,100,http://localhost:8079/?token=518499913&user=-1355070315&config=3,3567,0,0
1778791424674,5094,HTTP Request,200,OK,Thread Group 1-7,text,true,,231,158,100,100,http://localhost:8079/?token=518499913&user=-1355070315&config=3,5094,0,0
1778791426202,3579,HTTP Request,200,OK,Thread Group 1-49,text,true,,231,158,100,100,http://localhost:8079/?token=518499913&user=-1355070315&config=3,3579,0,0
1778791426201,3580,HTTP Request,200,OK,Thread Group 1-73,text,true,,231,158,100,100,http://localhost:8079/?token=518499913&user=-1355070315&config=3,3580,0,0
1778791424674,6712,HTTP Request,200,OK,Thread Group 1-69,text,true,,231,158,100,100,http://localhost:8079/?token=518499913&user=-1355070315&config=3,6711,0,0
1778791426215,5181,HTTP Request,200,OK,Thread Group 1-5,text,true,,231,158,100,100,http://localhost:8079/?token=518499913&user=-1355070315&config=3,5181,0,0
1778791426215,5182,HTTP Request,200,OK,Thread Group 1-4,text,true,,231,158,100,100,http://localhost:8079/?token=518499913&user=-1355070315&config=3,5182,0,0
1778791426215,5182,HTTP Request,200,OK,Thread Group 1-72,text,true,,231,158,100,100,http://localhost:8079/?token=518499913&user=-1355070315&config=3,5182,0,0
1778791426216,5182,HTTP Request,200,OK,Thread Group 1-75,text,true,,231,158,100,100,http://localhost:8079/?token=518499913&user=-1355070315&config=3,5182,0,0
1778791426201,5197,HTTP Request,200,OK,Thread Group 1-85,text,true,,231,158,100,100,http://localhost:8079/?token=518499913&user=-1355070315&config=3,5197,0,0
1778791426202,5197,HTTP Request,200,OK,Thread Group 1-50,text,true,,231,158,100,100,http://localhost:8079/?token=518499913&user=-1355070315&config=3,5197,0,0
1778791426202,5200,HTTP Request,200,OK,Thread Group 1-58,text,true,,231,158,100,100,http://localhost:8079/?token=518499913&user=-1355070315&config=3,5200,0,0
1778791426204,5198,HTTP Request,200,OK,Thread Group 1-35,text,true,,231,158,100,100,http://localhost:8079/?token=518499913&user=-1355070315&config=3,5198,0,0
1778791426203,5199,HTTP Request,200,OK,Thread Group 1-34,text,true,,231,158,100,100,http://localhost:8079/?token=518499913&user=-1355070315&config=3,5199,0,0
1778791428186,3216,HTTP Request,200,OK,Thread Group 1-76,text,true,,231,158,100,100,http://localhost:8079/?token=518499913&user=-1355070315&config=3,3216,0,0
1778791426218,5184,HTTP Request,200,OK,Thread Group 1-9,text,true,,231,158,100,100,http://localhost:8079/?token=518499913&user=-1355070315&config=3,5184,0,3
1778791426201,5201,HTTP Request,200,OK,Thread Group 1-71,text,true,,231,158,100,100,http://localhost:8079/?token=518499913&user=-1355070315&config=3,5201,0,3
1778791426216,5186,HTTP Request,200,OK,Thread Group 1-78,text,true,,231,158,100,100,http://localhost:8079/?token=518499913&user=-1355070315&config=3,5186,0,0
1778791426215,5187,HTTP Request,200,OK,Thread Group 1-63,text,true,,231,158,100,100,http://localhost:8079/?token=518499913&user=-1355070315&config=3,5187,0,0
1778791426217,5186,HTTP Request,200,OK,Thread Group 1-94,text,true,,231,158,100,100,http://localhost:8079/?token=518499913&user=-1355070315&config=3,5186,0,0
1778791426217,5186,HTTP Request,200,OK,Thread Group 1-97,text,true,,231,158,100,100,http://localhost:8079/?token=518499913&user=-1355070315&config=3,5186,0,0
1778791428186,3217,HTTP Request,200,OK,Thread Group 1-100,text,true,,231,158,100,100,http://localhost:8079/?token=518499913&user=-1355070315&config=3,3217,0,0
1778791426202,5200,HTTP Request,200,OK,Thread Group 1-29,text,true,,231,158,100,100,http://localhost:8079/?token=518499913&user=-1355070315&config=3,5200,0,0
1778791428178,3225,HTTP Request,200,OK,Thread Group 1-98,text,true,,231,158,100,100,http://localhost:8079/?token=518499913&user=-1355070315&config=3,3225,0,0
1778791428168,3235,HTTP Request,200,OK,Thread Group 1-40,text,true,,231,158,100,100,http://localhost:8079/?token=518499913&user=-1355070315&config=3,3235,0,0
1778791428168,3235,HTTP Request,200,OK,Thread Group 1-39,text,true,,231,158,100,100,http://localhost:8079/?token=518499913&user=-1355070315&config=3,3235,0,0
1778791428167,3236,HTTP Request,200,OK,Thread Group 1-45,text,true,,231,158,100,100,http://localhost:8079/?token=518499913&user=-1355070315&config=3,3236,0,0
1778791428169,3234,HTTP Request,200,OK,Thread Group 1-51,text,true,,231,158,100,100,http://localhost:8079/?token=518499913&user=-1355070315&config=3,3234,0,0
1778791428178,3225,HTTP Request,200,OK,Thread Group 1-54,text,true,,231,158,100,100,http://localhost:8079/?token=518499913&user=-1355070315&config=3,3225,0,0
1778791426217,5186,HTTP Request,200,OK,Thread Group 1-56,text,true,,231,158,100,100,http://localhost:8079/?token=518499913&user=-1355070315&config=3,5186,0,0
1778791426218,5185,HTTP Request,200,OK,Thread Group 1-60,text,true,,231,158,100,100,http://localhost:8079/?token=518499913&user=-1355070315&config=3,5185,0,0
1778791426218,5185,HTTP Request,200,OK,Thread Group 1-61,text,true,,231,158,100,100,http://localhost:8079/?token=518499913&user=-1355070315&config=3,5185,0,0
1778791428169,3234,HTTP Request,200,OK,Thread Group 1-1,text,true,,231,158,100,100,http://localhost:8079/?token=518499913&user=-1355070315&config=3,3234,0,0
1778791428169,3234,HTTP Request,200,OK,Thread Group 1-2,text,true,,231,158,100,100,http://localhost:8079/?token=518499913&user=-1355070315&config=3,3234,0,0
1778791426218,5185,HTTP Request,200,OK,Thread Group 1-12,text,true,,231,158,100,100,http://localhost:8079/?token=518499913&user=-1355070315&config=3,5185,0,0
1778791426218,5185,HTTP Request,200,OK,Thread Group 1-13,text,true,,231,158,100,100,http://localhost:8079/?token=518499913&user=-1355070315&config=3,5185,0,0
1778791428169,3234,HTTP Request,200,OK,Thread Group 1-15,text,true,,231,158,100,100,http://localhost:8079/?token=518499913&user=-1355070315&config=3,3234,0,0
1778791426219,5184,HTTP Request,200,OK,Thread Group 1-23,text,true,,231,158,100,100,http://localhost:8079/?token=518499913&user=-1355070315&config=3,5184,0,0
1778791426219,5184,HTTP Request,200,OK,Thread Group 1-17,text,true,,231,158,100,100,http://localhost:8079/?token=518499913&user=-1355070315&config=3,5184,0,0
1778791426219,5184,HTTP Request,200,OK,Thread Group 1-32,text,true,,231,158,100,100,http://localhost:8079/?token=518499913&user=-1355070315&config=3,5184,0,0
1778791426219,5184,HTTP Request,200,OK,Thread Group 1-90,text,true,,231,158,100,100,http://localhost:8079/?token=518499913&user=-1355070315&config=3,5184,0,0
1778791426219,5184,HTTP Request,200,OK,Thread Group 1-38,text,true,,231,158,100,100,http://localhost:8079/?token=518499913&user=-1355070315&config=3,5184,0,0
1778791428178,3231,HTTP Request,200,OK,Thread Group 1-3,text,true,,231,158,100,100,http://localhost:8079/?token=518499913&user=-1355070315&config=3,3231,0,0
1778791428178,3231,HTTP Request,200,OK,Thread Group 1-6,text,true,,231,158,100,100,http://localhost:8079/?token=518499913&user=-1355070315&config=3,3231,0,0
1778791428186,3223,HTTP Request,200,OK,Thread Group 1-53,text,true,,231,158,100,100,http://localhost:8079/?token=518499913&user=-1355070315&config=3,3223,0,0
1778791428180,3229,HTTP Request,200,OK,Thread Group 1-36,text,true,,231,158,100,100,http://localhost:8079/?token=518499913&user=-1355070315&config=3,3229,0,0
1778791428178,3231,HTTP Request,200,OK,Thread Group 1-68,text,true,,231,158,100,100,http://localhost:8079/?token=518499913&user=-1355070315&config=3,3231,0,0
1778791428177,4745,HTTP Request,200,OK,Thread Group 1-86,text,true,,231,158,100,100,http://localhost:8079/?token=518499913&user=-1355070315&config=3,4745,0,0
1778791428176,4749,HTTP Request,200,OK,Thread Group 1-16,text,true,,231,158,100,100,http://localhost:8079/?token=518499913&user=-1355070315&config=3,4749,0,0
1778791428169,4756,HTTP Request,200,OK,Thread Group 1-11,text,true,,231,158,100,100,http://localhost:8079/?token=518499913&user=-1355070315&config=3,4756,0,6
1778791428186,4739,HTTP Request,200,OK,Thread Group 1-77,text,true,,231,158,100,100,http://localhost:8079/?token=518499913&user=-1355070315&config=3,4739,0,0
1778791428176,4750,HTTP Request,200,OK,Thread Group 1-79,text,true,,231,158,100,100,http://localhost:8079/?token=518499913&user=-1355070315&config=3,4750,0,0
1778791428176,4750,HTTP Request,200,OK,Thread Group 1-82,text,true,,231,158,100,100,http://localhost:8079/?token=518499913&user=-1355070315&config=3,4750,0,0
1778791428177,4749,HTTP Request,200,OK,Thread Group 1-83,text,true,,231,158,100,100,http://localhost:8079/?token=518499913&user=-1355070315&config=3,4749,0,0
1778791428177,4749,HTTP Request,200,OK,Thread Group 1-93,text,true,,231,158,100,100,http://localhost:8079/?token=518499913&user=-1355070315&config=3,4749,0,0
1778791428177,4749,HTTP Request,200,OK,Thread Group 1-37,text,true,,231,158,100,100,http://localhost:8079/?token=518499913&user=-1355070315&config=3,4749,0,0
1778791428178,4749,HTTP Request,200,OK,Thread Group 1-47,text,true,,231,158,100,100,http://localhost:8079/?token=518499913&user=-1355070315&config=3,4749,0,0
1778791428186,4741,HTTP Request,200,OK,Thread Group 1-52,text,true,,231,158,100,100,http://localhost:8079/?token=518499913&user=-1355070315&config=3,4741,0,0
1778791429762,3165,HTTP Request,200,OK,Thread Group 1-62,text,true,,231,158,100,100,http://localhost:8079/?token=518499913&user=-1355070315&config=3,3165,0,0
1778791428171,4756,HTTP Request,200,OK,Thread Group 1-18,text,true,,231,158,100,100,http://localhost:8079/?token=518499913&user=-1355070315&config=3,4756,0,0
1778791428178,4750,HTTP Request,200,OK,Thread Group 1-80,text,true,,231,158,100,100,http://localhost:8079/?token=518499913&user=-1355070315&config=3,4750,0,0
1778791428179,4750,HTTP Request,200,OK,Thread Group 1-19,text,true,,231,158,100,100,http://localhost:8079/?token=518499913&user=-1355070315&config=3,4750,0,0
1778791428172,4757,HTTP Request,200,OK,Thread Group 1-21,text,true,,231,158,100,100,http://localhost:8079/?token=518499913&user=-1355070315&config=3,4757,0,0
1778791428179,4750,HTTP Request,200,OK,Thread Group 1-22,text,true,,231,158,100,100,http://localhost:8079/?token=518499913&user=-1355070315&config=3,4750,0,0
1778791428174,4755,HTTP Request,200,OK,Thread Group 1-27,text,true,,231,158,100,100,http://localhost:8079/?token=518499913&user=-1355070315&config=3,4755,0,0
1778791428179,4750,HTTP Request,200,OK,Thread Group 1-28,text,true,,231,158,100,100,http://localhost:8079/?token=518499913&user=-1355070315&config=3,4750,0,0
1778791428180,4750,HTTP Request,200,OK,Thread Group 1-41,text,true,,231,158,100,100,http://localhost:8079/?token=518499913&user=-1355070315&config=3,4749,0,0
1778791428179,4750,HTTP Request,200,OK,Thread Group 1-96,text,true,,231,158,100,100,http://localhost:8079/?token=518499913&user=-1355070315&config=3,4750,0,0
1778791428176,4758,HTTP Request,200,OK,Thread Group 1-10,text,true,,231,158,100,100,http://localhost:8079/?token=518499913&user=-1355070315&config=3,4758,0,5
1778791429766,3169,HTTP Request,200,OK,Thread Group 1-24,text,true,,231,158,100,100,http://localhost:8079/?token=518499913&user=-1355070315&config=3,3169,0,0
1778791429766,3169,HTTP Request,200,OK,Thread Group 1-87,text,true,,231,158,100,100,http://localhost:8079/?token=518499913&user=-1355070315&config=3,3169,0,0
1778791429766,3169,HTTP Request,200,OK,Thread Group 1-59,text,true,,231,158,100,100,http://localhost:8079/?token=518499913&user=-1355070315&config=3,3169,0,0
1778791429766,3170,HTTP Request,200,OK,Thread Group 1-65,text,true,,231,158,100,100,http://localhost:8079/?token=518499913&user=-1355070315&config=3,3170,0,0
1778791429766,3170,HTTP Request,200,OK,Thread Group 1-81,text,true,,231,158,100,100,http://localhost:8079/?token=518499913&user=-1355070315&config=3,3170,0,0
1778791428179,4750,HTTP Request,200,OK,Thread Group 1-33,text,true,,231,158,100,100,http://localhost:8079/?token=518499913&user=-1355070315&config=3,4750,0,0
1778791429766,3171,HTTP Request,200,OK,Thread Group 1-25,text,true,,231,158,100,100,http://localhost:8079/?token=518499913&user=-1355070315&config=3,3171,0,0
1778791429766,3171,HTTP Request,200,OK,Thread Group 1-89,text,true,,231,158,100,100,http://localhost:8079/?token=518499913&user=-1355070315&config=3,3171,0,0
1778791429766,3171,HTTP Request,200,OK,Thread Group 1-30,text,true,,231,158,100,100,http://localhost:8079/?token=518499913&user=-1355070315&config=3,3171,0,0
1778791429766,3171,HTTP Request,200,OK,Thread Group 1-46,text,true,,231,158,100,100,http://localhost:8079/?token=518499913&user=-1355070315&config=3,3171,0,0
1778791429766,3171,HTTP Request,200,OK,Thread Group 1-64,text,true,,231,158,100,100,http://localhost:8079/?token=518499913&user=-1355070315&config=3,3171,0,0
1778791429767,3179,HTTP Request,200,OK,Thread Group 1-57,text,true,,231,158,100,100,http://localhost:8079/?token=518499913&user=-1355070315&config=3,3179,0,0
1778791429767,3179,HTTP Request,200,OK,Thread Group 1-92,text,true,,231,158,100,100,http://localhost:8079/?token=518499913&user=-1355070315&config=3,3179,0,0
1778791429767,5029,HTTP Request,200,OK,Thread Group 1-48,text,true,,231,158,100,100,http://localhost:8079/?token=518499913&user=-1355070315&config=3,5029,0,0
1778791429768,5032,HTTP Request,200,OK,Thread Group 1-67,text,true,,231,158,100,100,http://localhost:8079/?token=518499913&user=-1355070315&config=3,5032,0,0
1778791429769,5032,HTTP Request,200,OK,Thread Group 1-14,text,true,,231,158,100,100,http://localhost:8079/?token=518499913&user=-1355070315&config=3,5032,0,0
1778791429769,5032,HTTP Request,200,OK,Thread Group 1-88,text,true,,231,158,100,100,http://localhost:8079/?token=518499913&user=-1355070315&config=3,5032,0,0
1778791429768,5035,HTTP Request,200,OK,Thread Group 1-95,text,true,,231,158,100,100,http://localhost:8079/?token=518499913&user=-1355070315&config=3,5035,0,0
1778791429769,5034,HTTP Request,200,OK,Thread Group 1-91,text,true,,231,158,100,100,http://localhost:8079/?token=518499913&user=-1355070315&config=3,5034,0,0
1778791429768,5035,HTTP Request,200,OK,Thread Group 1-43,text,true,,231,158,100,100,http://localhost:8079/?token=518499913&user=-1355070315&config=3,5035,0,0
1778791429767,5036,HTTP Request,200,OK,Thread Group 1-55,text,true,,231,158,100,100,http://localhost:8079/?token=518499913&user=-1355070315&config=3,5036,0,0
1778791429768,5035,HTTP Request,200,OK,Thread Group 1-8,text,true,,231,158,100,100,http://localhost:8079/?token=518499913&user=-1355070315&config=3,5035,0,0
1778791429768,5036,HTTP Request,200,OK,Thread Group 1-20,text,true,,231,158,100,100,http://localhost:8079/?token=518499913&user=-1355070315&config=3,5036,0,0
1778791429767,5037,HTTP Request,200,OK,Thread Group 1-99,text,true,,231,158,100,100,http://localhost:8079/?token=518499913&user=-1355070315&config=3,5037,0,0
1778791431395,3410,HTTP Request,200,OK,Thread Group 1-5,text,true,,231,158,100,100,http://localhost:8079/?token=518499913&user=-1355070315&config=3,3410,0,0
1778791431402,3403,HTTP Request,200,OK,Thread Group 1-63,text,true,,231,158,100,100,http://localhost:8079/?token=518499913&user=-1355070315&config=3,3403,0,0
1778791431396,3409,HTTP Request,200,OK,Thread Group 1-4,text,true,,231,158,100,100,http://localhost:8079/?token=518499913&user=-1355070315&config=3,3409,0,0
1778791431401,3405,HTTP Request,200,OK,Thread Group 1-71,text,true,,231,158,100,100,http://localhost:8079/?token=518499913&user=-1355070315&config=3,3405,0,0
1778791431401,3405,HTTP Request,200,OK,Thread Group 1-9,text,true,,231,158,100,100,http://localhost:8079/?token=518499913&user=-1355070315&config=3,3405,0,0
1778791429768,5039,HTTP Request,200,OK,Thread Group 1-74,text,true,,231,158,100,100,http://localhost:8079/?token=518499913&user=-1355070315&config=3,5039,0,0
1778791431401,3405,HTTP Request,200,OK,Thread Group 1-78,text,true,,231,158,100,100,http://localhost:8079/?token=518499913&user=-1355070315&config=3,3405,0,0
1778791429769,5038,HTTP Request,200,OK,Thread Group 1-84,text,true,,231,158,100,100,http://localhost:8079/?token=518499913&user=-1355070315&config=3,5038,0,0
1778791431397,3409,HTTP Request,200,OK,Thread Group 1-85,text,true,,231,158,100,100,http://localhost:8079/?token=518499913&user=-1355070315&config=3,3409,0,0
1778791429769,5038,HTTP Request,200,OK,Thread Group 1-26,text,true,,231,158,100,100,http://localhost:8079/?token=518499913&user=-1355070315&config=3,5038,0,0
1778791429769,5039,HTTP Request,200,OK,Thread Group 1-31,text,true,,231,158,100,100,http://localhost:8079/?token=518499913&user=-1355070315&config=3,5039,0,0
1778791429769,5039,HTTP Request,200,OK,Thread Group 1-42,text,true,,231,158,100,100,http://localhost:8079/?token=518499913&user=-1355070315&config=3,5039,0,0
1778791429769,5039,HTTP Request,200,OK,Thread Group 1-44,text,true,,231,158,100,100,http://localhost:8079/?token=518499913&user=-1355070315&config=3,5039,0,0
1778791429781,5027,HTTP Request,200,OK,Thread Group 1-49,text,true,,231,158,100,100,http://localhost:8079/?token=518499913&user=-1355070315&config=3,5027,0,0
1778791431408,3399,HTTP Request,200,OK,Thread Group 1-53,text,true,,231,158,100,100,http://localhost:8079/?token=518499913&user=-1355070315&config=3,3399,0,0
1778791431402,3405,HTTP Request,200,OK,Thread Group 1-56,text,true,,231,158,100,100,http://localhost:8079/?token=518499913&user=-1355070315&config=3,3405,0,0
1778791431401,3406,HTTP Request,200,OK,Thread Group 1-58,text,true,,231,158,100,100,http://localhost:8079/?token=518499913&user=-1355070315&config=3,3406,0,0
1778791431402,3405,HTTP Request,200,OK,Thread Group 1-61,text,true,,231,158,100,100,http://localhost:8079/?token=518499913&user=-1355070315&config=3,3405,0,0
1778791431402,3406,HTTP Request,200,OK,Thread Group 1-2,text,true,,231,158,100,100,http://localhost:8079/?token=518499913&user=-1355070315&config=3,3405,0,0
1778791429769,5040,HTTP Request,200,OK,Thread Group 1-70,text,true,,231,158,100,100,http://localhost:8079/?token=518499913&user=-1355070315&config=3,5040,0,0
1778791429769,5040,HTTP Request,200,OK,Thread Group 1-66,text,true,,231,158,100,100,http://localhost:8079/?token=518499913&user=-1355070315&config=3,5040,0,0
1778791429781,5028,HTTP Request,200,OK,Thread Group 1-73,text,true,,231,158,100,100,http://localhost:8079/?token=518499913&user=-1355070315&config=3,5028,0,1
1778791431402,3406,HTTP Request,200,OK,Thread Group 1-17,text,true,,231,158,100,100,http://localhost:8079/?token=518499913&user=-1355070315&config=3,3406,0,0
1778791431402,3406,HTTP Request,200,OK,Thread Group 1-90,text,true,,231,158,100,100,http://localhost:8079/?token=518499913&user=-1355070315&config=3,3406,0,0
1778791431401,3407,HTTP Request,200,OK,Thread Group 1-35,text,true,,231,158,100,100,http://localhost:8079/?token=518499913&user=-1355070315&config=3,3407,0,0
1778791429769,5041,HTTP Request,200,OK,Thread Group 1-7,text,true,,231,158,100,100,http://localhost:8079/?token=518499913&user=-1355070315&config=3,5041,0,0
1778791431386,3423,HTTP Request,200,OK,Thread Group 1-69,text,true,,231,158,100,100,http://localhost:8079/?token=518499913&user=-1355070315&config=3,3423,0,0
1778791431402,3423,HTTP Request,200,OK,Thread Group 1-32,text,true,,231,158,100,100,http://localhost:8079/?token=518499913&user=-1355070315&config=3,3423,0,0
1778791431397,4838,HTTP Request,200,OK,Thread Group 1-75,text,true,,231,158,100,100,http://localhost:8079/?token=518499913&user=-1355070315&config=3,4838,0,5
1778791432925,3310,HTTP Request,200,OK,Thread Group 1-82,text,true,,231,158,100,100,http://localhost:8079/?token=518499913&user=-1355070315&config=3,3310,0,0
1778791432921,3315,HTTP Request,200,OK,Thread Group 1-86,text,true,,231,158,100,100,http://localhost:8079/?token=518499913&user=-1355070315&config=3,3315,0,0
1778791432925,3312,HTTP Request,200,OK,Thread Group 1-93,text,true,,231,158,100,100,http://localhost:8079/?token=518499913&user=-1355070315&config=3,3312,0,0
1778791431402,4835,HTTP Request,200,OK,Thread Group 1-94,text,true,,231,158,100,100,http://localhost:8079/?token=518499913&user=-1355070315&config=3,4835,0,0
1778791431402,4835,HTTP Request,200,OK,Thread Group 1-97,text,true,,231,158,100,100,http://localhost:8079/?token=518499913&user=-1355070315&config=3,4835,0,0
1778791431402,4835,HTTP Request,200,OK,Thread Group 1-100,text,true,,231,158,100,100,http://localhost:8079/?token=518499913&user=-1355070315&config=3,4835,0,0
1778791431402,4835,HTTP Request,200,OK,Thread Group 1-98,text,true,,231,158,100,100,http://localhost:8079/?token=518499913&user=-1355070315&config=3,4835,0,0
1778791431402,4835,HTTP Request,200,OK,Thread Group 1-40,text,true,,231,158,100,100,http://localhost:8079/?token=518499913&user=-1355070315&config=3,4835,0,0
1778791431402,4836,HTTP Request,200,OK,Thread Group 1-39,text,true,,231,158,100,100,http://localhost:8079/?token=518499913&user=-1355070315&config=3,4836,0,0
1778791431402,4836,HTTP Request,200,OK,Thread Group 1-45,text,true,,231,158,100,100,http://localhost:8079/?token=518499913&user=-1355070315&config=3,4836,0,0
1778791432926,3312,HTTP Request,200,OK,Thread Group 1-47,text,true,,231,158,100,100,http://localhost:8079/?token=518499913&user=-1355070315&config=3,3312,0,0
1778791431402,4836,HTTP Request,200,OK,Thread Group 1-51,text,true,,231,158,100,100,http://localhost:8079/?token=518499913&user=-1355070315&config=3,4836,0,0
1778791431398,4840,HTTP Request,200,OK,Thread Group 1-50,text,true,,231,158,100,100,http://localhost:8079/?token=518499913&user=-1355070315&config=3,4840,0,0
1778791432926,3312,HTTP Request,200,OK,Thread Group 1-52,text,true,,231,158,100,100,http://localhost:8079/?token=518499913&user=-1355070315&config=3,3312,0,0
1778791431402,4836,HTTP Request,200,OK,Thread Group 1-54,text,true,,231,158,100,100,http://localhost:8079/?token=518499913&user=-1355070315&config=3,4836,0,0
1778791431402,4837,HTTP Request,200,OK,Thread Group 1-60,text,true,,231,158,100,100,http://localhost:8079/?token=518499913&user=-1355070315&config=3,4837,0,0
1778791431402,4837,HTTP Request,200,OK,Thread Group 1-1,text,true,,231,158,100,100,http://localhost:8079/?token=518499913&user=-1355070315&config=3,4837,0,0
1778791431408,4831,HTTP Request,200,OK,Thread Group 1-3,text,true,,231,158,100,100,http://localhost:8079/?token=518499913&user=-1355070315&config=3,4831,0,0
1778791431408,4831,HTTP Request,200,OK,Thread Group 1-6,text,true,,231,158,100,100,http://localhost:8079/?token=518499913&user=-1355070315&config=3,4831,0,0
1778791431408,4831,HTTP Request,200,OK,Thread Group 1-68,text,true,,231,158,100,100,http://localhost:8079/?token=518499913&user=-1355070315&config=3,4831,0,0
1778791432926,3313,HTTP Request,200,OK,Thread Group 1-62,text,true,,231,158,100,100,http://localhost:8079/?token=518499913&user=-1355070315&config=3,3313,0,0
1778791431401,4838,HTTP Request,200,OK,Thread Group 1-76,text,true,,231,158,100,100,http://localhost:8079/?token=518499913&user=-1355070315&config=3,4838,0,1
1778791431402,4838,HTTP Request,200,OK,Thread Group 1-13,text,true,,231,158,100,100,http://localhost:8079/?token=518499913&user=-1355070315&config=3,4838,0,0
1778791431396,4844,HTTP Request,200,OK,Thread Group 1-72,text,true,,231,158,100,100,http://localhost:8079/?token=518499913&user=-1355070315&config=3,4844,0,6
1778791431402,4839,HTTP Request,200,OK,Thread Group 1-12,text,true,,231,158,100,100,http://localhost:8079/?token=518499913&user=-1355070315&config=3,4839,0,0
1778791432928,3313,HTTP Request,200,OK,Thread Group 1-80,text,true,,231,158,100,100,http://localhost:8079/?token=518499913&user=-1355070315&config=3,3313,0,0
1778791432928,3313,HTTP Request,200,OK,Thread Group 1-21,text,true,,231,158,100,100,http://localhost:8079/?token=518499913&user=-1355070315&config=3,3313,0,0
1778791431402,4839,HTTP Request,200,OK,Thread Group 1-23,text,true,,231,158,100,100,http://localhost:8079/?token=518499913&user=-1355070315&config=3,4839,0,0
1778791431402,4840,HTTP Request,200,OK,Thread Group 1-29,text,true,,231,158,100,100,http://localhost:8079/?token=518499913&user=-1355070315&config=3,4840,0,0
1778791431401,4841,HTTP Request,200,OK,Thread Group 1-34,text,true,,231,158,100,100,http://localhost:8079/?token=518499913&user=-1355070315&config=3,4841,0,0
1778791431408,4834,HTTP Request,200,OK,Thread Group 1-36,text,true,,231,158,100,100,http://localhost:8079/?token=518499913&user=-1355070315&config=3,4834,0,0
1778791431402,4840,HTTP Request,200,OK,Thread Group 1-38,text,true,,231,158,100,100,http://localhost:8079/?token=518499913&user=-1355070315&config=3,4840,0,0
1778791432925,3411,HTTP Request,200,OK,Thread Group 1-79,text,true,,231,158,100,100,http://localhost:8079/?token=518499913&user=-1355070315&config=3,3411,0,0
1778791432925,3411,HTTP Request,200,OK,Thread Group 1-83,text,true,,231,158,100,100,http://localhost:8079/?token=518499913&user=-1355070315&config=3,3411,0,0
1778791431402,4935,HTTP Request,200,OK,Thread Group 1-15,text,true,,231,158,100,100,http://localhost:8079/?token=518499913&user=-1355070315&config=3,4935,0,0
1778791432927,3410,HTTP Request,200,OK,Thread Group 1-18,text,true,,231,158,100,100,http://localhost:8079/?token=518499913&user=-1355070315&config=3,3410,0,0
1778791432928,3410,HTTP Request,200,OK,Thread Group 1-22,text,true,,231,158,100,100,http://localhost:8079/?token=518499913&user=-1355070315&config=3,3410,0,0
1778791432926,5008,HTTP Request,200,OK,Thread Group 1-37,text,true,,231,158,100,100,http://localhost:8079/?token=518499913&user=-1355070315&config=3,5008,0,0
1778791432934,5003,HTTP Request,200,OK,Thread Group 1-10,text,true,,231,158,100,100,http://localhost:8079/?token=518499913&user=-1355070315&config=3,5003,0,0
1778791432929,5008,HTTP Request,200,OK,Thread Group 1-11,text,true,,231,158,100,100,http://localhost:8079/?token=518499913&user=-1355070315&config=3,5008,0,0
1778791432934,5004,HTTP Request,200,OK,Thread Group 1-24,text,true,,231,158,100,100,http://localhost:8079/?token=518499913&user=-1355070315&config=3,5004,0,0
1778791432945,4993,HTTP Request,200,OK,Thread Group 1-92,text,true,,231,158,100,100,http://localhost:8079/?token=518499913&user=-1355070315&config=3,4993,0,0
1778791432945,4993,HTTP Request,200,OK,Thread Group 1-57,text,true,,231,158,100,100,http://localhost:8079/?token=518499913&user=-1355070315&config=3,4993,0,0
1778791432935,5003,HTTP Request,200,OK,Thread Group 1-65,text,true,,231,158,100,100,http://localhost:8079/?token=518499913&user=-1355070315&config=3,5003,0,0
1778791432935,5003,HTTP Request,200,OK,Thread Group 1-81,text,true,,231,158,100,100,http://localhost:8079/?token=518499913&user=-1355070315&config=3,5003,0,0
1778791432928,5011,HTTP Request,200,OK,Thread Group 1-19,text,true,,231,158,100,100,http://localhost:8079/?token=518499913&user=-1355070315&config=3,5011,0,0
1778791432928,5011,HTTP Request,200,OK,Thread Group 1-27,text,true,,231,158,100,100,http://localhost:8079/?token=518499913&user=-1355070315&config=3,5011,0,0
1778791432936,5003,HTTP Request,200,OK,Thread Group 1-89,text,true,,231,158,100,100,http://localhost:8079/?token=518499913&user=-1355070315&config=3,5003,0,0
1778791432928,5012,HTTP Request,200,OK,Thread Group 1-28,text,true,,231,158,100,100,http://localhost:8079/?token=518499913&user=-1355070315&config=3,5012,0,0
1778791432935,5006,HTTP Request,200,OK,Thread Group 1-33,text,true,,231,158,100,100,http://localhost:8079/?token=518499913&user=-1355070315&config=3,5006,0,0
1778791432933,5008,HTTP Request,200,OK,Thread Group 1-96,text,true,,231,158,100,100,http://localhost:8079/?token=518499913&user=-1355070315&config=3,5008,0,0
1778791432929,5012,HTTP Request,200,OK,Thread Group 1-41,text,true,,231,158,100,100,http://localhost:8079/?token=518499913&user=-1355070315&config=3,5012,0,0
1778791432936,5005,HTTP Request,200,OK,Thread Group 1-46,text,true,,231,158,100,100,http://localhost:8079/?token=518499913&user=-1355070315&config=3,5005,0,0
1778791432936,5006,HTTP Request,200,OK,Thread Group 1-64,text,true,,231,158,100,100,http://localhost:8079/?token=518499913&user=-1355070315&config=3,5006,0,0
1778791434799,3145,HTTP Request,200,OK,Thread Group 1-67,text,true,,231,158,100,100,http://localhost:8079/?token=518499913&user=-1355070315&config=3,3145,0,0
1778791434805,3139,HTTP Request,200,OK,Thread Group 1-5,text,true,,231,158,100,100,http://localhost:8079/?token=518499913&user=-1355070315&config=3,3139,0,0
1778791432924,5020,HTTP Request,200,OK,Thread Group 1-16,text,true,,231,158,100,100,http://localhost:8079/?token=518499913&user=-1355070315&config=3,5020,0,9
1778791432924,5020,HTTP Request,200,OK,Thread Group 1-77,text,true,,231,158,100,100,http://localhost:8079/?token=518499913&user=-1355070315&config=3,5020,0,5
1778791434807,3137,HTTP Request,200,OK,Thread Group 1-85,text,true,,231,158,100,100,http://localhost:8079/?token=518499913&user=-1355070315&config=3,3137,0,0
1778791432934,5010,HTTP Request,200,OK,Thread Group 1-87,text,true,,231,158,100,100,http://localhost:8079/?token=518499913&user=-1355070315&config=3,5010,0,0
1778791434801,3143,HTTP Request,200,OK,Thread Group 1-88,text,true,,231,158,100,100,http://localhost:8079/?token=518499913&user=-1355070315&config=3,3143,0,0
1778791434802,3142,HTTP Request,200,OK,Thread Group 1-91,text,true,,231,158,100,100,http://localhost:8079/?token=518499913&user=-1355070315&config=3,3142,0,0
1778791434807,3137,HTTP Request,200,OK,Thread Group 1-42,text,true,,231,158,100,100,http://localhost:8079/?token=518499913&user=-1355070315&config=3,3137,0,0
1778791434802,3142,HTTP Request,200,OK,Thread Group 1-95,text,true,,231,158,100,100,http://localhost:8079/?token=518499913&user=-1355070315&config=3,3142,0,0
1778791434802,3143,HTTP Request,200,OK,Thread Group 1-43,text,true,,231,158,100,100,http://localhost:8079/?token=518499913&user=-1355070315&config=3,3143,0,0
1778791434797,3148,HTTP Request,200,OK,Thread Group 1-48,text,true,,231,158,100,100,http://localhost:8079/?token=518499913&user=-1355070315&config=3,3148,0,0
1778791434802,3143,HTTP Request,200,OK,Thread Group 1-55,text,true,,231,158,100,100,http://localhost:8079/?token=518499913&user=-1355070315&config=3,3143,0,0
1778791434807,3138,HTTP Request,200,OK,Thread Group 1-56,text,true,,231,158,100,100,http://localhost:8079/?token=518499913&user=-1355070315&config=3,3138,0,0
1778791432934,5011,HTTP Request,200,OK,Thread Group 1-59,text,true,,231,158,100,100,http://localhost:8079/?token=518499913&user=-1355070315&config=3,5011,0,0
1778791434807,3138,HTTP Request,200,OK,Thread Group 1-61,text,true,,231,158,100,100,http://localhost:8079/?token=518499913&user=-1355070315&config=3,3138,0,0
1778791434807,3138,HTTP Request,200,OK,Thread Group 1-58,text,true,,231,158,100,100,http://localhost:8079/?token=518499913&user=-1355070315&config=3,3138,0,0
1778791434808,3137,HTTP Request,200,OK,Thread Group 1-2,text,true,,231,158,100,100,http://localhost:8079/?token=518499913&user=-1355070315&config=3,3137,0,0
1778791434808,3137,HTTP Request,200,OK,Thread Group 1-70,text,true,,231,158,100,100,http://localhost:8079/?token=518499913&user=-1355070315&config=3,3137,0,0
1778791432936,5009,HTTP Request,200,OK,Thread Group 1-25,text,true,,231,158,100,100,http://localhost:8079/?token=518499913&user=-1355070315&config=3,5009,0,0
1778791432936,5009,HTTP Request,200,OK,Thread Group 1-30,text,true,,231,158,100,100,http://localhost:8079/?token=518499913&user=-1355070315&config=3,5009,0,0
1778791434808,3150,HTTP Request,200,OK,Thread Group 1-66,text,true,,231,158,100,100,http://localhost:8079/?token=518499913&user=-1355070315&config=3,3150,0,0
1778791434806,3152,HTTP Request,200,OK,Thread Group 1-9,text,true,,231,158,100,100,http://localhost:8079/?token=518499913&user=-1355070315&config=3,3152,0,0
1778791434808,3151,HTTP Request,200,OK,Thread Group 1-90,text,true,,231,158,100,100,http://localhost:8079/?token=518499913&user=-1355070315&config=3,3151,0,0
1778791434809,4898,HTTP Request,200,OK,Thread Group 1-7,text,true,,231,158,100,100,http://localhost:8079/?token=518499913&user=-1355070315&config=3,4898,0,0
1778791434807,4902,HTTP Request,200,OK,Thread Group 1-26,text,true,,231,158,100,100,http://localhost:8079/?token=518499913&user=-1355070315&config=3,4902,0,0
1778791434805,4904,HTTP Request,200,OK,Thread Group 1-4,text,true,,231,158,100,100,http://localhost:8079/?token=518499913&user=-1355070315&config=3,4904,0,0
1778791434807,4903,HTTP Request,200,OK,Thread Group 1-31,text,true,,231,158,100,100,http://localhost:8079/?token=518499913&user=-1355070315&config=3,4903,0,0
1778791434807,4903,HTTP Request,200,OK,Thread Group 1-49,text,true,,231,158,100,100,http://localhost:8079/?token=518499913&user=-1355070315&config=3,4903,0,0
1778791434807,4903,HTTP Request,200,OK,Thread Group 1-53,text,true,,231,158,100,100,http://localhost:8079/?token=518499913&user=-1355070315&config=3,4903,0,0
1778791434803,4907,HTTP Request,200,OK,Thread Group 1-20,text,true,,231,158,100,100,http://localhost:8079/?token=518499913&user=-1355070315&config=3,4907,0,0
1778791434825,4885,HTTP Request,200,OK,Thread Group 1-32,text,true,,231,158,100,100,http://localhost:8079/?token=518499913&user=-1355070315&config=3,4885,0,0
1778791434803,4907,HTTP Request,200,OK,Thread Group 1-99,text,true,,231,158,100,100,http://localhost:8079/?token=518499913&user=-1355070315&config=3,4907,0,0
1778791434809,4902,HTTP Request,200,OK,Thread Group 1-35,text,true,,231,158,100,100,http://localhost:8079/?token=518499913&user=-1355070315&config=3,4902,0,0
1778791434809,4902,HTTP Request,200,OK,Thread Group 1-69,text,true,,231,158,100,100,http://localhost:8079/?token=518499913&user=-1355070315&config=3,4902,0,0
1778791434805,4909,HTTP Request,200,OK,Thread Group 1-63,text,true,,231,158,100,100,http://localhost:8079/?token=518499913&user=-1355070315&config=3,4909,0,0
1778791434806,4908,HTTP Request,200,OK,Thread Group 1-71,text,true,,231,158,100,100,http://localhost:8079/?token=518499913&user=-1355070315&config=3,4908,0,0
1778791434806,4908,HTTP Request,200,OK,Thread Group 1-74,text,true,,231,158,100,100,http://localhost:8079/?token=518499913&user=-1355070315&config=3,4908,0,0
1778791434800,4914,HTTP Request,200,OK,Thread Group 1-14,text,true,,231,158,100,100,http://localhost:8079/?token=518499913&user=-1355070315&config=3,4914,0,4
1778791434808,4907,HTTP Request,200,OK,Thread Group 1-17,text,true,,231,158,100,100,http://localhost:8079/?token=518499913&user=-1355070315&config=3,4907,0,6
1778791434806,4909,HTTP Request,200,OK,Thread Group 1-78,text,true,,231,158,100,100,http://localhost:8079/?token=518499913&user=-1355070315&config=3,4909,0,9
1778791434806,4909,HTTP Request,200,OK,Thread Group 1-84,text,true,,231,158,100,100,http://localhost:8079/?token=518499913&user=-1355070315&config=3,4909,0,0
1778791436237,3478,HTTP Request,200,OK,Thread Group 1-94,text,true,,231,158,100,100,http://localhost:8079/?token=518499913&user=-1355070315&config=3,3478,0,0
1778791436237,3478,HTTP Request,200,OK,Thread Group 1-97,text,true,,231,158,100,100,http://localhost:8079/?token=518499913&user=-1355070315&config=3,3478,0,0
1778791436237,3478,HTTP Request,200,OK,Thread Group 1-100,text,true,,231,158,100,100,http://localhost:8079/?token=518499913&user=-1355070315&config=3,3478,0,0
1778791436237,3478,HTTP Request,200,OK,Thread Group 1-98,text,true,,231,158,100,100,http://localhost:8079/?token=518499913&user=-1355070315&config=3,3478,0,0
1778791436238,3478,HTTP Request,200,OK,Thread Group 1-50,text,true,,231,158,100,100,http://localhost:8079/?token=518499913&user=-1355070315&config=3,3478,0,0
1778791436238,3478,HTTP Request,200,OK,Thread Group 1-54,text,true,,231,158,100,100,http://localhost:8079/?token=518499913&user=-1355070315&config=3,3478,0,0
1778791436239,3477,HTTP Request,200,OK,Thread Group 1-3,text,true,,231,158,100,100,http://localhost:8079/?token=518499913&user=-1355070315&config=3,3477,0,0
1778791436239,3477,HTTP Request,200,OK,Thread Group 1-6,text,true,,231,158,100,100,http://localhost:8079/?token=518499913&user=-1355070315&config=3,3477,0,0
1778791436239,3477,HTTP Request,200,OK,Thread Group 1-68,text,true,,231,158,100,100,http://localhost:8079/?token=518499913&user=-1355070315&config=3,3477,0,0
1778791434803,4913,HTTP Request,200,OK,Thread Group 1-8,text,true,,231,158,100,100,http://localhost:8079/?token=518499913&user=-1355070315&config=3,4913,0,0
1778791434808,4908,HTTP Request,200,OK,Thread Group 1-73,text,true,,231,158,100,100,http://localhost:8079/?token=518499913&user=-1355070315&config=3,4908,0,0
1778791436240,3476,HTTP Request,200,OK,Thread Group 1-13,text,true,,231,158,100,100,http://localhost:8079/?token=518499913&user=-1355070315&config=3,3476,0,0
1778791436241,3475,HTTP Request,200,OK,Thread Group 1-23,text,true,,231,158,100,100,http://localhost:8079/?token=518499913&user=-1355070315&config=3,3475,0,0
1778791436242,3474,HTTP Request,200,OK,Thread Group 1-29,text,true,,231,158,100,100,http://localhost:8079/?token=518499913&user=-1355070315&config=3,3474,0,0
1778791434807,4908,HTTP Request,200,OK,Thread Group 1-44,text,true,,231,158,100,100,http://localhost:8079/?token=518499913&user=-1355070315&config=3,4908,0,0
1778791436236,3490,HTTP Request,200,OK,Thread Group 1-86,text,true,,231,158,100,100,http://localhost:8079/?token=518499913&user=-1355070315&config=3,3490,0,0
1778791436236,5151,HTTP Request,200,OK,Thread Group 1-75,text,true,,231,158,100,100,http://localhost:8079/?token=518499913&user=-1355070315&config=3,5151,0,0
1778791437944,3452,HTTP Request,200,OK,Thread Group 1-5,text,true,,231,158,100,100,http://localhost:8079/?token=518499913&user=-1355070315&config=3,3452,0,0
1778791437938,3459,HTTP Request,200,OK,Thread Group 1-11,text,true,,231,158,100,100,http://localhost:8079/?token=518499913&user=-1355070315&config=3,3459,0,0
1778791437938,3459,HTTP Request,200,OK,Thread Group 1-10,text,true,,231,158,100,100,http://localhost:8079/?token=518499913&user=-1355070315&config=3,3459,0,0
1778791436338,5059,HTTP Request,200,OK,Thread Group 1-18,text,true,,231,158,100,100,http://localhost:8079/?token=518499913&user=-1355070315&config=3,5059,0,1
1778791436241,5156,HTTP Request,200,OK,Thread Group 1-80,text,true,,231,158,100,100,http://localhost:8079/?token=518499913&user=-1355070315&config=3,5156,0,4
1778791436337,5060,HTTP Request,200,OK,Thread Group 1-83,text,true,,231,158,100,100,http://localhost:8079/?token=518499913&user=-1355070315&config=3,5060,0,0
1778791436236,5161,HTTP Request,200,OK,Thread Group 1-82,text,true,,231,158,100,100,http://localhost:8079/?token=518499913&user=-1355070315&config=3,5161,0,0
1778791437938,3459,HTTP Request,200,OK,Thread Group 1-24,text,true,,231,158,100,100,http://localhost:8079/?token=518499913&user=-1355070315&config=3,3459,0,0
1778791436237,5161,HTTP Request,200,OK,Thread Group 1-93,text,true,,231,158,100,100,http://localhost:8079/?token=518499913&user=-1355070315&config=3,5161,0,0
1778791437938,3460,HTTP Request,200,OK,Thread Group 1-92,text,true,,231,158,100,100,http://localhost:8079/?token=518499913&user=-1355070315&config=3,3460,0,0
1778791437935,3464,HTTP Request,200,OK,Thread Group 1-37,text,true,,231,158,100,100,http://localhost:8079/?token=518499913&user=-1355070315&config=3,3464,0,0
1778791436237,5162,HTTP Request,200,OK,Thread Group 1-40,text,true,,231,158,100,100,http://localhost:8079/?token=518499913&user=-1355070315&config=3,5162,0,0
1778791436238,5161,HTTP Request,200,OK,Thread Group 1-39,text,true,,231,158,100,100,http://localhost:8079/?token=518499913&user=-1355070315&config=3,5161,0,0
1778791436238,5162,HTTP Request,200,OK,Thread Group 1-45,text,true,,231,158,100,100,http://localhost:8079/?token=518499913&user=-1355070315&config=3,5162,0,0
1778791436238,5162,HTTP Request,200,OK,Thread Group 1-47,text,true,,231,158,100,100,http://localhost:8079/?token=518499913&user=-1355070315&config=3,5162,0,0
1778791436238,5162,HTTP Request,200,OK,Thread Group 1-51,text,true,,231,158,100,100,http://localhost:8079/?token=518499913&user=-1355070315&config=3,5162,0,0
1778791436238,5162,HTTP Request,200,OK,Thread Group 1-52,text,true,,231,158,100,100,http://localhost:8079/?token=518499913&user=-1355070315&config=3,5162,0,0
1778791437938,3463,HTTP Request,200,OK,Thread Group 1-57,text,true,,231,158,100,100,http://localhost:8079/?token=518499913&user=-1355070315&config=3,3463,0,0
1778791436239,5162,HTTP Request,200,OK,Thread Group 1-60,text,true,,231,158,100,100,http://localhost:8079/?token=518499913&user=-1355070315&config=3,5162,0,0
1778791436239,5162,HTTP Request,200,OK,Thread Group 1-1,text,true,,231,158,100,100,http://localhost:8079/?token=518499913&user=-1355070315&config=3,5162,0,0
1778791437938,3463,HTTP Request,200,OK,Thread Group 1-65,text,true,,231,158,100,100,http://localhost:8079/?token=518499913&user=-1355070315&config=3,3463,0,0
1778791436239,5162,HTTP Request,200,OK,Thread Group 1-62,text,true,,231,158,100,100,http://localhost:8079/?token=518499913&user=-1355070315&config=3,5162,0,0
1778791436240,5162,HTTP Request,200,OK,Thread Group 1-76,text,true,,231,158,100,100,http://localhost:8079/?token=518499913&user=-1355070315&config=3,5162,0,0
1778791436240,5162,HTTP Request,200,OK,Thread Group 1-72,text,true,,231,158,100,100,http://localhost:8079/?token=518499913&user=-1355070315&config=3,5162,0,0
1778791436241,5161,HTTP Request,200,OK,Thread Group 1-12,text,true,,231,158,100,100,http://localhost:8079/?token=518499913&user=-1355070315&config=3,5161,0,0
1778791436338,5064,HTTP Request,200,OK,Thread Group 1-15,text,true,,231,158,100,100,http://localhost:8079/?token=518499913&user=-1355070315&config=3,5064,0,0
1778791436337,5066,HTTP Request,200,OK,Thread Group 1-79,text,true,,231,158,100,100,http://localhost:8079/?token=518499913&user=-1355070315&config=3,5066,0,2
1778791436241,5162,HTTP Request,200,OK,Thread Group 1-21,text,true,,231,158,100,100,http://localhost:8079/?token=518499913&user=-1355070315&config=3,5162,0,0
1778791436338,5065,HTTP Request,200,OK,Thread Group 1-22,text,true,,231,158,100,100,http://localhost:8079/?token=518499913&user=-1355070315&config=3,5065,0,0
1778791436242,5162,HTTP Request,200,OK,Thread Group 1-34,text,true,,231,158,100,100,http://localhost:8079/?token=518499913&user=-1355070315&config=3,5162,0,0
1778791436242,5162,HTTP Request,200,OK,Thread Group 1-36,text,true,,231,158,100,100,http://localhost:8079/?token=518499913&user=-1355070315&config=3,5162,0,0
1778791437944,3460,HTTP Request,200,OK,Thread Group 1-67,text,true,,231,158,100,100,http://localhost:8079/?token=518499913&user=-1355070315&config=3,3460,0,0
1778791436242,5162,HTTP Request,200,OK,Thread Group 1-38,text,true,,231,158,100,100,http://localhost:8079/?token=518499913&user=-1355070315&config=3,5162,0,0
1778791437945,3459,HTTP Request,200,OK,Thread Group 1-58,text,true,,231,158,100,100,http://localhost:8079/?token=518499913&user=-1355070315&config=3,3459,0,0
1778791437945,3459,HTTP Request,200,OK,Thread Group 1-2,text,true,,231,158,100,100,http://localhost:8079/?token=518499913&user=-1355070315&config=3,3459,0,0
1778791437944,3460,HTTP Request,200,OK,Thread Group 1-85,text,true,,231,158,100,100,http://localhost:8079/?token=518499913&user=-1355070315&config=3,3460,0,0
1778791437939,3466,HTTP Request,200,OK,Thread Group 1-27,text,true,,231,158,100,100,http://localhost:8079/?token=518499913&user=-1355070315&config=3,3466,0,0
1778791437945,3479,HTTP Request,200,OK,Thread Group 1-70,text,true,,231,158,100,100,http://localhost:8079/?token=518499913&user=-1355070315&config=3,3479,0,0
1778791437945,3479,HTTP Request,200,OK,Thread Group 1-42,text,true,,231,158,100,100,http://localhost:8079/?token=518499913&user=-1355070315&config=3,3479,0,0
1778791437945,4932,HTTP Request,200,OK,Thread Group 1-56,text,true,,231,158,100,100,http://localhost:8079/?token=518499913&user=-1355070315&config=3,4932,0,0
1778791439710,3175,HTTP Request,200,OK,Thread Group 1-4,text,true,,231,158,100,100,http://localhost:8079/?token=518499913&user=-1355070315&config=3,3175,0,0
1778791437958,4932,HTTP Request,200,OK,Thread Group 1-9,text,true,,231,158,100,100,http://localhost:8079/?token=518499913&user=-1355070315&config=3,4932,0,0
1778791437944,4950,HTTP Request,200,OK,Thread Group 1-77,text,true,,231,158,100,100,http://localhost:8079/?token=518499913&user=-1355070315&config=3,4950,0,0
1778791437944,4950,HTTP Request,200,OK,Thread Group 1-16,text,true,,231,158,100,100,http://localhost:8079/?token=518499913&user=-1355070315&config=3,4950,0,0
1778791437939,4956,HTTP Request,200,OK,Thread Group 1-19,text,true,,231,158,100,100,http://localhost:8079/?token=518499913&user=-1355070315&config=3,4956,0,5
1778791437944,4952,HTTP Request,200,OK,Thread Group 1-87,text,true,,231,158,100,100,http://localhost:8079/?token=518499913&user=-1355070315&config=3,4952,0,0
1778791437944,4953,HTTP Request,200,OK,Thread Group 1-88,text,true,,231,158,100,100,http://localhost:8079/?token=518499913&user=-1355070315&config=3,4953,0,0
1778791439710,3187,HTTP Request,200,OK,Thread Group 1-26,text,true,,231,158,100,100,http://localhost:8079/?token=518499913&user=-1355070315&config=3,3187,0,0
1778791437944,4954,HTTP Request,200,OK,Thread Group 1-91,text,true,,231,158,100,100,http://localhost:8079/?token=518499913&user=-1355070315&config=3,4954,0,0
1778791437945,4953,HTTP Request,200,OK,Thread Group 1-95,text,true,,231,158,100,100,http://localhost:8079/?token=518499913&user=-1355070315&config=3,4953,0,0
1778791437945,4953,HTTP Request,200,OK,Thread Group 1-43,text,true,,231,158,100,100,http://localhost:8079/?token=518499913&user=-1355070315&config=3,4953,0,0
1778791439710,3188,HTTP Request,200,OK,Thread Group 1-31,text,true,,231,158,100,100,http://localhost:8079/?token=518499913&user=-1355070315&config=3,3188,0,0
1778791439710,3188,HTTP Request,200,OK,Thread Group 1-53,text,true,,231,158,100,100,http://localhost:8079/?token=518499913&user=-1355070315&config=3,3188,0,0
1778791437945,4953,HTTP Request,200,OK,Thread Group 1-48,text,true,,231,158,100,100,http://localhost:8079/?token=518499913&user=-1355070315&config=3,4953,0,0
1778791437945,4953,HTTP Request,200,OK,Thread Group 1-55,text,true,,231,158,100,100,http://localhost:8079/?token=518499913&user=-1355070315&config=3,4953,0,0
1778791437945,4953,HTTP Request,200,OK,Thread Group 1-59,text,true,,231,158,100,100,http://localhost:8079/?token=518499913&user=-1355070315&config=3,4953,0,0
1778791437945,4953,HTTP Request,200,OK,Thread Group 1-61,text,true,,231,158,100,100,http://localhost:8079/?token=518499913&user=-1355070315&config=3,4953,0,0
1778791437958,4940,HTTP Request,200,OK,Thread Group 1-66,text,true,,231,158,100,100,http://localhost:8079/?token=518499913&user=-1355070315&config=3,4940,0,0
1778791437939,4959,HTTP Request,200,OK,Thread Group 1-81,text,true,,231,158,100,100,http://localhost:8079/?token=518499913&user=-1355070315&config=3,4959,0,5
1778791437945,4953,HTTP Request,200,OK,Thread Group 1-25,text,true,,231,158,100,100,http://localhost:8079/?token=518499913&user=-1355070315&config=3,4953,0,0
1778791437939,4959,HTTP Request,200,OK,Thread Group 1-89,text,true,,231,158,100,100,http://localhost:8079/?token=518499913&user=-1355070315&config=3,4959,0,0
1778791437940,4958,HTTP Request,200,OK,Thread Group 1-28,text,true,,231,158,100,100,http://localhost:8079/?token=518499913&user=-1355070315&config=3,4958,0,0
1778791437960,4938,HTTP Request,200,OK,Thread Group 1-90,text,true,,231,158,100,100,http://localhost:8079/?token=518499913&user=-1355070315&config=3,4938,0,0
1778791437941,4957,HTTP Request,200,OK,Thread Group 1-33,text,true,,231,158,100,100,http://localhost:8079/?token=518499913&user=-1355070315&config=3,4957,0,0
1778791439710,3188,HTTP Request,200,OK,Thread Group 1-32,text,true,,231,158,100,100,http://localhost:8079/?token=518499913&user=-1355070315&config=3,3188,0,0
1778791437945,4953,HTTP Request,200,OK,Thread Group 1-30,text,true,,231,158,100,100,http://localhost:8079/?token=518499913&user=-1355070315&config=3,4953,0,0
1778791437941,4957,HTTP Request,200,OK,Thread Group 1-41,text,true,,231,158,100,100,http://localhost:8079/?token=518499913&user=-1355070315&config=3,4957,0,0
1778791439710,3188,HTTP Request,200,OK,Thread Group 1-99,text,true,,231,158,100,100,http://localhost:8079/?token=518499913&user=-1355070315&config=3,3188,0,0
1778791437941,4957,HTTP Request,200,OK,Thread Group 1-46,text,true,,231,158,100,100,http://localhost:8079/?token=518499913&user=-1355070315&config=3,4957,0,0
1778791439707,3191,HTTP Request,200,OK,Thread Group 1-7,text,true,,231,158,100,100,http://localhost:8079/?token=518499913&user=-1355070315&config=3,3191,0,0
1778791437942,4956,HTTP Request,200,OK,Thread Group 1-64,text,true,,231,158,100,100,http://localhost:8079/?token=518499913&user=-1355070315&config=3,4956,0,0
1778791437941,4957,HTTP Request,200,OK,Thread Group 1-96,text,true,,231,158,100,100,http://localhost:8079/?token=518499913&user=-1355070315&config=3,4957,0,0
1778791439710,3188,HTTP Request,200,OK,Thread Group 1-49,text,true,,231,158,100,100,http://localhost:8079/?token=518499913&user=-1355070315&config=3,3188,0,0
1778791439715,3183,HTTP Request,200,OK,Thread Group 1-17,text,true,,231,158,100,100,http://localhost:8079/?token=518499913&user=-1355070315&config=3,3183,0,0
1778791439711,3188,HTTP Request,200,OK,Thread Group 1-35,text,true,,231,158,100,100,http://localhost:8079/?token=518499913&user=-1355070315&config=3,3188,0,0
1778791439711,3188,HTTP Request,200,OK,Thread Group 1-69,text,true,,231,158,100,100,http://localhost:8079/?token=518499913&user=-1355070315&config=3,3188,0,0
1778791439716,5037,HTTP Request,200,OK,Thread Group 1-98,text,true,,231,158,100,100,http://localhost:8079/?token=518499913&user=-1355070315&config=3,5037,0,0
1778791439714,5041,HTTP Request,200,OK,Thread Group 1-74,text,true,,231,158,100,100,http://localhost:8079/?token=518499913&user=-1355070315&config=3,5041,0,0
1778791439715,5040,HTTP Request,200,OK,Thread Group 1-14,text,true,,231,158,100,100,http://localhost:8079/?token=518499913&user=-1355070315&config=3,5040,0,0
1778791439715,5041,HTTP Request,200,OK,Thread Group 1-94,text,true,,231,158,100,100,http://localhost:8079/?token=518499913&user=-1355070315&config=3,5041,0,0
1778791439715,5041,HTTP Request,200,OK,Thread Group 1-78,text,true,,231,158,100,100,http://localhost:8079/?token=518499913&user=-1355070315&config=3,5041,0,0
1778791439715,5041,HTTP Request,200,OK,Thread Group 1-100,text,true,,231,158,100,100,http://localhost:8079/?token=518499913&user=-1355070315&config=3,5041,0,0
1778791439715,5041,HTTP Request,200,OK,Thread Group 1-97,text,true,,231,158,100,100,http://localhost:8079/?token=518499913&user=-1355070315&config=3,5041,0,0
1778791439718,5040,HTTP Request,200,OK,Thread Group 1-44,text,true,,231,158,100,100,http://localhost:8079/?token=518499913&user=-1355070315&config=3,5040,0,0
1778791439716,5042,HTTP Request,200,OK,Thread Group 1-50,text,true,,231,158,100,100,http://localhost:8079/?token=518499913&user=-1355070315&config=3,5042,0,0
1778791439716,5043,HTTP Request,200,OK,Thread Group 1-54,text,true,,231,158,100,100,http://localhost:8079/?token=518499913&user=-1355070315&config=3,5043,0,0
1778791439716,5043,HTTP Request,200,OK,Thread Group 1-3,text,true,,231,158,100,100,http://localhost:8079/?token=518499913&user=-1355070315&config=3,5043,0,0
1778791439716,5043,HTTP Request,200,OK,Thread Group 1-6,text,true,,231,158,100,100,http://localhost:8079/?token=518499913&user=-1355070315&config=3,5043,0,0
1778791439716,5043,HTTP Request,200,OK,Thread Group 1-68,text,true,,231,158,100,100,http://localhost:8079/?token=518499913&user=-1355070315&config=3,5043,0,0
1778791439716,5044,HTTP Request,200,OK,Thread Group 1-8,text,true,,231,158,100,100,http://localhost:8079/?token=518499913&user=-1355070315&config=3,5044,0,0
1778791439716,5044,HTTP Request,200,OK,Thread Group 1-73,text,true,,231,158,100,100,http://localhost:8079/?token=518499913&user=-1355070315&config=3,5044,0,0
1778791439716,5044,HTTP Request,200,OK,Thread Group 1-13,text,true,,231,158,100,100,http://localhost:8079/?token=518499913&user=-1355070315&config=3,5044,0,0
1778791439716,5044,HTTP Request,200,OK,Thread Group 1-29,text,true,,231,158,100,100,http://localhost:8079/?token=518499913&user=-1355070315&config=3,5044,0,0
1778791441396,3367,HTTP Request,200,OK,Thread Group 1-5,text,true,,231,158,100,100,http://localhost:8079/?token=518499913&user=-1355070315&config=3,3367,0,0
1778791439714,5049,HTTP Request,200,OK,Thread Group 1-63,text,true,,231,158,100,100,http://localhost:8079/?token=518499913&user=-1355070315&config=3,5049,0,0
1778791439714,5049,HTTP Request,200,OK,Thread Group 1-71,text,true,,231,158,100,100,http://localhost:8079/?token=518499913&user=-1355070315&config=3,5049,0,0
1778791441404,3360,HTTP Request,200,OK,Thread Group 1-67,text,true,,231,158,100,100,http://localhost:8079/?token=518499913&user=-1355070315&config=3,3360,0,0
1778791441397,3367,HTTP Request,200,OK,Thread Group 1-11,text,true,,231,158,100,100,http://localhost:8079/?token=518499913&user=-1355070315&config=3,3367,0,0
1778791441397,3367,HTTP Request,200,OK,Thread Group 1-10,text,true,,231,158,100,100,http://localhost:8079/?token=518499913&user=-1355070315&config=3,3367,0,0
1778791441395,3369,HTTP Request,200,OK,Thread Group 1-75,text,true,,231,158,100,100,http://localhost:8079/?token=518499913&user=-1355070315&config=3,3369,0,0
1778791441397,3367,HTTP Request,200,OK,Thread Group 1-80,text,true,,231,158,100,100,http://localhost:8079/?token=518499913&user=-1355070315&config=3,3367,0,0
1778791441397,3367,HTTP Request,200,OK,Thread Group 1-18,text,true,,231,158,100,100,http://localhost:8079/?token=518499913&user=-1355070315&config=3,3367,0,0
1778791439726,5039,HTTP Request,200,OK,Thread Group 1-86,text,true,,231,158,100,100,http://localhost:8079/?token=518499913&user=-1355070315&config=3,5038,0,0
1778791441398,3367,HTTP Request,200,OK,Thread Group 1-92,text,true,,231,158,100,100,http://localhost:8079/?token=518499913&user=-1355070315&config=3,3367,0,0
1778791441401,3364,HTTP Request,200,OK,Thread Group 1-57,text,true,,231,158,100,100,http://localhost:8079/?token=518499913&user=-1355070315&config=3,3364,0,0
1778791439710,5056,HTTP Request,200,OK,Thread Group 1-20,text,true,,231,158,100,100,http://localhost:8079/?token=518499913&user=-1355070315&config=3,5056,0,4
1778791439716,5050,HTTP Request,200,OK,Thread Group 1-23,text,true,,231,158,100,100,http://localhost:8079/?token=518499913&user=-1355070315&config=3,5050,0,2
1778791439715,5051,HTTP Request,200,OK,Thread Group 1-84,text,true,,231,158,100,100,http://localhost:8079/?token=518499913&user=-1355070315&config=3,5051,0,4
1778791441404,3363,HTTP Request,200,OK,Thread Group 1-36,text,true,,231,158,100,100,http://localhost:8079/?token=518499913&user=-1355070315&config=3,3363,0,0
1778791441404,3371,HTTP Request,200,OK,Thread Group 1-38,text,true,,231,158,100,100,http://localhost:8079/?token=518499913&user=-1355070315&config=3,3371,0,0
1778791441400,3375,HTTP Request,200,OK,Thread Group 1-52,text,true,,231,158,100,100,http://localhost:8079/?token=518499913&user=-1355070315&config=3,3375,0,0
1778791441404,3371,HTTP Request,200,OK,Thread Group 1-34,text,true,,231,158,100,100,http://localhost:8079/?token=518499913&user=-1355070315&config=3,3371,0,0
1778791441402,4884,HTTP Request,200,OK,Thread Group 1-12,text,true,,231,158,100,100,http://localhost:8079/?token=518499913&user=-1355070315&config=3,4884,0,0
1778791441400,4895,HTTP Request,200,OK,Thread Group 1-45,text,true,,231,158,100,100,http://localhost:8079/?token=518499913&user=-1355070315&config=3,4895,0,0
1778791441401,4895,HTTP Request,200,OK,Thread Group 1-65,text,true,,231,158,99,99,http://localhost:8079/?token=518499913&user=-1355070315&config=3,4895,0,0
1778791441402,4895,HTTP Request,200,OK,Thread Group 1-72,text,true,,231,158,99,99,http://localhost:8079/?token=518499913&user=-1355070315&config=3,4895,0,0
1778791441401,4896,HTTP Request,200,OK,Thread Group 1-62,text,true,,231,158,99,99,http://localhost:8079/?token=518499913&user=-1355070315&config=3,4896,0,0
1778791441403,4894,HTTP Request,200,OK,Thread Group 1-79,text,true,,231,158,99,99,http://localhost:8079/?token=518499913&user=-1355070315&config=3,4894,0,0
1778791442886,3412,HTTP Request,200,OK,Thread Group 1-4,text,true,,231,158,94,94,http://localhost:8079/?token=518499913&user=-1355070315&config=3,3412,0,0
1778791442892,3406,HTTP Request,200,OK,Thread Group 1-9,text,true,,231,158,94,94,http://localhost:8079/?token=518499913&user=-1355070315&config=3,3406,0,0
1778791442894,3404,HTTP Request,200,OK,Thread Group 1-77,text,true,,231,158,94,94,http://localhost:8079/?token=518499913&user=-1355070315&config=3,3404,0,0
1778791441399,4899,HTTP Request,200,OK,Thread Group 1-37,text,true,,231,158,92,92,http://localhost:8079/?token=518499913&user=-1355070315&config=3,4899,0,0
1778791442877,3421,HTTP Request,200,OK,Thread Group 1-56,text,true,,231,158,92,92,http://localhost:8079/?token=518499913&user=-1355070315&config=3,3421,0,0
1778791441397,4901,HTTP Request,200,OK,Thread Group 1-82,text,true,,231,158,92,92,http://localhost:8079/?token=518499913&user=-1355070315&config=3,4901,0,8
1778791442894,3404,HTTP Request,200,OK,Thread Group 1-16,text,true,,231,158,92,92,http://localhost:8079/?token=518499913&user=-1355070315&config=3,3404,0,0
1778791441398,4900,HTTP Request,200,OK,Thread Group 1-93,text,true,,231,158,91,91,http://localhost:8079/?token=518499913&user=-1355070315&config=3,4900,0,0
1778791442898,3400,HTTP Request,200,OK,Thread Group 1-91,text,true,,231,158,91,91,http://localhost:8079/?token=518499913&user=-1355070315&config=3,3400,0,0
1778791442895,3403,HTTP Request,200,OK,Thread Group 1-19,text,true,,231,158,91,91,http://localhost:8079/?token=518499913&user=-1355070315&config=3,3403,0,0
1778791441399,4900,HTTP Request,200,OK,Thread Group 1-40,text,true,,231,158,90,90,http://localhost:8079/?token=518499913&user=-1355070315&config=3,4900,0,0
1778791442898,3401,HTTP Request,200,OK,Thread Group 1-48,text,true,,231,158,90,90,http://localhost:8079/?token=518499913&user=-1355070315&config=3,3401,0,0
1778791441400,4899,HTTP Request,200,OK,Thread Group 1-39,text,true,,231,158,90,90,http://localhost:8079/?token=518499913&user=-1355070315&config=3,4899,0,0
1778791441400,4899,HTTP Request,200,OK,Thread Group 1-47,text,true,,231,158,90,90,http://localhost:8079/?token=518499913&user=-1355070315&config=3,4899,0,0
1778791441400,4899,HTTP Request,200,OK,Thread Group 1-51,text,true,,231,158,89,89,http://localhost:8079/?token=518499913&user=-1355070315&config=3,4899,0,0
1778791441404,4895,HTTP Request,200,OK,Thread Group 1-58,text,true,,231,158,89,89,http://localhost:8079/?token=518499913&user=-1355070315&config=3,4895,0,0
1778791441401,4898,HTTP Request,200,OK,Thread Group 1-60,text,true,,231,158,88,88,http://localhost:8079/?token=518499913&user=-1355070315&config=3,4898,0,0
1778791441401,4898,HTTP Request,200,OK,Thread Group 1-1,text,true,,231,158,88,88,http://localhost:8079/?token=518499913&user=-1355070315&config=3,4898,0,0
1778791441404,4895,HTTP Request,200,OK,Thread Group 1-2,text,true,,231,158,88,88,http://localhost:8079/?token=518499913&user=-1355070315&config=3,4895,0,0
1778791441402,4897,HTTP Request,200,OK,Thread Group 1-76,text,true,,231,158,87,87,http://localhost:8079/?token=518499913&user=-1355070315&config=3,4897,0,0
1778791441424,4875,HTTP Request,200,OK,Thread Group 1-70,text,true,,231,158,87,87,http://localhost:8079/?token=518499913&user=-1355070315&config=3,4875,0,0
1778791441403,4896,HTTP Request,200,OK,Thread Group 1-15,text,true,,231,158,87,87,http://localhost:8079/?token=518499913&user=-1355070315&config=3,4896,0,0
1778791441403,4896,HTTP Request,200,OK,Thread Group 1-22,text,true,,231,158,85,85,http://localhost:8079/?token=518499913&user=-1355070315&config=3,4896,0,1
1778791441403,4896,HTTP Request,200,OK,Thread Group 1-21,text,true,,231,158,85,85,http://localhost:8079/?token=518499913&user=-1355070315&config=3,4896,0,2
1778791441397,4902,HTTP Request,200,OK,Thread Group 1-83,text,true,,231,158,85,85,http://localhost:8079/?token=518499913&user=-1355070315&config=3,4902,0,8
1778791441397,4902,HTTP Request,200,OK,Thread Group 1-24,text,true,,231,158,83,83,http://localhost:8079/?token=518499913&user=-1355070315&config=3,4902,0,8
1778791441405,4894,HTTP Request,200,OK,Thread Group 1-85,text,true,,231,158,83,83,http://localhost:8079/?token=518499913&user=-1355070315&config=3,4894,0,0
1778791441424,4882,HTTP Request,200,OK,Thread Group 1-42,text,true,,231,158,67,67,http://localhost:8079/?token=518499913&user=-1355070315&config=3,4882,0,0
1778791442898,4962,HTTP Request,200,OK,Thread Group 1-55,text,true,,231,158,66,66,http://localhost:8079/?token=518499913&user=-1355070315&config=3,4962,0,0
1778791444755,3111,HTTP Request,200,OK,Thread Group 1-14,text,true,,231,158,65,65,http://localhost:8079/?token=518499913&user=-1355070315&config=3,3111,0,0
1778791442899,4968,HTTP Request,200,OK,Thread Group 1-17,text,true,,231,158,65,65,http://localhost:8079/?token=518499913&user=-1355070315&config=3,4968,0,0
1778791444756,3111,HTTP Request,200,OK,Thread Group 1-78,text,true,,231,158,65,65,http://localhost:8079/?token=518499913&user=-1355070315&config=3,3111,0,0
1778791442897,4970,HTTP Request,200,OK,Thread Group 1-26,text,true,,231,158,64,64,http://localhost:8079/?token=518499913&user=-1355070315&config=3,4970,0,1
1778791442898,4970,HTTP Request,200,OK,Thread Group 1-25,text,true,,231,158,64,64,http://localhost:8079/?token=518499913&user=-1355070315&config=3,4970,0,0
1778791442896,4972,HTTP Request,200,OK,Thread Group 1-87,text,true,,231,158,64,64,http://localhost:8079/?token=518499913&user=-1355070315&config=3,4972,0,2
1778791442897,4971,HTTP Request,200,OK,Thread Group 1-88,text,true,,231,158,64,64,http://localhost:8079/?token=518499913&user=-1355070315&config=3,4971,0,2
1778791442898,4970,HTTP Request,200,OK,Thread Group 1-31,text,true,,231,158,64,64,http://localhost:8079/?token=518499913&user=-1355070315&config=3,4970,0,0
1778791444756,3113,HTTP Request,200,OK,Thread Group 1-94,text,true,,231,158,62,62,http://localhost:8079/?token=518499913&user=-1355070315&config=3,3113,0,0
1778791442898,4972,HTTP Request,200,OK,Thread Group 1-95,text,true,,231,158,61,61,http://localhost:8079/?token=518499913&user=-1355070315&config=3,4972,0,0
1778791444756,3114,HTTP Request,200,OK,Thread Group 1-97,text,true,,231,158,60,60,http://localhost:8079/?token=518499913&user=-1355070315&config=3,3114,0,0
1778791444756,3115,HTTP Request,200,OK,Thread Group 1-100,text,true,,231,158,60,60,http://localhost:8079/?token=518499913&user=-1355070315&config=3,3115,0,0
1778791444754,3117,HTTP Request,200,OK,Thread Group 1-98,text,true,,231,158,60,60,http://localhost:8079/?token=518499913&user=-1355070315&config=3,3117,0,0
1778791444758,3113,HTTP Request,200,OK,Thread Group 1-44,text,true,,231,158,60,60,http://localhost:8079/?token=518499913&user=-1355070315&config=3,3113,0,0
1778791442899,4972,HTTP Request,200,OK,Thread Group 1-49,text,true,,231,158,59,59,http://localhost:8079/?token=518499913&user=-1355070315&config=3,4972,0,0
1778791442898,4974,HTTP Request,200,OK,Thread Group 1-43,text,true,,231,158,59,59,http://localhost:8079/?token=518499913&user=-1355070315&config=3,4973,0,0
1778791444759,3115,HTTP Request,200,OK,Thread Group 1-50,text,true,,231,158,59,59,http://localhost:8079/?token=518499913&user=-1355070315&config=3,3115,0,0
1778791442898,4977,HTTP Request,200,OK,Thread Group 1-53,text,true,,231,158,59,59,http://localhost:8079/?token=518499913&user=-1355070315&config=3,4976,0,0
1778791444759,3116,HTTP Request,200,OK,Thread Group 1-54,text,true,,231,158,59,59,http://localhost:8079/?token=518499913&user=-1355070315&config=3,3116,0,0
1778791442898,4977,HTTP Request,200,OK,Thread Group 1-59,text,true,,231,158,59,59,http://localhost:8079/?token=518499913&user=-1355070315&config=3,4977,0,0
1778791442898,4978,HTTP Request,200,OK,Thread Group 1-61,text,true,,231,158,59,59,http://localhost:8079/?token=518499913&user=-1355070315&config=3,4978,0,0
1778791444759,3117,HTTP Request,200,OK,Thread Group 1-3,text,true,,231,158,58,58,http://localhost:8079/?token=518499913&user=-1355070315&config=3,3117,0,0
1778791444759,3117,HTTP Request,200,OK,Thread Group 1-68,text,true,,231,158,58,58,http://localhost:8079/?token=518499913&user=-1355070315&config=3,3117,0,0
1778791444759,3117,HTTP Request,200,OK,Thread Group 1-6,text,true,,231,158,58,58,http://localhost:8079/?token=518499913&user=-1355070315&config=3,3117,0,0
1778791442898,4978,HTTP Request,200,OK,Thread Group 1-66,text,true,,231,158,58,58,http://localhost:8079/?token=518499913&user=-1355070315&config=3,4978,0,0
1778791442898,4979,HTTP Request,200,OK,Thread Group 1-89,text,true,,231,158,58,58,http://localhost:8079/?token=518499913&user=-1355070315&config=3,4979,0,0
1778791444760,3116,HTTP Request,200,OK,Thread Group 1-8,text,true,,231,158,58,58,http://localhost:8079/?token=518499913&user=-1355070315&config=3,3116,0,0
1778791442898,4979,HTTP Request,200,OK,Thread Group 1-81,text,true,,231,158,58,58,http://localhost:8079/?token=518499913&user=-1355070315&config=3,4979,0,0
1778791442898,4979,HTTP Request,200,OK,Thread Group 1-28,text,true,,231,158,58,58,http://localhost:8079/?token=518499913&user=-1355070315&config=3,4979,0,0
1778791442898,4979,HTTP Request,200,OK,Thread Group 1-30,text,true,,231,158,58,58,http://localhost:8079/?token=518499913&user=-1355070315&config=3,4979,0,0
1778791442898,4979,HTTP Request,200,OK,Thread Group 1-32,text,true,,231,158,58,58,http://localhost:8079/?token=518499913&user=-1355070315&config=3,4979,0,0
1778791442898,4979,HTTP Request,200,OK,Thread Group 1-33,text,true,,231,158,58,58,http://localhost:8079/?token=518499913&user=-1355070315&config=3,4979,0,0
1778791442898,4979,HTTP Request,200,OK,Thread Group 1-90,text,true,,231,158,58,58,http://localhost:8079/?token=518499913&user=-1355070315&config=3,4979,0,0
1778791442898,4979,HTTP Request,200,OK,Thread Group 1-96,text,true,,231,158,58,58,http://localhost:8079/?token=518499913&user=-1355070315&config=3,4979,0,0
1778791442898,4979,HTTP Request,200,OK,Thread Group 1-99,text,true,,231,158,58,58,http://localhost:8079/?token=518499913&user=-1355070315&config=3,4979,0,0
1778791442898,4979,HTTP Request,200,OK,Thread Group 1-41,text,true,,231,158,58,58,http://localhost:8079/?token=518499913&user=-1355070315&config=3,4979,0,0
1778791442898,4979,HTTP Request,200,OK,Thread Group 1-46,text,true,,231,158,58,58,http://localhost:8079/?token=518499913&user=-1355070315&config=3,4979,0,0
1778791442898,4979,HTTP Request,200,OK,Thread Group 1-64,text,true,,231,158,57,57,http://localhost:8079/?token=518499913&user=-1355070315&config=3,4979,0,0
1778791442899,4978,HTTP Request,200,OK,Thread Group 1-35,text,true,,231,158,57,57,http://localhost:8079/?token=518499913&user=-1355070315&config=3,4978,0,0
1778791442898,4979,HTTP Request,200,OK,Thread Group 1-7,text,true,,231,158,57,57,http://localhost:8079/?token=518499913&user=-1355070315&config=3,4979,0,0
1778791442899,4978,HTTP Request,200,OK,Thread Group 1-69,text,true,,231,158,57,57,http://localhost:8079/?token=518499913&user=-1355070315&config=3,4978,0,0
1778791441405,6472,HTTP Request,200,OK,Thread Group 1-27,text,true,,231,158,56,56,http://localhost:8079/?token=518499913&user=-1355070315&config=3,6472,0,0
1778791444756,3122,HTTP Request,200,OK,Thread Group 1-74,text,true,,231,158,42,42,http://localhost:8079/?token=518499913&user=-1355070315&config=3,3122,0,0
1778791444764,3299,HTTP Request,200,OK,Thread Group 1-11,text,true,,231,158,22,22,http://localhost:8079/?token=518499913&user=-1355070315&config=3,3299,0,0
1778791444763,3300,HTTP Request,200,OK,Thread Group 1-5,text,true,,231,158,22,22,http://localhost:8079/?token=518499913&user=-1355070315&config=3,3300,0,0
1778791444763,3301,HTTP Request,200,OK,Thread Group 1-63,text,true,,231,158,22,22,http://localhost:8079/?token=518499913&user=-1355070315&config=3,3301,0,0
1778791444764,3300,HTTP Request,200,OK,Thread Group 1-71,text,true,,231,158,22,22,http://localhost:8079/?token=518499913&user=-1355070315&config=3,3300,0,0
1778791444764,3301,HTTP Request,200,OK,Thread Group 1-67,text,true,,231,158,22,22,http://localhost:8079/?token=518499913&user=-1355070315&config=3,3301,0,0
1778791444764,3302,HTTP Request,200,OK,Thread Group 1-10,text,true,,231,158,22,22,http://localhost:8079/?token=518499913&user=-1355070315&config=3,3302,0,0
1778791444775,3322,HTTP Request,200,OK,Thread Group 1-34,text,true,,231,158,16,16,http://localhost:8079/?token=518499913&user=-1355070315&config=3,3322,0,0
1778791444775,3322,HTTP Request,200,OK,Thread Group 1-38,text,true,,231,158,16,16,http://localhost:8079/?token=518499913&user=-1355070315&config=3,3322,0,0
1778791444764,3333,HTTP Request,200,OK,Thread Group 1-75,text,true,,231,158,16,16,http://localhost:8079/?token=518499913&user=-1355070315&config=3,3333,0,0
1778791444764,3333,HTTP Request,200,OK,Thread Group 1-18,text,true,,231,158,16,16,http://localhost:8079/?token=518499913&user=-1355070315&config=3,3333,0,0
1778791444775,3322,HTTP Request,200,OK,Thread Group 1-52,text,true,,231,158,16,16,http://localhost:8079/?token=518499913&user=-1355070315&config=3,3322,0,0
1778791444764,3350,HTTP Request,200,OK,Thread Group 1-80,text,true,,231,158,11,11,http://localhost:8079/?token=518499913&user=-1355070315&config=3,3350,0,0
1778791444765,3370,HTTP Request,200,OK,Thread Group 1-92,text,true,,231,158,10,10,http://localhost:8079/?token=518499913&user=-1355070315&config=3,3370,0,0
1778791444765,3385,HTTP Request,200,OK,Thread Group 1-57,text,true,,231,158,9,9,http://localhost:8079/?token=518499913&user=-1355070315&config=3,3385,0,0
1778791444767,3398,HTTP Request,200,OK,Thread Group 1-36,text,true,,231,158,8,8,http://localhost:8079/?token=518499913&user=-1355070315&config=3,3398,0,0
1778791444763,3416,HTTP Request,200,OK,Thread Group 1-13,text,true,,231,158,7,7,http://localhost:8079/?token=518499913&user=-1355070315&config=3,3416,0,0
1778791444762,3431,HTTP Request,200,OK,Thread Group 1-73,text,true,,231,158,6,6,http://localhost:8079/?token=518499913&user=-1355070315&config=3,3431,0,0
1778791444766,3445,HTTP Request,200,OK,Thread Group 1-23,text,true,,231,158,5,5,http://localhost:8079/?token=518499913&user=-1355070315&config=3,3445,0,0
1778791444766,3458,HTTP Request,200,OK,Thread Group 1-20,text,true,,231,158,4,4,http://localhost:8079/?token=518499913&user=-1355070315&config=3,3458,0,0
1778791444766,3485,HTTP Request,200,OK,Thread Group 1-84,text,true,,231,158,3,3,http://localhost:8079/?token=518499913&user=-1355070315&config=3,3485,0,0
1778791444763,3626,HTTP Request,200,OK,Thread Group 1-29,text,true,,231,158,2,2,http://localhost:8079/?token=518499913&user=-1355070315&config=3,3626,0,7
1778791444765,3668,HTTP Request,200,OK,Thread Group 1-86,text,true,,231,158,1,1,http://localhost:8079/?token=518499913&user=-1355070315&config=3,3668,0,5
